asset_id,symbol,name_cn,asset_type,subtype,exchange_code,exchange_name,country,currency,contract_month_rule,contract_rule_code,contract_rule_desc_cn,contract_rule_params,listed_contract_count_rule,expiry_rule,expiry_rule_code,last_trading_day_rule,delivery_day_rule,exercise_rule,exercise_type,settlement_type,contract_multiplier,contract_unit,tick_size,quote_unit,price_limit_rule,margin_rule,trading_hours,night_trading,position_limit_rule,delivery_rule,rule_parseable,data_source_1,data_source_2,source_status,update_date,notes,observed_delivery_months,sample_last_ddate,official_source_name,official_source_url,review_status,review_notes,akshare_update_time,special_review_flag,special_review_reason,final_rule_status,static_rule_missing_fields
FUT_CFFEX_IC,IC,中证500股指期货,FUTURE,INDEX_FUTURE,CFFEX,中国金融期货交易所,CN,CNY,当月、下月及随后两个季月,CURRENT_NEXT_TWO_QUARTER,当月、下月及随后两个季月,current=1;next=1;quarter=2,4个合约月份,NA_NOT_APPLICABLE,NA_NOT_APPLICABLE,合约到期月份的第三个周五，遇国家法定假日顺延,同最后交易日,NA_NOT_APPLICABLE,NA_NOT_APPLICABLE,现金交割,200,指数点,0.2点,指数点,上一交易日结算价的±10%,CHECK_DYNAMIC_BY_EXCHANGE_NOTICE,9:30-11:30;13:00-15:00,N,CHECK_DYNAMIC_BY_EXCHANGE_NOTICE,现金交割,Y,Tushare,ExchangeOfficialWebsite,OFFICIAL_REVIEWED,2026-05-22,由 futures_master 自动生成交易规则详情表骨架，规则字段后续需根据交易所官网或人工规则表补充。 | auto_filled_from_tushare: trading_hours/observed_delivery_months/sample_last_ddate | manual_official_rule: 已根据中金所中证500股指期货合约表补充,"1,2,3,4,5,6,7,8,9,10,11,12",20261218,中国金融期货交易所官网,https://www.cffex.com.cn/cn/zz500.html,DONE,,2026-05-22 12:38:28,N,,OFFICIAL_COMPLETE,
FUT_CFFEX_IF,IF,沪深300股指期货,FUTURE,INDEX_FUTURE,CFFEX,中国金融期货交易所,CN,CNY,当月、下月及随后两个季月,CURRENT_NEXT_TWO_QUARTER,当月、下月及随后两个季月,current=1;next=1;quarter=2,4个合约月份,NA_NOT_APPLICABLE,NA_NOT_APPLICABLE,合约到期月份的第三个周五，遇国家法定假日顺延,同最后交易日,NA_NOT_APPLICABLE,NA_NOT_APPLICABLE,现金交割,300,指数点,0.2点,指数点,上一交易日结算价的±10%,CHECK_DYNAMIC_BY_EXCHANGE_NOTICE,9:30-11:30;13:00-15:00,N,CHECK_DYNAMIC_BY_EXCHANGE_NOTICE,现金交割,Y,Tushare,ExchangeOfficialWebsite,OFFICIAL_REVIEWED,2026-05-22,由 futures_master 自动生成交易规则详情表骨架，规则字段后续需根据交易所官网或人工规则表补充。 | auto_filled_from_tushare: trading_hours/observed_delivery_months/sample_last_ddate | manual_official_rule: 已根据中金所沪深300股指期货合约表补充,"1,2,3,4,5,6,7,8,9,10,11,12",20261218,中国金融期货交易所官网,https://www.cffex.com.cn/cn/hs300.html,DONE,,2026-05-22 12:38:28,N,,OFFICIAL_COMPLETE,
FUT_CFFEX_IH,IH,上证50股指期货,FUTURE,INDEX_FUTURE,CFFEX,中国金融期货交易所,CN,CNY,当月、下月及随后两个季月,CURRENT_NEXT_TWO_QUARTER,当月、下月及随后两个季月,current=1;next=1;quarter=2,4个合约月份,NA_NOT_APPLICABLE,NA_NOT_APPLICABLE,合约到期月份的第三个周五，遇国家法定假日顺延,同最后交易日,NA_NOT_APPLICABLE,NA_NOT_APPLICABLE,现金交割,300,指数点,0.2点,指数点,上一交易日结算价的±10%,CHECK_DYNAMIC_BY_EXCHANGE_NOTICE,9:30-11:30;13:00-15:00,N,CHECK_DYNAMIC_BY_EXCHANGE_NOTICE,现金交割,Y,Tushare,ExchangeOfficialWebsite,OFFICIAL_REVIEWED,2026-05-22,由 futures_master 自动生成交易规则详情表骨架，规则字段后续需根据交易所官网或人工规则表补充。 | auto_filled_from_tushare: trading_hours/observed_delivery_months/sample_last_ddate | manual_official_rule: 已根据中金所上证50股指期货合约表补充,"1,2,3,4,5,6,7,8,9,10,11,12",20261218,中国金融期货交易所官网,https://www.cffex.com.cn/cn/sz50gzqh.html,DONE,,2026-05-22 12:38:28,N,,OFFICIAL_COMPLETE,
FUT_CFFEX_IM,IM,中证1000股指期货,FUTURE,INDEX_FUTURE,CFFEX,中国金融期货交易所,CN,CNY,当月、下月及随后两个季月,CURRENT_NEXT_TWO_QUARTER,当月、下月及随后两个季月,current=1;next=1;quarter=2,4个合约月份,NA_NOT_APPLICABLE,NA_NOT_APPLICABLE,合约到期月份的第三个周五，遇国家法定假日顺延,同最后交易日,NA_NOT_APPLICABLE,NA_NOT_APPLICABLE,现金交割,200,指数点,0.2点,指数点,上一交易日结算价的±10%,CHECK_DYNAMIC_BY_EXCHANGE_NOTICE,9:30-11:30;13:00-15:00,N,CHECK_DYNAMIC_BY_EXCHANGE_NOTICE,现金交割,Y,Tushare,ExchangeOfficialWebsite,OFFICIAL_REVIEWED,2026-05-22,由 futures_master 自动生成交易规则详情表骨架，规则字段后续需根据交易所官网或人工规则表补充。 | auto_filled_from_tushare: trading_hours/observed_delivery_months/sample_last_ddate | manual_official_rule: 已根据中金所中证1000股指期货合约表补充,"1,2,3,4,5,6,7,8,9,10,11,12",20261218,中国金融期货交易所官网,https://www.cffex.com.cn/cn/zz1000.html,DONE,,2026-05-22 12:38:28,N,,OFFICIAL_COMPLETE,
FUT_CFFEX_T,T,10年期国债期货,FUTURE,TREASURY_FUTURE,CFFEX,中国金融期货交易所,CN,CNY,最近的三个季月,THREE_QUARTER_MONTHS,最近的三个季月（3月、6月、9月、12月中的最近三个月循环）,quarter=3,最近三个季月,NA_NOT_APPLICABLE,NA_NOT_APPLICABLE,合约到期月份的第二个星期五,最后交易日后的第三个交易日,NA_NOT_APPLICABLE,NA_NOT_APPLICABLE,实物交割,10000,名义长期国债,0.005元,百元净价报价,CHECK_DYNAMIC_BY_EXCHANGE_NOTICE,CHECK_DYNAMIC_BY_EXCHANGE_NOTICE,9:30-11:30;13:00-15:15,N,CHECK_DYNAMIC_BY_EXCHANGE_NOTICE,实物交割,Y,Tushare,ExchangeOfficialWebsite,OFFICIAL_REVIEWED,2026-05-22,由 futures_master 自动生成交易规则详情表骨架，规则字段后续需根据交易所官网或人工规则表补充。 | auto_filled_from_tushare: trading_hours/observed_delivery_months/sample_last_ddate | manual_official_rule: 已根据中金所10年期国债期货合约表补充,"3,6,9,12",20261216,中国金融期货交易所官网,https://www.cffex.com.cn/cn/10t.html,DONE,,2026-05-22 12:38:28,N,,OFFICIAL_COMPLETE,
FUT_CFFEX_TF,TF,5年期国债期货,FUTURE,TREASURY_FUTURE,CFFEX,中国金融期货交易所,CN,CNY,最近的三个季月,THREE_QUARTER_MONTHS,最近的三个季月（3月、6月、9月、12月中的最近三个月循环）,quarter=3,最近三个季月,NA_NOT_APPLICABLE,NA_NOT_APPLICABLE,合约到期月份的第二个星期五,最后交易日后的第三个交易日,NA_NOT_APPLICABLE,NA_NOT_APPLICABLE,实物交割,10000,名义中期国债,0.005元,百元净价报价,CHECK_DYNAMIC_BY_EXCHANGE_NOTICE,CHECK_DYNAMIC_BY_EXCHANGE_NOTICE,9:30-11:30;13:00-15:15,N,CHECK_DYNAMIC_BY_EXCHANGE_NOTICE,实物交割,Y,Tushare,ExchangeOfficialWebsite,OFFICIAL_REVIEWED,2026-05-22,由 futures_master 自动生成交易规则详情表骨架，规则字段后续需根据交易所官网或人工规则表补充。 | auto_filled_from_tushare: trading_hours/observed_delivery_months/sample_last_ddate | manual_official_rule: 已根据中金所5年期国债期货合约表补充,"3,6,9,12",20261216,中国金融期货交易所官网,https://www.cffex.com.cn/cn/5tf.html,DONE,,2026-05-22 12:38:28,N,,OFFICIAL_COMPLETE,
FUT_CFFEX_TL,TL,30年期国债期货,FUTURE,TREASURY_FUTURE,CFFEX,中国金融期货交易所,CN,CNY,最近的三个季月,THREE_QUARTER_MONTHS,最近的三个季月（3月、6月、9月、12月中的最近三个月循环）,quarter=3,最近三个季月,NA_NOT_APPLICABLE,NA_NOT_APPLICABLE,合约到期月份的第二个星期五,最后交易日后的第三个交易日,NA_NOT_APPLICABLE,NA_NOT_APPLICABLE,实物交割,10000,名义超长期国债,0.01元,百元净价报价,CHECK_DYNAMIC_BY_EXCHANGE_NOTICE,CHECK_DYNAMIC_BY_EXCHANGE_NOTICE,9:30-11:30;13:00-15:15,N,CHECK_DYNAMIC_BY_EXCHANGE_NOTICE,实物交割,Y,Tushare,ExchangeOfficialWebsite,OFFICIAL_REVIEWED,2026-05-22,由 futures_master 自动生成交易规则详情表骨架，规则字段后续需根据交易所官网或人工规则表补充。 | auto_filled_from_tushare: trading_hours/observed_delivery_months/sample_last_ddate | manual_official_rule: 已根据中金所30年期国债期货合约表补充,"3,6,9,12",20261216,中国金融期货交易所官网,https://www.cffex.com.cn/cn/30tl.html,DONE,,2026-05-22 12:38:28,N,,OFFICIAL_COMPLETE,
FUT_CFFEX_TS,TS,2年期国债期货,FUTURE,TREASURY_FUTURE,CFFEX,中国金融期货交易所,CN,CNY,最近的三个季月,THREE_QUARTER_MONTHS,最近的三个季月（3月、6月、9月、12月中的最近三个月循环）,quarter=3,最近三个季月,NA_NOT_APPLICABLE,NA_NOT_APPLICABLE,合约到期月份的第二个星期五,最后交易日后的第三个交易日,NA_NOT_APPLICABLE,NA_NOT_APPLICABLE,实物交割,20000,名义中短期国债,0.002元,百元净价报价,CHECK_DYNAMIC_BY_EXCHANGE_NOTICE,CHECK_DYNAMIC_BY_EXCHANGE_NOTICE,9:30-11:30;13:00-15:15,N,CHECK_DYNAMIC_BY_EXCHANGE_NOTICE,实物交割,Y,Tushare,ExchangeOfficialWebsite,OFFICIAL_REVIEWED,2026-05-22,由 futures_master 自动生成交易规则详情表骨架，规则字段后续需根据交易所官网或人工规则表补充。 | auto_filled_from_tushare: trading_hours/observed_delivery_months/sample_last_ddate | manual_official_rule: 已根据中金所2年期国债期货合约表补充,"3,6,9,12",20261216,中国金融期货交易所官网,https://www.cffex.com.cn/cn/2ts.html,DONE,,2026-05-22 12:38:28,N,,OFFICIAL_COMPLETE,
FUT_CZCE_AP,AP,苹果,FUTURE,COMMODITY_FUTURE,CZCE,郑州商品交易所,CN,CNY,"1,3,4,5,7,10,11,12",INFERRED_FIXED_MONTHS,根据已上市合约观察到的固定月份组合,"months=1,3,4,5,7,10,11,12",根据已上市合约月份推断，需复核,NA_NOT_APPLICABLE,NA_NOT_APPLICABLE,CHECK,CHECK,NA_NOT_APPLICABLE,NA_NOT_APPLICABLE,CHECK,10,吨,1.0,人民币元/吨,CHECK_DYNAMIC_BY_EXCHANGE_NOTICE,AKShare/OpenCTP margin_rate_long=0.09; margin_rate_short=0.09; update_time=2026-05-22 12:38:28,周一至周五(北京时间法定节假日除外)上午9:00-11:30下午13:30-15:00及交易所规定的其他时间,CHECK,CHECK_DYNAMIC_BY_EXCHANGE_NOTICE,CHECK,N,Tushare,ExchangeOfficialWebsite,INFERRED_FROM_TUSHARE_LISTED_CONTRACTS_NEED_REVIEW,2026-05-22,"由 futures_master 自动生成交易规则详情表骨架，规则字段后续需根据交易所官网或人工规则表补充。 | auto_filled_from_tushare: trading_hours/observed_delivery_months/sample_last_ddate | akshare_openctp_fill: filled contract_multiplier/tick_size/margin_rule, need review | inferred_contract_month_rule_from_tushare_observed_delivery_months: need review","1,3,4,5,7,10,11,12",20270519,,,,,2026-05-22 12:38:28,N,,INFERRED_NEED_REVIEW,last_trading_day_rule;settlement_type;delivery_rule
FUT_CZCE_CF,CF,郑棉,FUTURE,COMMODITY_FUTURE,CZCE,郑州商品交易所,CN,CNY,"1,3,4,5,6,7,8,9,10,11,12",INFERRED_FIXED_MONTHS,根据已上市合约观察到的固定月份组合,"months=1,3,4,5,6,7,8,9,10,11,12",根据已上市合约月份推断，需复核,NA_NOT_APPLICABLE,NA_NOT_APPLICABLE,CHECK,CHECK,NA_NOT_APPLICABLE,NA_NOT_APPLICABLE,CHECK,5,吨,5.0,人民币元/吨,CHECK_DYNAMIC_BY_EXCHANGE_NOTICE,AKShare/OpenCTP margin_rate_long=0.07; margin_rate_short=0.07; update_time=2026-05-22 12:38:28,"上午9:00-11:30,下午13:30-15:00,下午21:00-23:00(夜盘)",CHECK,CHECK_DYNAMIC_BY_EXCHANGE_NOTICE,CHECK,N,Tushare,ExchangeOfficialWebsite,INFERRED_FROM_TUSHARE_LISTED_CONTRACTS_NEED_REVIEW,2026-05-22,"由 futures_master 自动生成交易规则详情表骨架，规则字段后续需根据交易所官网或人工规则表补充。 | auto_filled_from_tushare: trading_hours/observed_delivery_months/sample_last_ddate | akshare_openctp_fill: filled contract_multiplier/tick_size/margin_rule, need review | inferred_contract_month_rule_from_tushare_observed_delivery_months: need review","1,3,4,5,6,7,8,9,10,11,12",20270519,,,,,2026-05-22 12:38:28,N,,INFERRED_NEED_REVIEW,last_trading_day_rule;settlement_type;delivery_rule
FUT_CZCE_CJ,CJ,红枣,FUTURE,COMMODITY_FUTURE,CZCE,郑州商品交易所,CN,CNY,"1,3,5,7,9,12",INFERRED_FIXED_MONTHS,根据已上市合约观察到的固定月份组合,"months=1,3,5,7,9,12",根据已上市合约月份推断，需复核,NA_NOT_APPLICABLE,NA_NOT_APPLICABLE,CHECK,CHECK,NA_NOT_APPLICABLE,NA_NOT_APPLICABLE,CHECK,5,吨,5.0,人民币元/吨,CHECK_DYNAMIC_BY_EXCHANGE_NOTICE,AKShare/OpenCTP margin_rate_long=0.08; margin_rate_short=0.08; update_time=2026-05-22 12:38:28,"上午9:00-11:30,下午13:30-15:00,以及交易所规定的其他时间",CHECK,CHECK_DYNAMIC_BY_EXCHANGE_NOTICE,CHECK,N,Tushare,ExchangeOfficialWebsite,INFERRED_FROM_TUSHARE_LISTED_CONTRACTS_NEED_REVIEW,2026-05-22,"由 futures_master 自动生成交易规则详情表骨架，规则字段后续需根据交易所官网或人工规则表补充。 | auto_filled_from_tushare: trading_hours/observed_delivery_months/sample_last_ddate | akshare_openctp_fill: filled contract_multiplier/tick_size/margin_rule, need review | inferred_contract_month_rule_from_tushare_observed_delivery_months: need review","1,3,5,7,9,12",20270519,,,,,2026-05-22 12:38:28,N,,INFERRED_NEED_REVIEW,last_trading_day_rule;settlement_type;delivery_rule
FUT_CZCE_CY,CY,棉纱,FUTURE,COMMODITY_FUTURE,CZCE,郑州商品交易所,CN,CNY,1-12月,CONTINUOUS_12_MONTHS,连续12个月,"months=1,2,3,4,5,6,7,8,9,10,11,12",连续12个月,NA_NOT_APPLICABLE,NA_NOT_APPLICABLE,CHECK,CHECK,NA_NOT_APPLICABLE,NA_NOT_APPLICABLE,CHECK,5,吨,5.0,人民币元/吨,CHECK_DYNAMIC_BY_EXCHANGE_NOTICE,AKShare/OpenCTP margin_rate_long=0.15; margin_rate_short=0.15; update_time=2026-05-22 12:38:28,"上午9:00-11:30,下午13:30-15:00,下午21:00-23:00(夜盘)",CHECK,CHECK_DYNAMIC_BY_EXCHANGE_NOTICE,CHECK,N,Tushare,ExchangeOfficialWebsite,INFERRED_FROM_TUSHARE_LISTED_CONTRACTS_NEED_REVIEW,2026-05-22,"由 futures_master 自动生成交易规则详情表骨架，规则字段后续需根据交易所官网或人工规则表补充。 | auto_filled_from_tushare: trading_hours/observed_delivery_months/sample_last_ddate | akshare_openctp_fill: filled contract_multiplier/tick_size/margin_rule, need review | inferred_contract_month_rule_from_tushare_observed_delivery_months: need review","1,2,3,4,5,6,7,8,9,10,11,12",20270519,,,,,2026-05-22 12:38:28,N,,INFERRED_NEED_REVIEW,last_trading_day_rule;settlement_type;delivery_rule
FUT_CZCE_ER,ER,早籼稻,FUTURE,COMMODITY_FUTURE,CZCE,郑州商品交易所,CN,CNY,1、3、5、7、9、11月,ODD_MONTHS,基数月,"months=1,3,5,7,9,11",基数月合约,NA_NOT_APPLICABLE,NA_NOT_APPLICABLE,CHECK,CHECK,NA_NOT_APPLICABLE,NA_NOT_APPLICABLE,CHECK,TODO,吨,TODO,人民币元/吨,CHECK_DYNAMIC_BY_EXCHANGE_NOTICE,CHECK_DYNAMIC_BY_EXCHANGE_NOTICE,"每周一至周五(北京时间法定节假日除外)上午9:00-11:30,下午1:30-3:00",CHECK,CHECK_DYNAMIC_BY_EXCHANGE_NOTICE,CHECK,N,Tushare,ExchangeOfficialWebsite,INFERRED_FROM_TUSHARE_LISTED_CONTRACTS_NEED_REVIEW,2026-05-22,由 futures_master 自动生成交易规则详情表骨架，规则字段后续需根据交易所官网或人工规则表补充。 | auto_filled_from_tushare: trading_hours/observed_delivery_months/sample_last_ddate | inferred_contract_month_rule_from_tushare_observed_delivery_months: need review,"1,3,5,7,9,11",20130527,,,,,,Y,SPECIAL_OR_INACTIVE_OR_NON_STANDARD_CONTRACT_NEED_REVIEW,SPECIAL_OR_INACTIVE_NEED_REVIEW,tick_size;last_trading_day_rule;settlement_type;delivery_rule
FUT_CZCE_FG,FG,玻璃,FUTURE,COMMODITY_FUTURE,CZCE,郑州商品交易所,CN,CNY,1-12月,CONTINUOUS_12_MONTHS,连续12个月,"months=1,2,3,4,5,6,7,8,9,10,11,12",连续12个月,NA_NOT_APPLICABLE,NA_NOT_APPLICABLE,CHECK,CHECK,NA_NOT_APPLICABLE,NA_NOT_APPLICABLE,CHECK,20,吨,1.0,人民币元/吨,CHECK_DYNAMIC_BY_EXCHANGE_NOTICE,AKShare/OpenCTP margin_rate_long=0.1; margin_rate_short=0.1; update_time=2026-05-22 12:38:28,"上午9:00-11:30,下午13:30-15:00,下午21:00-23:00(夜盘)",CHECK,CHECK_DYNAMIC_BY_EXCHANGE_NOTICE,CHECK,N,Tushare,ExchangeOfficialWebsite,INFERRED_FROM_TUSHARE_LISTED_CONTRACTS_NEED_REVIEW,2026-05-22,"由 futures_master 自动生成交易规则详情表骨架，规则字段后续需根据交易所官网或人工规则表补充。 | auto_filled_from_tushare: trading_hours/observed_delivery_months/sample_last_ddate | akshare_openctp_fill: filled contract_multiplier/tick_size/margin_rule, need review | inferred_contract_month_rule_from_tushare_observed_delivery_months: need review","1,2,3,4,5,6,7,8,9,10,11,12",20270519,,,,,2026-05-22 12:38:28,N,,INFERRED_NEED_REVIEW,last_trading_day_rule;settlement_type;delivery_rule
FUT_CZCE_JR,JR,粳稻,FUTURE,COMMODITY_FUTURE,CZCE,郑州商品交易所,CN,CNY,1、3、5、7、9、11月,ODD_MONTHS,基数月,"months=1,3,5,7,9,11",基数月合约,NA_NOT_APPLICABLE,NA_NOT_APPLICABLE,CHECK,CHECK,NA_NOT_APPLICABLE,NA_NOT_APPLICABLE,CHECK,20,吨,1.0,人民币元/吨,CHECK_DYNAMIC_BY_EXCHANGE_NOTICE,AKShare/OpenCTP margin_rate_long=0.25; margin_rate_short=0.25; update_time=2026-05-22 12:38:28,"上午9:00-11:30,下午13:30-15:00,以及交易所规定的其他时间",CHECK,CHECK_DYNAMIC_BY_EXCHANGE_NOTICE,CHECK,N,Tushare,ExchangeOfficialWebsite,INFERRED_FROM_TUSHARE_LISTED_CONTRACTS_NEED_REVIEW,2026-05-22,"由 futures_master 自动生成交易规则详情表骨架，规则字段后续需根据交易所官网或人工规则表补充。 | auto_filled_from_tushare: trading_hours/observed_delivery_months/sample_last_ddate | akshare_openctp_fill: filled contract_multiplier/tick_size/margin_rule, need review | inferred_contract_month_rule_from_tushare_observed_delivery_months: need review","1,3,5,7,9,11",20270519,,,,,2026-05-22 12:38:28,N,,INFERRED_NEED_REVIEW,last_trading_day_rule;settlement_type;delivery_rule
FUT_CZCE_LR,LR,晚籼稻,FUTURE,COMMODITY_FUTURE,CZCE,郑州商品交易所,CN,CNY,1、3、5、7、9、11月,ODD_MONTHS,基数月,"months=1,3,5,7,9,11",基数月合约,NA_NOT_APPLICABLE,NA_NOT_APPLICABLE,CHECK,CHECK,NA_NOT_APPLICABLE,NA_NOT_APPLICABLE,CHECK,TODO,吨,TODO,人民币元/吨,CHECK_DYNAMIC_BY_EXCHANGE_NOTICE,CHECK_DYNAMIC_BY_EXCHANGE_NOTICE,上午9:00-11:30，下午13:30-15:00，以及交易所规定的其他时间,CHECK,CHECK_DYNAMIC_BY_EXCHANGE_NOTICE,CHECK,N,Tushare,ExchangeOfficialWebsite,INFERRED_FROM_TUSHARE_LISTED_CONTRACTS_NEED_REVIEW,2026-05-22,由 futures_master 自动生成交易规则详情表骨架，规则字段后续需根据交易所官网或人工规则表补充。 | auto_filled_from_tushare: trading_hours/observed_delivery_months/sample_last_ddate | inferred_contract_month_rule_from_tushare_observed_delivery_months: need review,"1,3,5,7,9,11",20260121,,,,,,Y,SPECIAL_OR_INACTIVE_OR_NON_STANDARD_CONTRACT_NEED_REVIEW,SPECIAL_OR_INACTIVE_NEED_REVIEW,tick_size;last_trading_day_rule;settlement_type;delivery_rule
FUT_CZCE_MA,MA,甲醇,FUTURE,COMMODITY_FUTURE,CZCE,郑州商品交易所,CN,CNY,1-12月,CONTINUOUS_12_MONTHS,连续12个月,"months=1,2,3,4,5,6,7,8,9,10,11,12",连续12个月,NA_NOT_APPLICABLE,NA_NOT_APPLICABLE,CHECK,CHECK,NA_NOT_APPLICABLE,NA_NOT_APPLICABLE,CHECK,10,吨,1.0,人民币元/吨,CHECK_DYNAMIC_BY_EXCHANGE_NOTICE,AKShare/OpenCTP margin_rate_long=0.07; margin_rate_short=0.07; update_time=2026-05-22 12:38:28,"上午9:00-11:30,下午13:30-15:00,下午21:00-23:00(夜盘)",CHECK,CHECK_DYNAMIC_BY_EXCHANGE_NOTICE,CHECK,N,Tushare,ExchangeOfficialWebsite,INFERRED_FROM_TUSHARE_LISTED_CONTRACTS_NEED_REVIEW,2026-05-22,"由 futures_master 自动生成交易规则详情表骨架，规则字段后续需根据交易所官网或人工规则表补充。 | auto_filled_from_tushare: trading_hours/observed_delivery_months/sample_last_ddate | akshare_openctp_fill: filled contract_multiplier/tick_size/margin_rule, need review | inferred_contract_month_rule_from_tushare_observed_delivery_months: need review","1,2,3,4,5,6,7,8,9,10,11,12",20270519,,,,,2026-05-22 12:38:28,N,,INFERRED_NEED_REVIEW,last_trading_day_rule;settlement_type;delivery_rule
FUT_CZCE_ME,ME,甲醇,FUTURE,COMMODITY_FUTURE,CZCE,郑州商品交易所,CN,CNY,1-12月,CONTINUOUS_12_MONTHS,连续12个月,"months=1,2,3,4,5,6,7,8,9,10,11,12",连续12个月,NA_NOT_APPLICABLE,NA_NOT_APPLICABLE,CHECK,CHECK,NA_NOT_APPLICABLE,NA_NOT_APPLICABLE,CHECK,TODO,吨,TODO,人民币元/吨,CHECK_DYNAMIC_BY_EXCHANGE_NOTICE,CHECK_DYNAMIC_BY_EXCHANGE_NOTICE,每周一至周五（北京时间法定节假日除外）上午9:00-11:30，下午1:30-3:00及交易所规定的其他交易时间,CHECK,CHECK_DYNAMIC_BY_EXCHANGE_NOTICE,CHECK,N,Tushare,ExchangeOfficialWebsite,INFERRED_FROM_TUSHARE_LISTED_CONTRACTS_NEED_REVIEW,2026-05-22,由 futures_master 自动生成交易规则详情表骨架，规则字段后续需根据交易所官网或人工规则表补充。 | auto_filled_from_tushare: trading_hours/observed_delivery_months/sample_last_ddate | inferred_contract_month_rule_from_tushare_observed_delivery_months: need review,"1,2,3,4,5,6,7,8,9,10,11,12",20150519,,,,,,Y,SPECIAL_OR_INACTIVE_OR_NON_STANDARD_CONTRACT_NEED_REVIEW,SPECIAL_OR_INACTIVE_NEED_REVIEW,tick_size;last_trading_day_rule;settlement_type;delivery_rule
FUT_CZCE_OI,OI,菜油,FUTURE,COMMODITY_FUTURE,CZCE,郑州商品交易所,CN,CNY,1、3、5、7、9、11月,ODD_MONTHS,基数月,"months=1,3,5,7,9,11",基数月合约,NA_NOT_APPLICABLE,NA_NOT_APPLICABLE,CHECK,CHECK,NA_NOT_APPLICABLE,NA_NOT_APPLICABLE,CHECK,10,吨,1.0,人民币元/吨,CHECK_DYNAMIC_BY_EXCHANGE_NOTICE,AKShare/OpenCTP margin_rate_long=0.07; margin_rate_short=0.07; update_time=2026-05-22 12:38:28,"上午9:00-11:30 下午13:30-15:00,下午21:00-23:00(夜盘)",CHECK,CHECK_DYNAMIC_BY_EXCHANGE_NOTICE,CHECK,N,Tushare,ExchangeOfficialWebsite,INFERRED_FROM_TUSHARE_LISTED_CONTRACTS_NEED_REVIEW,2026-05-22,"由 futures_master 自动生成交易规则详情表骨架，规则字段后续需根据交易所官网或人工规则表补充。 | auto_filled_from_tushare: trading_hours/observed_delivery_months/sample_last_ddate | akshare_openctp_fill: filled contract_multiplier/tick_size/margin_rule, need review | inferred_contract_month_rule_from_tushare_observed_delivery_months: need review","1,3,5,7,9,11",20270519,,,,,2026-05-22 12:38:28,N,,INFERRED_NEED_REVIEW,last_trading_day_rule;settlement_type;delivery_rule
FUT_CZCE_PF,PF,短纤,FUTURE,COMMODITY_FUTURE,CZCE,郑州商品交易所,CN,CNY,1-12月,CONTINUOUS_12_MONTHS,连续12个月,"months=1,2,3,4,5,6,7,8,9,10,11,12",连续12个月,NA_NOT_APPLICABLE,NA_NOT_APPLICABLE,CHECK,CHECK,NA_NOT_APPLICABLE,NA_NOT_APPLICABLE,CHECK,5,吨,2.0,人民币元/吨,CHECK_DYNAMIC_BY_EXCHANGE_NOTICE,AKShare/OpenCTP margin_rate_long=0.07; margin_rate_short=0.07; update_time=2026-05-22 12:38:28,"每周一至周五,9:00-11:30和13:30-15:00,下午21:00-23:00(夜盘)（北京时间 法定节假日除外）",CHECK,CHECK_DYNAMIC_BY_EXCHANGE_NOTICE,CHECK,N,Tushare,ExchangeOfficialWebsite,INFERRED_FROM_TUSHARE_LISTED_CONTRACTS_NEED_REVIEW,2026-05-22,"由 futures_master 自动生成交易规则详情表骨架，规则字段后续需根据交易所官网或人工规则表补充。 | auto_filled_from_tushare: trading_hours/observed_delivery_months/sample_last_ddate | akshare_openctp_fill: filled contract_multiplier/tick_size/margin_rule, need review | inferred_contract_month_rule_from_tushare_observed_delivery_months: need review","1,2,3,4,5,6,7,8,9,10,11,12",20270519,,,,,2026-05-22 12:38:28,N,,INFERRED_NEED_REVIEW,last_trading_day_rule;settlement_type;delivery_rule
FUT_CZCE_PK,PK,花生,FUTURE,COMMODITY_FUTURE,CZCE,郑州商品交易所,CN,CNY,"1,3,4,5,10,11,12",INFERRED_FIXED_MONTHS,根据已上市合约观察到的固定月份组合,"months=1,3,4,5,10,11,12",根据已上市合约月份推断，需复核,NA_NOT_APPLICABLE,NA_NOT_APPLICABLE,CHECK,CHECK,NA_NOT_APPLICABLE,NA_NOT_APPLICABLE,CHECK,5,吨,2.0,人民币元/吨,CHECK_DYNAMIC_BY_EXCHANGE_NOTICE,AKShare/OpenCTP margin_rate_long=0.07; margin_rate_short=0.07; update_time=2026-05-22 12:38:28,"每周一至周五,9:00-11:30和13:30-15:00（北京时间 法定节假日除外）",CHECK,CHECK_DYNAMIC_BY_EXCHANGE_NOTICE,CHECK,N,Tushare,ExchangeOfficialWebsite,INFERRED_FROM_TUSHARE_LISTED_CONTRACTS_NEED_REVIEW,2026-05-22,"由 futures_master 自动生成交易规则详情表骨架，规则字段后续需根据交易所官网或人工规则表补充。 | auto_filled_from_tushare: trading_hours/observed_delivery_months/sample_last_ddate | akshare_openctp_fill: filled contract_multiplier/tick_size/margin_rule, need review | inferred_contract_month_rule_from_tushare_observed_delivery_months: need review","1,3,4,5,10,11,12",20270519,,,,,2026-05-22 12:38:28,N,,INFERRED_NEED_REVIEW,last_trading_day_rule;settlement_type;delivery_rule
FUT_CZCE_PL,PL,丙烯,FUTURE,COMMODITY_FUTURE,CZCE,郑州商品交易所,CN,CNY,1-12月,CONTINUOUS_12_MONTHS,连续12个月,"months=1,2,3,4,5,6,7,8,9,10,11,12",连续12个月,NA_NOT_APPLICABLE,NA_NOT_APPLICABLE,CHECK,CHECK,NA_NOT_APPLICABLE,NA_NOT_APPLICABLE,CHECK,20,吨,1.0,人民币元/吨,CHECK_DYNAMIC_BY_EXCHANGE_NOTICE,AKShare/OpenCTP margin_rate_long=0.07; margin_rate_short=0.07; update_time=2026-05-22 12:38:28,"上午9:00-11:30,下午13:30-15:00,下午21:00-23:00(夜盘)",CHECK,CHECK_DYNAMIC_BY_EXCHANGE_NOTICE,CHECK,N,Tushare,ExchangeOfficialWebsite,INFERRED_FROM_TUSHARE_LISTED_CONTRACTS_NEED_REVIEW,2026-05-22,"由 futures_master 自动生成交易规则详情表骨架，规则字段后续需根据交易所官网或人工规则表补充。 | auto_filled_from_tushare: trading_hours/observed_delivery_months/sample_last_ddate | akshare_openctp_fill: filled contract_multiplier/tick_size/margin_rule, need review | inferred_contract_month_rule_from_tushare_observed_delivery_months: need review","1,2,3,4,5,6,7,8,9,10,11,12",20270519,,,,,2026-05-22 12:38:28,N,,INFERRED_NEED_REVIEW,last_trading_day_rule;settlement_type;delivery_rule
FUT_CZCE_PM,PM,普麦,FUTURE,COMMODITY_FUTURE,CZCE,郑州商品交易所,CN,CNY,1、3、5、7、9、11月,ODD_MONTHS,基数月,"months=1,3,5,7,9,11",基数月合约,NA_NOT_APPLICABLE,NA_NOT_APPLICABLE,CHECK,CHECK,NA_NOT_APPLICABLE,NA_NOT_APPLICABLE,CHECK,50,吨,1.0,人民币元/吨,CHECK_DYNAMIC_BY_EXCHANGE_NOTICE,AKShare/OpenCTP margin_rate_long=0.4; margin_rate_short=0.4; update_time=2026-05-22 12:38:28,上午9:00-11:30，下午13:30-15:00，以及交易所规定的其他时间,CHECK,CHECK_DYNAMIC_BY_EXCHANGE_NOTICE,CHECK,N,Tushare,ExchangeOfficialWebsite,INFERRED_FROM_TUSHARE_LISTED_CONTRACTS_NEED_REVIEW,2026-05-22,"由 futures_master 自动生成交易规则详情表骨架，规则字段后续需根据交易所官网或人工规则表补充。 | auto_filled_from_tushare: trading_hours/observed_delivery_months/sample_last_ddate | akshare_openctp_fill: filled contract_multiplier/tick_size/margin_rule, need review | inferred_contract_month_rule_from_tushare_observed_delivery_months: need review","1,3,5,7,9,11",20270519,,,,,2026-05-22 12:38:28,N,,INFERRED_NEED_REVIEW,last_trading_day_rule;settlement_type;delivery_rule
FUT_CZCE_PR,PR,瓶片,FUTURE,COMMODITY_FUTURE,CZCE,郑州商品交易所,CN,CNY,1-12月,CONTINUOUS_12_MONTHS,连续12个月,"months=1,2,3,4,5,6,7,8,9,10,11,12",连续12个月,NA_NOT_APPLICABLE,NA_NOT_APPLICABLE,CHECK,CHECK,NA_NOT_APPLICABLE,NA_NOT_APPLICABLE,CHECK,15,吨,2.0,人民币元/吨,CHECK_DYNAMIC_BY_EXCHANGE_NOTICE,AKShare/OpenCTP margin_rate_long=0.07; margin_rate_short=0.07; update_time=2026-05-22 12:38:28,"每周一至周五,9:00-11:30和13:30-15:00,下午21:00-23:00(夜盘)（北京时间 法定节假日除外）",CHECK,CHECK_DYNAMIC_BY_EXCHANGE_NOTICE,CHECK,N,Tushare,ExchangeOfficialWebsite,INFERRED_FROM_TUSHARE_LISTED_CONTRACTS_NEED_REVIEW,2026-05-22,"由 futures_master 自动生成交易规则详情表骨架，规则字段后续需根据交易所官网或人工规则表补充。 | auto_filled_from_tushare: trading_hours/observed_delivery_months/sample_last_ddate | akshare_openctp_fill: filled contract_multiplier/tick_size/margin_rule, need review | inferred_contract_month_rule_from_tushare_observed_delivery_months: need review","1,2,3,4,5,6,7,8,9,10,11,12",20270519,,,,,2026-05-22 12:38:28,N,,INFERRED_NEED_REVIEW,last_trading_day_rule;settlement_type;delivery_rule
FUT_CZCE_PX,PX,对二甲苯,FUTURE,COMMODITY_FUTURE,CZCE,郑州商品交易所,CN,CNY,1-12月,CONTINUOUS_12_MONTHS,连续12个月,"months=1,2,3,4,5,6,7,8,9,10,11,12",连续12个月,NA_NOT_APPLICABLE,NA_NOT_APPLICABLE,CHECK,CHECK,NA_NOT_APPLICABLE,NA_NOT_APPLICABLE,CHECK,5,吨,2.0,人民币元/吨,CHECK_DYNAMIC_BY_EXCHANGE_NOTICE,AKShare/OpenCTP margin_rate_long=0.07; margin_rate_short=0.07; update_time=2026-05-22 12:38:28,"每周一至周五,9:00-11:30和13:30-15:00,下午21:00-23:00(夜盘)（北京时间 法定节假日除外）",CHECK,CHECK_DYNAMIC_BY_EXCHANGE_NOTICE,CHECK,N,Tushare,ExchangeOfficialWebsite,INFERRED_FROM_TUSHARE_LISTED_CONTRACTS_NEED_REVIEW,2026-05-22,"由 futures_master 自动生成交易规则详情表骨架，规则字段后续需根据交易所官网或人工规则表补充。 | auto_filled_from_tushare: trading_hours/observed_delivery_months/sample_last_ddate | akshare_openctp_fill: filled contract_multiplier/tick_size/margin_rule, need review | inferred_contract_month_rule_from_tushare_observed_delivery_months: need review","1,2,3,4,5,6,7,8,9,10,11,12",20270519,,,,,2026-05-22 12:38:28,N,,INFERRED_NEED_REVIEW,last_trading_day_rule;settlement_type;delivery_rule
FUT_CZCE_RI,RI,早籼稻,FUTURE,COMMODITY_FUTURE,CZCE,郑州商品交易所,CN,CNY,1、3、5、7、9、11月,ODD_MONTHS,基数月,"months=1,3,5,7,9,11",基数月合约,NA_NOT_APPLICABLE,NA_NOT_APPLICABLE,CHECK,CHECK,NA_NOT_APPLICABLE,NA_NOT_APPLICABLE,CHECK,20,吨,1.0,人民币元/吨,CHECK_DYNAMIC_BY_EXCHANGE_NOTICE,AKShare/OpenCTP margin_rate_long=0.25; margin_rate_short=0.25; update_time=2026-05-22 12:38:28,上午9:00-11:30，下午13:30-15:00，以及交易所规定的其他时间,CHECK,CHECK_DYNAMIC_BY_EXCHANGE_NOTICE,CHECK,N,Tushare,ExchangeOfficialWebsite,INFERRED_FROM_TUSHARE_LISTED_CONTRACTS_NEED_REVIEW,2026-05-22,"由 futures_master 自动生成交易规则详情表骨架，规则字段后续需根据交易所官网或人工规则表补充。 | auto_filled_from_tushare: trading_hours/observed_delivery_months/sample_last_ddate | akshare_openctp_fill: filled contract_multiplier/tick_size/margin_rule, need review | inferred_contract_month_rule_from_tushare_observed_delivery_months: need review","1,3,5,7,9,11",20270519,,,,,2026-05-22 12:38:28,N,,INFERRED_NEED_REVIEW,last_trading_day_rule;settlement_type;delivery_rule
FUT_CZCE_RM,RM,菜粕,FUTURE,COMMODITY_FUTURE,CZCE,郑州商品交易所,CN,CNY,"1,3,5,7,8,9,11",INFERRED_FIXED_MONTHS,根据已上市合约观察到的固定月份组合,"months=1,3,5,7,8,9,11",根据已上市合约月份推断，需复核,NA_NOT_APPLICABLE,NA_NOT_APPLICABLE,CHECK,CHECK,NA_NOT_APPLICABLE,NA_NOT_APPLICABLE,CHECK,10,吨,1.0,人民币元/吨,CHECK_DYNAMIC_BY_EXCHANGE_NOTICE,AKShare/OpenCTP margin_rate_long=0.07; margin_rate_short=0.07; update_time=2026-05-22 12:38:28,"上午9:00-11:30,下午13:30-15:00,下午21:00-23:00(夜盘)",CHECK,CHECK_DYNAMIC_BY_EXCHANGE_NOTICE,CHECK,N,Tushare,ExchangeOfficialWebsite,INFERRED_FROM_TUSHARE_LISTED_CONTRACTS_NEED_REVIEW,2026-05-22,"由 futures_master 自动生成交易规则详情表骨架，规则字段后续需根据交易所官网或人工规则表补充。 | auto_filled_from_tushare: trading_hours/observed_delivery_months/sample_last_ddate | akshare_openctp_fill: filled contract_multiplier/tick_size/margin_rule, need review | inferred_contract_month_rule_from_tushare_observed_delivery_months: need review","1,3,5,7,8,9,11",20270519,,,,,2026-05-22 12:38:28,N,,INFERRED_NEED_REVIEW,last_trading_day_rule;settlement_type;delivery_rule
FUT_CZCE_RO,RO,菜油,FUTURE,COMMODITY_FUTURE,CZCE,郑州商品交易所,CN,CNY,1、3、5、7、9、11月,ODD_MONTHS,基数月,"months=1,3,5,7,9,11",基数月合约,NA_NOT_APPLICABLE,NA_NOT_APPLICABLE,CHECK,CHECK,NA_NOT_APPLICABLE,NA_NOT_APPLICABLE,CHECK,TODO,吨,TODO,人民币元/吨,CHECK_DYNAMIC_BY_EXCHANGE_NOTICE,CHECK_DYNAMIC_BY_EXCHANGE_NOTICE,"每周一至周五(北京时间法定节假日除外)上午9:00-11:30,下午13:30-15:00",CHECK,CHECK_DYNAMIC_BY_EXCHANGE_NOTICE,CHECK,N,Tushare,ExchangeOfficialWebsite,INFERRED_FROM_TUSHARE_LISTED_CONTRACTS_NEED_REVIEW,2026-05-22,由 futures_master 自动生成交易规则详情表骨架，规则字段后续需根据交易所官网或人工规则表补充。 | auto_filled_from_tushare: trading_hours/observed_delivery_months/sample_last_ddate | inferred_contract_month_rule_from_tushare_observed_delivery_months: need review,"1,3,5,7,9,11",20130517,,,,,,Y,SPECIAL_OR_INACTIVE_OR_NON_STANDARD_CONTRACT_NEED_REVIEW,SPECIAL_OR_INACTIVE_NEED_REVIEW,tick_size;last_trading_day_rule;settlement_type;delivery_rule
FUT_CZCE_RS,RS,菜籽,FUTURE,COMMODITY_FUTURE,CZCE,郑州商品交易所,CN,CNY,"7,8,9,11",INFERRED_FIXED_MONTHS,根据已上市合约观察到的固定月份组合,"months=7,8,9,11",根据已上市合约月份推断，需复核,NA_NOT_APPLICABLE,NA_NOT_APPLICABLE,CHECK,CHECK,NA_NOT_APPLICABLE,NA_NOT_APPLICABLE,CHECK,10,吨,1.0,人民币元/吨,CHECK_DYNAMIC_BY_EXCHANGE_NOTICE,AKShare/OpenCTP margin_rate_long=0.4; margin_rate_short=0.4; update_time=2026-05-22 12:38:28,上午9:00-11:30，下午13:30-15:00，以及交易所规定的其他时间,CHECK,CHECK_DYNAMIC_BY_EXCHANGE_NOTICE,CHECK,N,Tushare,ExchangeOfficialWebsite,INFERRED_FROM_TUSHARE_LISTED_CONTRACTS_NEED_REVIEW,2026-05-22,"由 futures_master 自动生成交易规则详情表骨架，规则字段后续需根据交易所官网或人工规则表补充。 | auto_filled_from_tushare: trading_hours/observed_delivery_months/sample_last_ddate | akshare_openctp_fill: filled contract_multiplier/tick_size/margin_rule, need review | inferred_contract_month_rule_from_tushare_observed_delivery_months: need review","7,8,9,11",20261118,,,,,2026-05-22 12:38:28,N,,INFERRED_NEED_REVIEW,last_trading_day_rule;settlement_type;delivery_rule
FUT_CZCE_SA,SA,纯碱,FUTURE,COMMODITY_FUTURE,CZCE,郑州商品交易所,CN,CNY,1-12月,CONTINUOUS_12_MONTHS,连续12个月,"months=1,2,3,4,5,6,7,8,9,10,11,12",连续12个月,NA_NOT_APPLICABLE,NA_NOT_APPLICABLE,CHECK,CHECK,NA_NOT_APPLICABLE,NA_NOT_APPLICABLE,CHECK,20,吨,1.0,人民币元/吨,CHECK_DYNAMIC_BY_EXCHANGE_NOTICE,AKShare/OpenCTP margin_rate_long=0.09; margin_rate_short=0.09; update_time=2026-05-22 12:38:28,"每周一至周五,9:00-11:30和13:30-15:00,下午21:00-23:00(夜盘)（北京时间 法定节假日除外）",CHECK,CHECK_DYNAMIC_BY_EXCHANGE_NOTICE,CHECK,N,Tushare,ExchangeOfficialWebsite,INFERRED_FROM_TUSHARE_LISTED_CONTRACTS_NEED_REVIEW,2026-05-22,"由 futures_master 自动生成交易规则详情表骨架，规则字段后续需根据交易所官网或人工规则表补充。 | auto_filled_from_tushare: trading_hours/observed_delivery_months/sample_last_ddate | akshare_openctp_fill: filled contract_multiplier/tick_size/margin_rule, need review | inferred_contract_month_rule_from_tushare_observed_delivery_months: need review","1,2,3,4,5,6,7,8,9,10,11,12",20270519,,,,,2026-05-22 12:38:28,N,,INFERRED_NEED_REVIEW,last_trading_day_rule;settlement_type;delivery_rule
FUT_CZCE_SF,SF,硅铁,FUTURE,COMMODITY_FUTURE,CZCE,郑州商品交易所,CN,CNY,1-12月,CONTINUOUS_12_MONTHS,连续12个月,"months=1,2,3,4,5,6,7,8,9,10,11,12",连续12个月,NA_NOT_APPLICABLE,NA_NOT_APPLICABLE,CHECK,CHECK,NA_NOT_APPLICABLE,NA_NOT_APPLICABLE,CHECK,5,吨,2.0,人民币元/吨,CHECK_DYNAMIC_BY_EXCHANGE_NOTICE,AKShare/OpenCTP margin_rate_long=0.08; margin_rate_short=0.08; update_time=2026-05-22 12:38:28,"上午9:00-11:30,下午13:30-15:00,以及交易所规定的其他时间",CHECK,CHECK_DYNAMIC_BY_EXCHANGE_NOTICE,CHECK,N,Tushare,ExchangeOfficialWebsite,INFERRED_FROM_TUSHARE_LISTED_CONTRACTS_NEED_REVIEW,2026-05-22,"由 futures_master 自动生成交易规则详情表骨架，规则字段后续需根据交易所官网或人工规则表补充。 | auto_filled_from_tushare: trading_hours/observed_delivery_months/sample_last_ddate | akshare_openctp_fill: filled contract_multiplier/tick_size/margin_rule, need review | inferred_contract_month_rule_from_tushare_observed_delivery_months: need review","1,2,3,4,5,6,7,8,9,10,11,12",20270519,,,,,2026-05-22 12:38:28,N,,INFERRED_NEED_REVIEW,last_trading_day_rule;settlement_type;delivery_rule
FUT_CZCE_SH,SH,烧碱,FUTURE,COMMODITY_FUTURE,CZCE,郑州商品交易所,CN,CNY,1-12月,CONTINUOUS_12_MONTHS,连续12个月,"months=1,2,3,4,5,6,7,8,9,10,11,12",连续12个月,NA_NOT_APPLICABLE,NA_NOT_APPLICABLE,CHECK,CHECK,NA_NOT_APPLICABLE,NA_NOT_APPLICABLE,CHECK,30,吨,1.0,人民币元/吨,CHECK_DYNAMIC_BY_EXCHANGE_NOTICE,AKShare/OpenCTP margin_rate_long=0.08; margin_rate_short=0.08; update_time=2026-05-22 12:38:28,"每周一至周五,9:00-11:30和13:30-15:00,下午21:00-23:00(夜盘)（北京时间 法定节假日除外）",CHECK,CHECK_DYNAMIC_BY_EXCHANGE_NOTICE,CHECK,N,Tushare,ExchangeOfficialWebsite,INFERRED_FROM_TUSHARE_LISTED_CONTRACTS_NEED_REVIEW,2026-05-22,"由 futures_master 自动生成交易规则详情表骨架，规则字段后续需根据交易所官网或人工规则表补充。 | auto_filled_from_tushare: trading_hours/observed_delivery_months/sample_last_ddate | akshare_openctp_fill: filled contract_multiplier/tick_size/margin_rule, need review | inferred_contract_month_rule_from_tushare_observed_delivery_months: need review","1,2,3,4,5,6,7,8,9,10,11,12",20270519,,,,,2026-05-22 12:38:28,N,,INFERRED_NEED_REVIEW,last_trading_day_rule;settlement_type;delivery_rule
FUT_CZCE_SM,SM,锰硅,FUTURE,COMMODITY_FUTURE,CZCE,郑州商品交易所,CN,CNY,1-12月,CONTINUOUS_12_MONTHS,连续12个月,"months=1,2,3,4,5,6,7,8,9,10,11,12",连续12个月,NA_NOT_APPLICABLE,NA_NOT_APPLICABLE,CHECK,CHECK,NA_NOT_APPLICABLE,NA_NOT_APPLICABLE,CHECK,5,吨,2.0,人民币元/吨,CHECK_DYNAMIC_BY_EXCHANGE_NOTICE,AKShare/OpenCTP margin_rate_long=0.08; margin_rate_short=0.08; update_time=2026-05-22 12:38:28,"上午9:00-11:30,下午13:30-15:00,以及交易所规定的其他时间",CHECK,CHECK_DYNAMIC_BY_EXCHANGE_NOTICE,CHECK,N,Tushare,ExchangeOfficialWebsite,INFERRED_FROM_TUSHARE_LISTED_CONTRACTS_NEED_REVIEW,2026-05-22,"由 futures_master 自动生成交易规则详情表骨架，规则字段后续需根据交易所官网或人工规则表补充。 | auto_filled_from_tushare: trading_hours/observed_delivery_months/sample_last_ddate | akshare_openctp_fill: filled contract_multiplier/tick_size/margin_rule, need review | inferred_contract_month_rule_from_tushare_observed_delivery_months: need review","1,2,3,4,5,6,7,8,9,10,11,12",20270519,,,,,2026-05-22 12:38:28,N,,INFERRED_NEED_REVIEW,last_trading_day_rule;settlement_type;delivery_rule
FUT_CZCE_SR,SR,白糖,FUTURE,COMMODITY_FUTURE,CZCE,郑州商品交易所,CN,CNY,1、3、5、7、9、11月,ODD_MONTHS,基数月,"months=1,3,5,7,9,11",基数月合约,NA_NOT_APPLICABLE,NA_NOT_APPLICABLE,CHECK,CHECK,NA_NOT_APPLICABLE,NA_NOT_APPLICABLE,CHECK,10,吨,1.0,人民币元/吨,CHECK_DYNAMIC_BY_EXCHANGE_NOTICE,AKShare/OpenCTP margin_rate_long=0.06; margin_rate_short=0.06; update_time=2026-05-22 12:38:28,"上午9:00-11:30,下午13:30-15:00,下午21:00-23:00(夜盘)",CHECK,CHECK_DYNAMIC_BY_EXCHANGE_NOTICE,CHECK,N,Tushare,ExchangeOfficialWebsite,INFERRED_FROM_TUSHARE_LISTED_CONTRACTS_NEED_REVIEW,2026-05-22,"由 futures_master 自动生成交易规则详情表骨架，规则字段后续需根据交易所官网或人工规则表补充。 | auto_filled_from_tushare: trading_hours/observed_delivery_months/sample_last_ddate | akshare_openctp_fill: filled contract_multiplier/tick_size/margin_rule, need review | inferred_contract_month_rule_from_tushare_observed_delivery_months: need review","1,3,5,7,9,11",20270519,,,,,2026-05-22 12:38:28,N,,INFERRED_NEED_REVIEW,last_trading_day_rule;settlement_type;delivery_rule
FUT_CZCE_TA,TA,PTA,FUTURE,COMMODITY_FUTURE,CZCE,郑州商品交易所,CN,CNY,1-12月,CONTINUOUS_12_MONTHS,连续12个月,"months=1,2,3,4,5,6,7,8,9,10,11,12",连续12个月,NA_NOT_APPLICABLE,NA_NOT_APPLICABLE,CHECK,CHECK,NA_NOT_APPLICABLE,NA_NOT_APPLICABLE,CHECK,5,吨,2.0,人民币元/吨,CHECK_DYNAMIC_BY_EXCHANGE_NOTICE,AKShare/OpenCTP margin_rate_long=0.07; margin_rate_short=0.07; update_time=2026-05-22 12:38:28,"上午9:00-11:30,下午13:30-15:00,下午21:00-23:00(夜盘)",CHECK,CHECK_DYNAMIC_BY_EXCHANGE_NOTICE,CHECK,N,Tushare,ExchangeOfficialWebsite,INFERRED_FROM_TUSHARE_LISTED_CONTRACTS_NEED_REVIEW,2026-05-22,"由 futures_master 自动生成交易规则详情表骨架，规则字段后续需根据交易所官网或人工规则表补充。 | auto_filled_from_tushare: trading_hours/observed_delivery_months/sample_last_ddate | akshare_openctp_fill: filled contract_multiplier/tick_size/margin_rule, need review | inferred_contract_month_rule_from_tushare_observed_delivery_months: need review","1,2,3,4,5,6,7,8,9,10,11,12",20270519,,,,,2026-05-22 12:38:28,N,,INFERRED_NEED_REVIEW,last_trading_day_rule;settlement_type;delivery_rule
FUT_CZCE_TC,TC,动力煤,FUTURE,COMMODITY_FUTURE,CZCE,郑州商品交易所,CN,CNY,1-12月,CONTINUOUS_12_MONTHS,连续12个月,"months=1,2,3,4,5,6,7,8,9,10,11,12",连续12个月,NA_NOT_APPLICABLE,NA_NOT_APPLICABLE,CHECK,CHECK,NA_NOT_APPLICABLE,NA_NOT_APPLICABLE,CHECK,TODO,吨,TODO,人民币元/吨,CHECK_DYNAMIC_BY_EXCHANGE_NOTICE,CHECK_DYNAMIC_BY_EXCHANGE_NOTICE,"上午9:00-11:30,下午13:30-15:00,以及交易所规定的其他交易时间,下午21:00-23:00(夜盘)",CHECK,CHECK_DYNAMIC_BY_EXCHANGE_NOTICE,CHECK,N,Tushare,ExchangeOfficialWebsite,INFERRED_FROM_TUSHARE_LISTED_CONTRACTS_NEED_REVIEW,2026-05-22,由 futures_master 自动生成交易规则详情表骨架，规则字段后续需根据交易所官网或人工规则表补充。 | auto_filled_from_tushare: trading_hours/observed_delivery_months/sample_last_ddate | inferred_contract_month_rule_from_tushare_observed_delivery_months: need review,"1,2,3,4,5,6,7,8,9,10,11,12",20160412,,,,,,Y,SPECIAL_OR_INACTIVE_OR_NON_STANDARD_CONTRACT_NEED_REVIEW,SPECIAL_OR_INACTIVE_NEED_REVIEW,tick_size;last_trading_day_rule;settlement_type;delivery_rule
FUT_CZCE_UR,UR,尿素,FUTURE,COMMODITY_FUTURE,CZCE,郑州商品交易所,CN,CNY,1-12月,CONTINUOUS_12_MONTHS,连续12个月,"months=1,2,3,4,5,6,7,8,9,10,11,12",连续12个月,NA_NOT_APPLICABLE,NA_NOT_APPLICABLE,CHECK,CHECK,NA_NOT_APPLICABLE,NA_NOT_APPLICABLE,CHECK,20,吨,1.0,人民币元/吨,CHECK_DYNAMIC_BY_EXCHANGE_NOTICE,AKShare/OpenCTP margin_rate_long=0.08; margin_rate_short=0.08; update_time=2026-05-22 12:38:28,上午9:00-11:30 下午1:30-3:00及交易所规定的其他交易时间,CHECK,CHECK_DYNAMIC_BY_EXCHANGE_NOTICE,CHECK,N,Tushare,ExchangeOfficialWebsite,INFERRED_FROM_TUSHARE_LISTED_CONTRACTS_NEED_REVIEW,2026-05-22,"由 futures_master 自动生成交易规则详情表骨架，规则字段后续需根据交易所官网或人工规则表补充。 | auto_filled_from_tushare: trading_hours/observed_delivery_months/sample_last_ddate | akshare_openctp_fill: filled contract_multiplier/tick_size/margin_rule, need review | inferred_contract_month_rule_from_tushare_observed_delivery_months: need review","1,2,3,4,5,6,7,8,9,10,11,12",20270519,,,,,2026-05-22 12:38:28,N,,INFERRED_NEED_REVIEW,last_trading_day_rule;settlement_type;delivery_rule
FUT_CZCE_WH,WH,强麦,FUTURE,COMMODITY_FUTURE,CZCE,郑州商品交易所,CN,CNY,1、3、5、7、9、11月,ODD_MONTHS,基数月,"months=1,3,5,7,9,11",基数月合约,NA_NOT_APPLICABLE,NA_NOT_APPLICABLE,CHECK,CHECK,NA_NOT_APPLICABLE,NA_NOT_APPLICABLE,CHECK,20,吨,1.0,人民币元/吨,CHECK_DYNAMIC_BY_EXCHANGE_NOTICE,AKShare/OpenCTP margin_rate_long=0.4; margin_rate_short=0.4; update_time=2026-05-22 12:38:28,上午9:00-11:30，下午13:30-15:00，以及交易所规定的其他时间,CHECK,CHECK_DYNAMIC_BY_EXCHANGE_NOTICE,CHECK,N,Tushare,ExchangeOfficialWebsite,INFERRED_FROM_TUSHARE_LISTED_CONTRACTS_NEED_REVIEW,2026-05-22,"由 futures_master 自动生成交易规则详情表骨架，规则字段后续需根据交易所官网或人工规则表补充。 | auto_filled_from_tushare: trading_hours/observed_delivery_months/sample_last_ddate | akshare_openctp_fill: filled contract_multiplier/tick_size/margin_rule, need review | inferred_contract_month_rule_from_tushare_observed_delivery_months: need review","1,3,5,7,9,11",20270620,,,,,2026-05-22 12:38:28,N,,INFERRED_NEED_REVIEW,last_trading_day_rule;settlement_type;delivery_rule
FUT_CZCE_WS,WS,强麦,FUTURE,COMMODITY_FUTURE,CZCE,郑州商品交易所,CN,CNY,1、3、5、7、9、11月,ODD_MONTHS,基数月,"months=1,3,5,7,9,11",基数月合约,NA_NOT_APPLICABLE,NA_NOT_APPLICABLE,CHECK,CHECK,NA_NOT_APPLICABLE,NA_NOT_APPLICABLE,CHECK,TODO,吨,TODO,人民币元/吨,CHECK_DYNAMIC_BY_EXCHANGE_NOTICE,CHECK_DYNAMIC_BY_EXCHANGE_NOTICE,上午9:00-11:30，下午13:30-15:00，以及交易所规定的其他时间,CHECK,CHECK_DYNAMIC_BY_EXCHANGE_NOTICE,CHECK,N,Tushare,ExchangeOfficialWebsite,INFERRED_FROM_TUSHARE_LISTED_CONTRACTS_NEED_REVIEW,2026-05-22,由 futures_master 自动生成交易规则详情表骨架，规则字段后续需根据交易所官网或人工规则表补充。 | auto_filled_from_tushare: trading_hours/observed_delivery_months/sample_last_ddate | inferred_contract_month_rule_from_tushare_observed_delivery_months: need review,"1,3,5,7,9,11",20130531,,,,,,Y,SPECIAL_OR_INACTIVE_OR_NON_STANDARD_CONTRACT_NEED_REVIEW,SPECIAL_OR_INACTIVE_NEED_REVIEW,tick_size;last_trading_day_rule;settlement_type;delivery_rule
FUT_CZCE_WT,WT,硬麦,FUTURE,COMMODITY_FUTURE,CZCE,郑州商品交易所,CN,CNY,1、3、5、7、9、11月,ODD_MONTHS,基数月,"months=1,3,5,7,9,11",基数月合约,NA_NOT_APPLICABLE,NA_NOT_APPLICABLE,CHECK,CHECK,NA_NOT_APPLICABLE,NA_NOT_APPLICABLE,CHECK,TODO,吨,TODO,人民币元/吨,CHECK_DYNAMIC_BY_EXCHANGE_NOTICE,CHECK_DYNAMIC_BY_EXCHANGE_NOTICE,上午9:00-11:30，下午13:30-15:00，以及交易所规定的其他时间,CHECK,CHECK_DYNAMIC_BY_EXCHANGE_NOTICE,CHECK,N,Tushare,ExchangeOfficialWebsite,INFERRED_FROM_TUSHARE_LISTED_CONTRACTS_NEED_REVIEW,2026-05-22,由 futures_master 自动生成交易规则详情表骨架，规则字段后续需根据交易所官网或人工规则表补充。 | auto_filled_from_tushare: trading_hours/observed_delivery_months/sample_last_ddate | inferred_contract_month_rule_from_tushare_observed_delivery_months: need review,"1,3,5,7,9,11",20121130,,,,,,Y,SPECIAL_OR_INACTIVE_OR_NON_STANDARD_CONTRACT_NEED_REVIEW,SPECIAL_OR_INACTIVE_NEED_REVIEW,tick_size;last_trading_day_rule;settlement_type;delivery_rule
FUT_CZCE_ZC,ZC,动力煤,FUTURE,COMMODITY_FUTURE,CZCE,郑州商品交易所,CN,CNY,1-12月,CONTINUOUS_12_MONTHS,连续12个月,"months=1,2,3,4,5,6,7,8,9,10,11,12",连续12个月,NA_NOT_APPLICABLE,NA_NOT_APPLICABLE,CHECK,CHECK,NA_NOT_APPLICABLE,NA_NOT_APPLICABLE,CHECK,100,吨,0.2,人民币元/吨,CHECK_DYNAMIC_BY_EXCHANGE_NOTICE,AKShare/OpenCTP margin_rate_long=0.5; margin_rate_short=0.5; update_time=2026-05-22 12:38:28,"上午9:00-11:30，下午1:30-3:00及交易所规定的其他交易时间,下午21:00-23:00(夜盘)",CHECK,CHECK_DYNAMIC_BY_EXCHANGE_NOTICE,CHECK,N,Tushare,ExchangeOfficialWebsite,INFERRED_FROM_TUSHARE_LISTED_CONTRACTS_NEED_REVIEW,2026-05-22,"由 futures_master 自动生成交易规则详情表骨架，规则字段后续需根据交易所官网或人工规则表补充。 | auto_filled_from_tushare: trading_hours/observed_delivery_months/sample_last_ddate | akshare_openctp_fill: filled contract_multiplier/tick_size/margin_rule, need review | inferred_contract_month_rule_from_tushare_observed_delivery_months: need review","1,2,3,4,5,6,7,8,9,10,11,12",20270512,,,,,2026-05-22 12:38:28,N,,INFERRED_NEED_REVIEW,last_trading_day_rule;settlement_type;delivery_rule
FUT_DCE_A,A,豆一,FUTURE,COMMODITY_FUTURE,DCE,大连商品交易所,CN,CNY,1、3、5、7、9、11月,ODD_MONTHS,基数月,"months=1,3,5,7,9,11",基数月合约,NA_NOT_APPLICABLE,NA_NOT_APPLICABLE,CHECK,CHECK,NA_NOT_APPLICABLE,NA_NOT_APPLICABLE,CHECK,10,吨,1.0,人民币元/吨,CHECK_DYNAMIC_BY_EXCHANGE_NOTICE,AKShare/OpenCTP margin_rate_long=0.07; margin_rate_short=0.07; update_time=2026-05-22 12:38:28,"上午9:00-11:30,下午13:30-15:00,下午21:00-23:00(夜盘)",CHECK,CHECK_DYNAMIC_BY_EXCHANGE_NOTICE,CHECK,N,Tushare,ExchangeOfficialWebsite,INFERRED_FROM_TUSHARE_LISTED_CONTRACTS_NEED_REVIEW,2026-05-22,"由 futures_master 自动生成交易规则详情表骨架，规则字段后续需根据交易所官网或人工规则表补充。 | auto_filled_from_tushare: trading_hours/observed_delivery_months/sample_last_ddate | akshare_openctp_fill: filled contract_multiplier/tick_size/margin_rule, need review | inferred_contract_month_rule_from_tushare_observed_delivery_months: need review","1,3,5,7,9,11",20270524,,,,,2026-05-22 12:38:28,N,,INFERRED_NEED_REVIEW,last_trading_day_rule;settlement_type;delivery_rule
FUT_DCE_B,B,豆二,FUTURE,COMMODITY_FUTURE,DCE,大连商品交易所,CN,CNY,1-12月,CONTINUOUS_12_MONTHS,连续12个月,"months=1,2,3,4,5,6,7,8,9,10,11,12",连续12个月,NA_NOT_APPLICABLE,NA_NOT_APPLICABLE,CHECK,CHECK,NA_NOT_APPLICABLE,NA_NOT_APPLICABLE,CHECK,10,吨,1.0,人民币元/吨,CHECK_DYNAMIC_BY_EXCHANGE_NOTICE,AKShare/OpenCTP margin_rate_long=0.07; margin_rate_short=0.07; update_time=2026-05-22 12:38:28,"上午9:00-11:30,下午13:30-15:00,下午21:00-23:00(夜盘)",CHECK,CHECK_DYNAMIC_BY_EXCHANGE_NOTICE,CHECK,N,Tushare,ExchangeOfficialWebsite,INFERRED_FROM_TUSHARE_LISTED_CONTRACTS_NEED_REVIEW,2026-05-22,"由 futures_master 自动生成交易规则详情表骨架，规则字段后续需根据交易所官网或人工规则表补充。 | auto_filled_from_tushare: trading_hours/observed_delivery_months/sample_last_ddate | akshare_openctp_fill: filled contract_multiplier/tick_size/margin_rule, need review | inferred_contract_month_rule_from_tushare_observed_delivery_months: need review","1,2,3,4,5,6,7,8,9,10,11,12",20270524,,,,,2026-05-22 12:38:28,N,,INFERRED_NEED_REVIEW,last_trading_day_rule;settlement_type;delivery_rule
FUT_DCE_BB,BB,胶合板,FUTURE,COMMODITY_FUTURE,DCE,大连商品交易所,CN,CNY,1-12月,CONTINUOUS_12_MONTHS,连续12个月,"months=1,2,3,4,5,6,7,8,9,10,11,12",连续12个月,NA_NOT_APPLICABLE,NA_NOT_APPLICABLE,CHECK,CHECK,NA_NOT_APPLICABLE,NA_NOT_APPLICABLE,CHECK,500,张,0.05,人民币元/张,CHECK_DYNAMIC_BY_EXCHANGE_NOTICE,AKShare/OpenCTP margin_rate_long=0.4; margin_rate_short=0.4; update_time=2026-05-22 12:38:28,上午9:00-11:30，下午13:30-15:00，以及交易所规定的其他时间,CHECK,CHECK_DYNAMIC_BY_EXCHANGE_NOTICE,CHECK,N,Tushare,ExchangeOfficialWebsite,INFERRED_FROM_TUSHARE_LISTED_CONTRACTS_NEED_REVIEW,2026-05-22,"由 futures_master 自动生成交易规则详情表骨架，规则字段后续需根据交易所官网或人工规则表补充。 | auto_filled_from_tushare: trading_hours/observed_delivery_months/sample_last_ddate | akshare_openctp_fill: filled contract_multiplier/tick_size/margin_rule, need review | inferred_contract_month_rule_from_tushare_observed_delivery_months: need review","1,2,3,4,5,6,7,8,9,10,11,12",20270524,,,,,2026-05-22 12:38:28,N,,INFERRED_NEED_REVIEW,last_trading_day_rule;settlement_type;delivery_rule
FUT_DCE_BZ,BZ,纯苯,FUTURE,COMMODITY_FUTURE,DCE,大连商品交易所,CN,CNY,1-12月,CONTINUOUS_12_MONTHS,连续12个月,"months=1,2,3,4,5,6,7,8,9,10,11,12",连续12个月,NA_NOT_APPLICABLE,NA_NOT_APPLICABLE,CHECK,CHECK,NA_NOT_APPLICABLE,NA_NOT_APPLICABLE,CHECK,30,吨,1.0,人民币元/吨,CHECK_DYNAMIC_BY_EXCHANGE_NOTICE,AKShare/OpenCTP margin_rate_long=0.08; margin_rate_short=0.08; update_time=2026-05-22 12:38:28,"上午9:00-11:30,下午13:30-15:00,下午21:00-23:00(夜盘)",CHECK,CHECK_DYNAMIC_BY_EXCHANGE_NOTICE,CHECK,N,Tushare,ExchangeOfficialWebsite,INFERRED_FROM_TUSHARE_LISTED_CONTRACTS_NEED_REVIEW,2026-05-22,"由 futures_master 自动生成交易规则详情表骨架，规则字段后续需根据交易所官网或人工规则表补充。 | auto_filled_from_tushare: trading_hours/observed_delivery_months/sample_last_ddate | akshare_openctp_fill: filled contract_multiplier/tick_size/margin_rule, need review | inferred_contract_month_rule_from_tushare_observed_delivery_months: need review","1,2,3,4,5,6,7,8,9,10,11,12",20270430,,,,,2026-05-22 12:38:28,N,,INFERRED_NEED_REVIEW,last_trading_day_rule;settlement_type;delivery_rule
FUT_DCE_C,C,玉米,FUTURE,COMMODITY_FUTURE,DCE,大连商品交易所,CN,CNY,1、3、5、7、9、11月,ODD_MONTHS,基数月,"months=1,3,5,7,9,11",基数月合约,NA_NOT_APPLICABLE,NA_NOT_APPLICABLE,CHECK,CHECK,NA_NOT_APPLICABLE,NA_NOT_APPLICABLE,CHECK,10,吨,1.0,人民币元/吨,CHECK_DYNAMIC_BY_EXCHANGE_NOTICE,AKShare/OpenCTP margin_rate_long=0.07; margin_rate_short=0.07; update_time=2026-05-22 12:38:28,"上午9:00-11:30,下午13:30-15:00,下午21:00-23:00(夜盘)",CHECK,CHECK_DYNAMIC_BY_EXCHANGE_NOTICE,CHECK,N,Tushare,ExchangeOfficialWebsite,INFERRED_FROM_TUSHARE_LISTED_CONTRACTS_NEED_REVIEW,2026-05-22,"由 futures_master 自动生成交易规则详情表骨架，规则字段后续需根据交易所官网或人工规则表补充。 | auto_filled_from_tushare: trading_hours/observed_delivery_months/sample_last_ddate | akshare_openctp_fill: filled contract_multiplier/tick_size/margin_rule, need review | inferred_contract_month_rule_from_tushare_observed_delivery_months: need review","1,3,5,7,9,11",20270524,,,,,2026-05-22 12:38:28,N,,INFERRED_NEED_REVIEW,last_trading_day_rule;settlement_type;delivery_rule
FUT_DCE_CS,CS,玉米淀粉,FUTURE,COMMODITY_FUTURE,DCE,大连商品交易所,CN,CNY,1、3、5、7、9、11月,ODD_MONTHS,基数月,"months=1,3,5,7,9,11",基数月合约,NA_NOT_APPLICABLE,NA_NOT_APPLICABLE,CHECK,CHECK,NA_NOT_APPLICABLE,NA_NOT_APPLICABLE,CHECK,10,吨,1.0,人民币元/吨,CHECK_DYNAMIC_BY_EXCHANGE_NOTICE,AKShare/OpenCTP margin_rate_long=0.06; margin_rate_short=0.06; update_time=2026-05-22 12:38:28,"上午9:00-11:30,下午13:30-15:00,下午21:00-23:00(夜盘)",CHECK,CHECK_DYNAMIC_BY_EXCHANGE_NOTICE,CHECK,N,Tushare,ExchangeOfficialWebsite,INFERRED_FROM_TUSHARE_LISTED_CONTRACTS_NEED_REVIEW,2026-05-22,"由 futures_master 自动生成交易规则详情表骨架，规则字段后续需根据交易所官网或人工规则表补充。 | auto_filled_from_tushare: trading_hours/observed_delivery_months/sample_last_ddate | akshare_openctp_fill: filled contract_multiplier/tick_size/margin_rule, need review | inferred_contract_month_rule_from_tushare_observed_delivery_months: need review","1,3,5,7,9,11",20270524,,,,,2026-05-22 12:38:28,N,,INFERRED_NEED_REVIEW,last_trading_day_rule;settlement_type;delivery_rule
FUT_DCE_EB,EB,苯乙烯,FUTURE,COMMODITY_FUTURE,DCE,大连商品交易所,CN,CNY,1-12月,CONTINUOUS_12_MONTHS,连续12个月,"months=1,2,3,4,5,6,7,8,9,10,11,12",连续12个月,NA_NOT_APPLICABLE,NA_NOT_APPLICABLE,CHECK,CHECK,NA_NOT_APPLICABLE,NA_NOT_APPLICABLE,CHECK,5,吨,1.0,人民币元/吨,CHECK_DYNAMIC_BY_EXCHANGE_NOTICE,AKShare/OpenCTP margin_rate_long=0.07; margin_rate_short=0.07; update_time=2026-05-22 12:38:28,"上午9:00-10:15,10:30-11:30,下午13:30-15:00,下午21:00-23:00(夜盘)",CHECK,CHECK_DYNAMIC_BY_EXCHANGE_NOTICE,CHECK,N,Tushare,ExchangeOfficialWebsite,INFERRED_FROM_TUSHARE_LISTED_CONTRACTS_NEED_REVIEW,2026-05-22,"由 futures_master 自动生成交易规则详情表骨架，规则字段后续需根据交易所官网或人工规则表补充。 | auto_filled_from_tushare: trading_hours/observed_delivery_months/sample_last_ddate | akshare_openctp_fill: filled contract_multiplier/tick_size/margin_rule, need review | inferred_contract_month_rule_from_tushare_observed_delivery_months: need review","1,2,3,4,5,6,7,8,9,10,11,12",20270430,,,,,2026-05-22 12:38:28,N,,INFERRED_NEED_REVIEW,last_trading_day_rule;settlement_type;delivery_rule
FUT_DCE_EG,EG,乙二醇,FUTURE,COMMODITY_FUTURE,DCE,大连商品交易所,CN,CNY,1-12月,CONTINUOUS_12_MONTHS,连续12个月,"months=1,2,3,4,5,6,7,8,9,10,11,12",连续12个月,NA_NOT_APPLICABLE,NA_NOT_APPLICABLE,CHECK,CHECK,NA_NOT_APPLICABLE,NA_NOT_APPLICABLE,CHECK,10,吨,1.0,人民币元/吨,CHECK_DYNAMIC_BY_EXCHANGE_NOTICE,AKShare/OpenCTP margin_rate_long=0.07; margin_rate_short=0.07; update_time=2026-05-22 12:38:28,"上午9:00-11:30,下午13:30-15:00,下午21:00-23:00(夜盘)",CHECK,CHECK_DYNAMIC_BY_EXCHANGE_NOTICE,CHECK,N,Tushare,ExchangeOfficialWebsite,INFERRED_FROM_TUSHARE_LISTED_CONTRACTS_NEED_REVIEW,2026-05-22,"由 futures_master 自动生成交易规则详情表骨架，规则字段后续需根据交易所官网或人工规则表补充。 | auto_filled_from_tushare: trading_hours/observed_delivery_months/sample_last_ddate | akshare_openctp_fill: filled contract_multiplier/tick_size/margin_rule, need review | inferred_contract_month_rule_from_tushare_observed_delivery_months: need review","1,2,3,4,5,6,7,8,9,10,11,12",20270430,,,,,2026-05-22 12:38:28,N,,INFERRED_NEED_REVIEW,last_trading_day_rule;settlement_type;delivery_rule
FUT_DCE_FB,FB,纤维板,FUTURE,COMMODITY_FUTURE,DCE,大连商品交易所,CN,CNY,1-12月,CONTINUOUS_12_MONTHS,连续12个月,"months=1,2,3,4,5,6,7,8,9,10,11,12",连续12个月,NA_NOT_APPLICABLE,NA_NOT_APPLICABLE,CHECK,CHECK,NA_NOT_APPLICABLE,NA_NOT_APPLICABLE,CHECK,10,立方米,0.5,人民币元/立方米,CHECK_DYNAMIC_BY_EXCHANGE_NOTICE,AKShare/OpenCTP margin_rate_long=0.25; margin_rate_short=0.25; update_time=2026-05-22 12:38:28,上午9:00-11:30，下午13:30-15:00，以及交易所规定的其他时间,CHECK,CHECK_DYNAMIC_BY_EXCHANGE_NOTICE,CHECK,N,Tushare,ExchangeOfficialWebsite,INFERRED_FROM_TUSHARE_LISTED_CONTRACTS_NEED_REVIEW,2026-05-22,"由 futures_master 自动生成交易规则详情表骨架，规则字段后续需根据交易所官网或人工规则表补充。 | auto_filled_from_tushare: trading_hours/observed_delivery_months/sample_last_ddate | akshare_openctp_fill: filled contract_multiplier/tick_size/margin_rule, need review | inferred_contract_month_rule_from_tushare_observed_delivery_months: need review","1,2,3,4,5,6,7,8,9,10,11,12",20270524,,,,,2026-05-22 12:38:28,N,,INFERRED_NEED_REVIEW,last_trading_day_rule;settlement_type;delivery_rule
FUT_DCE_I,I,铁矿石,FUTURE,COMMODITY_FUTURE,DCE,大连商品交易所,CN,CNY,1-12月,CONTINUOUS_12_MONTHS,连续12个月,"months=1,2,3,4,5,6,7,8,9,10,11,12",连续12个月,NA_NOT_APPLICABLE,NA_NOT_APPLICABLE,CHECK,CHECK,NA_NOT_APPLICABLE,NA_NOT_APPLICABLE,CHECK,100,吨,0.5,人民币元/吨,CHECK_DYNAMIC_BY_EXCHANGE_NOTICE,AKShare/OpenCTP margin_rate_long=0.11; margin_rate_short=0.11; update_time=2026-05-22 12:38:28,"上午9:00-11:30,下午13:30-15:00,下午21:00-23:00(夜盘)",CHECK,CHECK_DYNAMIC_BY_EXCHANGE_NOTICE,CHECK,N,Tushare,ExchangeOfficialWebsite,INFERRED_FROM_TUSHARE_LISTED_CONTRACTS_NEED_REVIEW,2026-05-22,"由 futures_master 自动生成交易规则详情表骨架，规则字段后续需根据交易所官网或人工规则表补充。 | auto_filled_from_tushare: trading_hours/observed_delivery_months/sample_last_ddate | akshare_openctp_fill: filled contract_multiplier/tick_size/margin_rule, need review | inferred_contract_month_rule_from_tushare_observed_delivery_months: need review","1,2,3,4,5,6,7,8,9,10,11,12",20270524,,,,,2026-05-22 12:38:28,N,,INFERRED_NEED_REVIEW,last_trading_day_rule;settlement_type;delivery_rule
FUT_DCE_J,J,焦炭,FUTURE,COMMODITY_FUTURE,DCE,大连商品交易所,CN,CNY,1-12月,CONTINUOUS_12_MONTHS,连续12个月,"months=1,2,3,4,5,6,7,8,9,10,11,12",连续12个月,NA_NOT_APPLICABLE,NA_NOT_APPLICABLE,CHECK,CHECK,NA_NOT_APPLICABLE,NA_NOT_APPLICABLE,CHECK,100,吨,0.5,人民币元/吨,CHECK_DYNAMIC_BY_EXCHANGE_NOTICE,AKShare/OpenCTP margin_rate_long=0.2; margin_rate_short=0.2; update_time=2026-05-22 12:38:28,"上午9:00-11:30,下午13:30-15:00,下午21:00-23:00(夜盘)",CHECK,CHECK_DYNAMIC_BY_EXCHANGE_NOTICE,CHECK,N,Tushare,ExchangeOfficialWebsite,INFERRED_FROM_TUSHARE_LISTED_CONTRACTS_NEED_REVIEW,2026-05-22,"由 futures_master 自动生成交易规则详情表骨架，规则字段后续需根据交易所官网或人工规则表补充。 | auto_filled_from_tushare: trading_hours/observed_delivery_months/sample_last_ddate | akshare_openctp_fill: filled contract_multiplier/tick_size/margin_rule, need review | inferred_contract_month_rule_from_tushare_observed_delivery_months: need review","1,2,3,4,5,6,7,8,9,10,11,12",20270524,,,,,2026-05-22 12:38:28,N,,INFERRED_NEED_REVIEW,last_trading_day_rule;settlement_type;delivery_rule
FUT_DCE_JD,JD,鸡蛋,FUTURE,COMMODITY_FUTURE,DCE,大连商品交易所,CN,CNY,1-12月,CONTINUOUS_12_MONTHS,连续12个月,"months=1,2,3,4,5,6,7,8,9,10,11,12",连续12个月,NA_NOT_APPLICABLE,NA_NOT_APPLICABLE,CHECK,CHECK,NA_NOT_APPLICABLE,NA_NOT_APPLICABLE,CHECK,10,吨,1.0,人民币元/500千克,CHECK_DYNAMIC_BY_EXCHANGE_NOTICE,AKShare/OpenCTP margin_rate_long=0.07; margin_rate_short=0.07; update_time=2026-05-22 12:38:28,上午9:00-11:30，下午13:30-15:00，以及交易所规定的其他时间,CHECK,CHECK_DYNAMIC_BY_EXCHANGE_NOTICE,CHECK,N,Tushare,ExchangeOfficialWebsite,INFERRED_FROM_TUSHARE_LISTED_CONTRACTS_NEED_REVIEW,2026-05-22,"由 futures_master 自动生成交易规则详情表骨架，规则字段后续需根据交易所官网或人工规则表补充。 | auto_filled_from_tushare: trading_hours/observed_delivery_months/sample_last_ddate | akshare_openctp_fill: filled contract_multiplier/tick_size/margin_rule, need review | inferred_contract_month_rule_from_tushare_observed_delivery_months: need review","1,2,3,4,5,6,7,8,9,10,11,12",20270430,,,,,2026-05-22 12:38:28,N,,INFERRED_NEED_REVIEW,last_trading_day_rule;settlement_type;delivery_rule
FUT_DCE_JM,JM,焦煤,FUTURE,COMMODITY_FUTURE,DCE,大连商品交易所,CN,CNY,1-12月,CONTINUOUS_12_MONTHS,连续12个月,"months=1,2,3,4,5,6,7,8,9,10,11,12",连续12个月,NA_NOT_APPLICABLE,NA_NOT_APPLICABLE,CHECK,CHECK,NA_NOT_APPLICABLE,NA_NOT_APPLICABLE,CHECK,60,吨,0.5,人民币元/吨,CHECK_DYNAMIC_BY_EXCHANGE_NOTICE,AKShare/OpenCTP margin_rate_long=0.12; margin_rate_short=0.12; update_time=2026-05-22 12:38:28,"上午9:00-11:30,下午13:30-15:00,下午21:00-23:00(夜盘)",CHECK,CHECK_DYNAMIC_BY_EXCHANGE_NOTICE,CHECK,N,Tushare,ExchangeOfficialWebsite,INFERRED_FROM_TUSHARE_LISTED_CONTRACTS_NEED_REVIEW,2026-05-22,"由 futures_master 自动生成交易规则详情表骨架，规则字段后续需根据交易所官网或人工规则表补充。 | auto_filled_from_tushare: trading_hours/observed_delivery_months/sample_last_ddate | akshare_openctp_fill: filled contract_multiplier/tick_size/margin_rule, need review | inferred_contract_month_rule_from_tushare_observed_delivery_months: need review","1,2,3,4,5,6,7,8,9,10,11,12",20270524,,,,,2026-05-22 12:38:28,N,,INFERRED_NEED_REVIEW,last_trading_day_rule;settlement_type;delivery_rule
FUT_DCE_L,L,塑料,FUTURE,COMMODITY_FUTURE,DCE,大连商品交易所,CN,CNY,1-12月,CONTINUOUS_12_MONTHS,连续12个月,"months=1,2,3,4,5,6,7,8,9,10,11,12",连续12个月,NA_NOT_APPLICABLE,NA_NOT_APPLICABLE,CHECK,CHECK,NA_NOT_APPLICABLE,NA_NOT_APPLICABLE,CHECK,5,吨,1.0,人民币元/吨,CHECK_DYNAMIC_BY_EXCHANGE_NOTICE,AKShare/OpenCTP margin_rate_long=0.07; margin_rate_short=0.07; update_time=2026-05-22 12:38:28,"上午9:00-11:30,下午13:30-15:00,下午21:00-23:00(夜盘)",CHECK,CHECK_DYNAMIC_BY_EXCHANGE_NOTICE,CHECK,N,Tushare,ExchangeOfficialWebsite,INFERRED_FROM_TUSHARE_LISTED_CONTRACTS_NEED_REVIEW,2026-05-22,"由 futures_master 自动生成交易规则详情表骨架，规则字段后续需根据交易所官网或人工规则表补充。 | auto_filled_from_tushare: trading_hours/observed_delivery_months/sample_last_ddate | akshare_openctp_fill: filled contract_multiplier/tick_size/margin_rule, need review | inferred_contract_month_rule_from_tushare_observed_delivery_months: need review","1,2,3,4,5,6,7,8,9,10,11,12",20270524,,,,,2026-05-22 12:38:28,N,,INFERRED_NEED_REVIEW,last_trading_day_rule;settlement_type;delivery_rule
FUT_DCE_LG,LG,原木,FUTURE,COMMODITY_FUTURE,DCE,大连商品交易所,CN,CNY,1、3、5、7、9、11月,ODD_MONTHS,基数月,"months=1,3,5,7,9,11",基数月合约,NA_NOT_APPLICABLE,NA_NOT_APPLICABLE,CHECK,CHECK,NA_NOT_APPLICABLE,NA_NOT_APPLICABLE,CHECK,90,立方米,0.5,人民币元/立方米,CHECK_DYNAMIC_BY_EXCHANGE_NOTICE,AKShare/OpenCTP margin_rate_long=0.08; margin_rate_short=0.08; update_time=2026-05-22 12:38:28,上午9:00-11:30，下午13:30-15:00，以及交易所规定的其他时间,CHECK,CHECK_DYNAMIC_BY_EXCHANGE_NOTICE,CHECK,N,Tushare,ExchangeOfficialWebsite,INFERRED_FROM_TUSHARE_LISTED_CONTRACTS_NEED_REVIEW,2026-05-22,"由 futures_master 自动生成交易规则详情表骨架，规则字段后续需根据交易所官网或人工规则表补充。 | auto_filled_from_tushare: trading_hours/observed_delivery_months/sample_last_ddate | akshare_openctp_fill: filled contract_multiplier/tick_size/margin_rule, need review | inferred_contract_month_rule_from_tushare_observed_delivery_months: need review","1,3,5,7,9,11",20270331,,,,,2026-05-22 12:38:28,N,,INFERRED_NEED_REVIEW,last_trading_day_rule;settlement_type;delivery_rule
FUT_DCE_LH,LH,生猪,FUTURE,COMMODITY_FUTURE,DCE,大连商品交易所,CN,CNY,1、3、5、7、9、11月,ODD_MONTHS,基数月,"months=1,3,5,7,9,11",基数月合约,NA_NOT_APPLICABLE,NA_NOT_APPLICABLE,CHECK,CHECK,NA_NOT_APPLICABLE,NA_NOT_APPLICABLE,CHECK,16,吨,5.0,人民币元/吨,CHECK_DYNAMIC_BY_EXCHANGE_NOTICE,AKShare/OpenCTP margin_rate_long=0.08; margin_rate_short=0.08; update_time=2026-05-22 12:38:28,上午9:00-11:30，下午13:30-15:00，以及交易所规定的其他时间,CHECK,CHECK_DYNAMIC_BY_EXCHANGE_NOTICE,CHECK,N,Tushare,ExchangeOfficialWebsite,INFERRED_FROM_TUSHARE_LISTED_CONTRACTS_NEED_REVIEW,2026-05-22,"由 futures_master 自动生成交易规则详情表骨架，规则字段后续需根据交易所官网或人工规则表补充。 | auto_filled_from_tushare: trading_hours/observed_delivery_months/sample_last_ddate | akshare_openctp_fill: filled contract_multiplier/tick_size/margin_rule, need review | inferred_contract_month_rule_from_tushare_observed_delivery_months: need review","1,3,5,7,9,11",20270331,,,,,2026-05-22 12:38:28,N,,INFERRED_NEED_REVIEW,last_trading_day_rule;settlement_type;delivery_rule
FUT_DCE_L_F,L_F,塑料月均价F,FUTURE,COMMODITY_FUTURE,DCE,大连商品交易所,CN,CNY,"2,3,4,5,6,7,8,9,10,11",INFERRED_FIXED_MONTHS,根据已上市合约观察到的固定月份组合,"months=2,3,4,5,6,7,8,9,10,11",根据已上市合约月份推断，需复核,NA_NOT_APPLICABLE,NA_NOT_APPLICABLE,CHECK,CHECK,NA_NOT_APPLICABLE,NA_NOT_APPLICABLE,CHECK,5,吨,1.0,人民币元/吨,CHECK_DYNAMIC_BY_EXCHANGE_NOTICE,AKShare/OpenCTP margin_rate_long=0.11; margin_rate_short=0.11; update_time=2026-05-22 12:38:28,"上午9:00-11:30,下午13:30-15:00,下午21:00-23:00(夜盘)",CHECK,CHECK_DYNAMIC_BY_EXCHANGE_NOTICE,CHECK,N,Tushare,ExchangeOfficialWebsite,INFERRED_FROM_TUSHARE_LISTED_CONTRACTS_NEED_REVIEW,2026-05-22,"由 futures_master 自动生成交易规则详情表骨架，规则字段后续需根据交易所官网或人工规则表补充。 | auto_filled_from_tushare: trading_hours/observed_delivery_months/sample_last_ddate | akshare_openctp_fill: filled contract_multiplier/tick_size/margin_rule, need review | inferred_contract_month_rule_from_tushare_observed_delivery_months: need review","2,3,4,5,6,7,8,9,10,11",20261030,,,,,2026-05-22 12:38:28,N,,INFERRED_NEED_REVIEW,last_trading_day_rule;settlement_type;delivery_rule
FUT_DCE_M,M,豆粕,FUTURE,COMMODITY_FUTURE,DCE,大连商品交易所,CN,CNY,"1,3,5,7,8,9,11,12",INFERRED_FIXED_MONTHS,根据已上市合约观察到的固定月份组合,"months=1,3,5,7,8,9,11,12",根据已上市合约月份推断，需复核,NA_NOT_APPLICABLE,NA_NOT_APPLICABLE,CHECK,CHECK,NA_NOT_APPLICABLE,NA_NOT_APPLICABLE,CHECK,10,吨,1.0,人民币元/吨,CHECK_DYNAMIC_BY_EXCHANGE_NOTICE,AKShare/OpenCTP margin_rate_long=0.07; margin_rate_short=0.07; update_time=2026-05-22 12:38:28,"上午9:00-11:30,下午13:30-15:00,下午21:00-23:00(夜盘)",CHECK,CHECK_DYNAMIC_BY_EXCHANGE_NOTICE,CHECK,N,Tushare,ExchangeOfficialWebsite,INFERRED_FROM_TUSHARE_LISTED_CONTRACTS_NEED_REVIEW,2026-05-22,"由 futures_master 自动生成交易规则详情表骨架，规则字段后续需根据交易所官网或人工规则表补充。 | auto_filled_from_tushare: trading_hours/observed_delivery_months/sample_last_ddate | akshare_openctp_fill: filled contract_multiplier/tick_size/margin_rule, need review | inferred_contract_month_rule_from_tushare_observed_delivery_months: need review","1,3,5,7,8,9,11,12",20270524,,,,,2026-05-22 12:38:28,N,,INFERRED_NEED_REVIEW,last_trading_day_rule;settlement_type;delivery_rule
FUT_DCE_P,P,棕榈油,FUTURE,COMMODITY_FUTURE,DCE,大连商品交易所,CN,CNY,1-12月,CONTINUOUS_12_MONTHS,连续12个月,"months=1,2,3,4,5,6,7,8,9,10,11,12",连续12个月,NA_NOT_APPLICABLE,NA_NOT_APPLICABLE,CHECK,CHECK,NA_NOT_APPLICABLE,NA_NOT_APPLICABLE,CHECK,10,吨,1.0,人民币元/吨,CHECK_DYNAMIC_BY_EXCHANGE_NOTICE,AKShare/OpenCTP margin_rate_long=0.08; margin_rate_short=0.08; update_time=2026-05-22 12:38:28,"上午9:00-11:30,下午13:30-15:00,下午21:00-23:00(夜盘)",CHECK,CHECK_DYNAMIC_BY_EXCHANGE_NOTICE,CHECK,N,Tushare,ExchangeOfficialWebsite,INFERRED_FROM_TUSHARE_LISTED_CONTRACTS_NEED_REVIEW,2026-05-22,"由 futures_master 自动生成交易规则详情表骨架，规则字段后续需根据交易所官网或人工规则表补充。 | auto_filled_from_tushare: trading_hours/observed_delivery_months/sample_last_ddate | akshare_openctp_fill: filled contract_multiplier/tick_size/margin_rule, need review | inferred_contract_month_rule_from_tushare_observed_delivery_months: need review","1,2,3,4,5,6,7,8,9,10,11,12",20270524,,,,,2026-05-22 12:38:28,N,,INFERRED_NEED_REVIEW,last_trading_day_rule;settlement_type;delivery_rule
FUT_DCE_PG,PG,LPG,FUTURE,COMMODITY_FUTURE,DCE,大连商品交易所,CN,CNY,1-12月,CONTINUOUS_12_MONTHS,连续12个月,"months=1,2,3,4,5,6,7,8,9,10,11,12",连续12个月,NA_NOT_APPLICABLE,NA_NOT_APPLICABLE,CHECK,CHECK,NA_NOT_APPLICABLE,NA_NOT_APPLICABLE,CHECK,20,吨,1.0,人民币元/吨,CHECK_DYNAMIC_BY_EXCHANGE_NOTICE,AKShare/OpenCTP margin_rate_long=0.11; margin_rate_short=0.11; update_time=2026-05-22 12:38:28,"上午9:00-11:30,下午13:30-15:00,下午21:00-23:00(夜盘)",CHECK,CHECK_DYNAMIC_BY_EXCHANGE_NOTICE,CHECK,N,Tushare,ExchangeOfficialWebsite,INFERRED_FROM_TUSHARE_LISTED_CONTRACTS_NEED_REVIEW,2026-05-22,"由 futures_master 自动生成交易规则详情表骨架，规则字段后续需根据交易所官网或人工规则表补充。 | auto_filled_from_tushare: trading_hours/observed_delivery_months/sample_last_ddate | akshare_openctp_fill: filled contract_multiplier/tick_size/margin_rule, need review | inferred_contract_month_rule_from_tushare_observed_delivery_months: need review","1,2,3,4,5,6,7,8,9,10,11,12",20270430,,,,,2026-05-22 12:38:28,N,,INFERRED_NEED_REVIEW,last_trading_day_rule;settlement_type;delivery_rule
FUT_DCE_PP,PP,聚丙烯,FUTURE,COMMODITY_FUTURE,DCE,大连商品交易所,CN,CNY,1-12月,CONTINUOUS_12_MONTHS,连续12个月,"months=1,2,3,4,5,6,7,8,9,10,11,12",连续12个月,NA_NOT_APPLICABLE,NA_NOT_APPLICABLE,CHECK,CHECK,NA_NOT_APPLICABLE,NA_NOT_APPLICABLE,CHECK,5,吨,1.0,人民币元/吨,CHECK_DYNAMIC_BY_EXCHANGE_NOTICE,AKShare/OpenCTP margin_rate_long=0.07; margin_rate_short=0.07; update_time=2026-05-22 12:38:28,"上午9:00-11:30,下午13:30-15:00,下午21:00-23:00(夜盘)",CHECK,CHECK_DYNAMIC_BY_EXCHANGE_NOTICE,CHECK,N,Tushare,ExchangeOfficialWebsite,INFERRED_FROM_TUSHARE_LISTED_CONTRACTS_NEED_REVIEW,2026-05-22,"由 futures_master 自动生成交易规则详情表骨架，规则字段后续需根据交易所官网或人工规则表补充。 | auto_filled_from_tushare: trading_hours/observed_delivery_months/sample_last_ddate | akshare_openctp_fill: filled contract_multiplier/tick_size/margin_rule, need review | inferred_contract_month_rule_from_tushare_observed_delivery_months: need review","1,2,3,4,5,6,7,8,9,10,11,12",20270524,,,,,2026-05-22 12:38:28,N,,INFERRED_NEED_REVIEW,last_trading_day_rule;settlement_type;delivery_rule
FUT_DCE_PP_F,PP_F,聚丙烯月均价F,FUTURE,COMMODITY_FUTURE,DCE,大连商品交易所,CN,CNY,"2,3,4,5,6,7,8,9,10,11",INFERRED_FIXED_MONTHS,根据已上市合约观察到的固定月份组合,"months=2,3,4,5,6,7,8,9,10,11",根据已上市合约月份推断，需复核,NA_NOT_APPLICABLE,NA_NOT_APPLICABLE,CHECK,CHECK,NA_NOT_APPLICABLE,NA_NOT_APPLICABLE,CHECK,5,吨,1.0,人民币元/吨,CHECK_DYNAMIC_BY_EXCHANGE_NOTICE,AKShare/OpenCTP margin_rate_long=0.11; margin_rate_short=0.11; update_time=2026-05-22 12:38:28,"上午9:00-11:30,下午13:30-15:00,下午21:00-23:00(夜盘)",CHECK,CHECK_DYNAMIC_BY_EXCHANGE_NOTICE,CHECK,N,Tushare,ExchangeOfficialWebsite,INFERRED_FROM_TUSHARE_LISTED_CONTRACTS_NEED_REVIEW,2026-05-22,"由 futures_master 自动生成交易规则详情表骨架，规则字段后续需根据交易所官网或人工规则表补充。 | auto_filled_from_tushare: trading_hours/observed_delivery_months/sample_last_ddate | akshare_openctp_fill: filled contract_multiplier/tick_size/margin_rule, need review | inferred_contract_month_rule_from_tushare_observed_delivery_months: need review","2,3,4,5,6,7,8,9,10,11",20261030,,,,,2026-05-22 12:38:28,N,,INFERRED_NEED_REVIEW,last_trading_day_rule;settlement_type;delivery_rule
FUT_DCE_RR,RR,粳米,FUTURE,COMMODITY_FUTURE,DCE,大连商品交易所,CN,CNY,1-12月,CONTINUOUS_12_MONTHS,连续12个月,"months=1,2,3,4,5,6,7,8,9,10,11,12",连续12个月,NA_NOT_APPLICABLE,NA_NOT_APPLICABLE,CHECK,CHECK,NA_NOT_APPLICABLE,NA_NOT_APPLICABLE,CHECK,10,吨,1.0,人民币元/吨,CHECK_DYNAMIC_BY_EXCHANGE_NOTICE,AKShare/OpenCTP margin_rate_long=0.06; margin_rate_short=0.06; update_time=2026-05-22 12:38:28,"上午9:00-11:30,下午13:30-15:00,下午21:00-23:00(夜盘)",CHECK,CHECK_DYNAMIC_BY_EXCHANGE_NOTICE,CHECK,N,Tushare,ExchangeOfficialWebsite,INFERRED_FROM_TUSHARE_LISTED_CONTRACTS_NEED_REVIEW,2026-05-22,"由 futures_master 自动生成交易规则详情表骨架，规则字段后续需根据交易所官网或人工规则表补充。 | auto_filled_from_tushare: trading_hours/observed_delivery_months/sample_last_ddate | akshare_openctp_fill: filled contract_multiplier/tick_size/margin_rule, need review | inferred_contract_month_rule_from_tushare_observed_delivery_months: need review","1,2,3,4,5,6,7,8,9,10,11,12",20270524,,,,,2026-05-22 12:38:28,N,,INFERRED_NEED_REVIEW,last_trading_day_rule;settlement_type;delivery_rule
FUT_DCE_V,V,PVC,FUTURE,COMMODITY_FUTURE,DCE,大连商品交易所,CN,CNY,1-12月,CONTINUOUS_12_MONTHS,连续12个月,"months=1,2,3,4,5,6,7,8,9,10,11,12",连续12个月,NA_NOT_APPLICABLE,NA_NOT_APPLICABLE,CHECK,CHECK,NA_NOT_APPLICABLE,NA_NOT_APPLICABLE,CHECK,5,吨,1.0,人民币元/吨,CHECK_DYNAMIC_BY_EXCHANGE_NOTICE,AKShare/OpenCTP margin_rate_long=0.07; margin_rate_short=0.07; update_time=2026-05-22 12:38:28,"上午9:00-11:30,下午13:30-15:00,下午21:00-23:00(夜盘)",CHECK,CHECK_DYNAMIC_BY_EXCHANGE_NOTICE,CHECK,N,Tushare,ExchangeOfficialWebsite,INFERRED_FROM_TUSHARE_LISTED_CONTRACTS_NEED_REVIEW,2026-05-22,"由 futures_master 自动生成交易规则详情表骨架，规则字段后续需根据交易所官网或人工规则表补充。 | auto_filled_from_tushare: trading_hours/observed_delivery_months/sample_last_ddate | akshare_openctp_fill: filled contract_multiplier/tick_size/margin_rule, need review | inferred_contract_month_rule_from_tushare_observed_delivery_months: need review","1,2,3,4,5,6,7,8,9,10,11,12",20270524,,,,,2026-05-22 12:38:28,N,,INFERRED_NEED_REVIEW,last_trading_day_rule;settlement_type;delivery_rule
FUT_DCE_V_F,V_F,PVC月均价F,FUTURE,COMMODITY_FUTURE,DCE,大连商品交易所,CN,CNY,"2,3,4,5,6,7,8,9,10,11",INFERRED_FIXED_MONTHS,根据已上市合约观察到的固定月份组合,"months=2,3,4,5,6,7,8,9,10,11",根据已上市合约月份推断，需复核,NA_NOT_APPLICABLE,NA_NOT_APPLICABLE,CHECK,CHECK,NA_NOT_APPLICABLE,NA_NOT_APPLICABLE,CHECK,5,吨,1.0,人民币元/吨,CHECK_DYNAMIC_BY_EXCHANGE_NOTICE,AKShare/OpenCTP margin_rate_long=0.11; margin_rate_short=0.11; update_time=2026-05-22 12:38:28,"上午9:00-11:30,下午13:30-15:00,下午21:00-23:00(夜盘)",CHECK,CHECK_DYNAMIC_BY_EXCHANGE_NOTICE,CHECK,N,Tushare,ExchangeOfficialWebsite,INFERRED_FROM_TUSHARE_LISTED_CONTRACTS_NEED_REVIEW,2026-05-22,"由 futures_master 自动生成交易规则详情表骨架，规则字段后续需根据交易所官网或人工规则表补充。 | auto_filled_from_tushare: trading_hours/observed_delivery_months/sample_last_ddate | akshare_openctp_fill: filled contract_multiplier/tick_size/margin_rule, need review | inferred_contract_month_rule_from_tushare_observed_delivery_months: need review","2,3,4,5,6,7,8,9,10,11",20261030,,,,,2026-05-22 12:38:28,N,,INFERRED_NEED_REVIEW,last_trading_day_rule;settlement_type;delivery_rule
FUT_DCE_Y,Y,豆油,FUTURE,COMMODITY_FUTURE,DCE,大连商品交易所,CN,CNY,"1,3,5,7,8,9,11,12",INFERRED_FIXED_MONTHS,根据已上市合约观察到的固定月份组合,"months=1,3,5,7,8,9,11,12",根据已上市合约月份推断，需复核,NA_NOT_APPLICABLE,NA_NOT_APPLICABLE,CHECK,CHECK,NA_NOT_APPLICABLE,NA_NOT_APPLICABLE,CHECK,10,吨,1.0,人民币元/吨,CHECK_DYNAMIC_BY_EXCHANGE_NOTICE,AKShare/OpenCTP margin_rate_long=0.07; margin_rate_short=0.07; update_time=2026-05-22 12:38:28,"上午9:00-11:30,下午13:30-15:00,下午21:00-23:00(夜盘)",CHECK,CHECK_DYNAMIC_BY_EXCHANGE_NOTICE,CHECK,N,Tushare,ExchangeOfficialWebsite,INFERRED_FROM_TUSHARE_LISTED_CONTRACTS_NEED_REVIEW,2026-05-22,"由 futures_master 自动生成交易规则详情表骨架，规则字段后续需根据交易所官网或人工规则表补充。 | auto_filled_from_tushare: trading_hours/observed_delivery_months/sample_last_ddate | akshare_openctp_fill: filled contract_multiplier/tick_size/margin_rule, need review | inferred_contract_month_rule_from_tushare_observed_delivery_months: need review","1,3,5,7,8,9,11,12",20270524,,,,,2026-05-22 12:38:28,N,,INFERRED_NEED_REVIEW,last_trading_day_rule;settlement_type;delivery_rule
FUT_GFEX_LC,LC,碳酸锂,FUTURE,COMMODITY_FUTURE,GFEX,广州期货交易所,CN,CNY,1-12月,CONTINUOUS_12_MONTHS,连续12个月,"months=1,2,3,4,5,6,7,8,9,10,11,12",连续12个月,NA_NOT_APPLICABLE,NA_NOT_APPLICABLE,CHECK,CHECK,NA_NOT_APPLICABLE,NA_NOT_APPLICABLE,CHECK,1,吨,20.0,人民币元/吨,CHECK_DYNAMIC_BY_EXCHANGE_NOTICE,AKShare/OpenCTP margin_rate_long=0.15; margin_rate_short=0.15; update_time=2026-05-22 12:38:28,"每周一至周五（北京时间 法定节假日除外）9:00～10:15,10:30～11:30和13:30～15:00,及交易所规定的其他时间",CHECK,CHECK_DYNAMIC_BY_EXCHANGE_NOTICE,CHECK,N,Tushare,ExchangeOfficialWebsite,INFERRED_FROM_TUSHARE_LISTED_CONTRACTS_NEED_REVIEW,2026-05-22,"由 futures_master 自动生成交易规则详情表骨架，规则字段后续需根据交易所官网或人工规则表补充。 | auto_filled_from_tushare: trading_hours/observed_delivery_months/sample_last_ddate | akshare_openctp_fill: filled contract_multiplier/tick_size/margin_rule, need review | inferred_contract_month_rule_from_tushare_observed_delivery_months: need review","1,2,3,4,5,6,7,8,9,10,11,12",20270524,,,,,2026-05-22 12:38:28,N,,INFERRED_NEED_REVIEW,last_trading_day_rule;settlement_type;delivery_rule
FUT_GFEX_PD,PD,钯,FUTURE,COMMODITY_FUTURE,GFEX,广州期货交易所,CN,CNY,2、4、6、8、10、12月,EVEN_MONTHS,偶数月,"months=2,4,6,8,10,12",偶数月合约,NA_NOT_APPLICABLE,NA_NOT_APPLICABLE,CHECK,CHECK,NA_NOT_APPLICABLE,NA_NOT_APPLICABLE,CHECK,1000,克,0.05,人民币元/克,CHECK_DYNAMIC_BY_EXCHANGE_NOTICE,AKShare/OpenCTP margin_rate_long=0.19; margin_rate_short=0.19; update_time=2026-05-22 12:38:28,"每周一至周五（北京时间 法定节假日除外）9:00～10:15,10:30～11:30和13:30～15:00,及交易所规定的其他时间",CHECK,CHECK_DYNAMIC_BY_EXCHANGE_NOTICE,CHECK,N,Tushare,ExchangeOfficialWebsite,INFERRED_FROM_TUSHARE_LISTED_CONTRACTS_NEED_REVIEW,2026-05-22,"由 futures_master 自动生成交易规则详情表骨架，规则字段后续需根据交易所官网或人工规则表补充。 | auto_filled_from_tushare: trading_hours/observed_delivery_months/sample_last_ddate | akshare_openctp_fill: filled contract_multiplier/tick_size/margin_rule, need review | inferred_contract_month_rule_from_tushare_observed_delivery_months: need review","2,4,6,8,10,12",20270421,,,,,2026-05-22 12:38:28,N,,INFERRED_NEED_REVIEW,last_trading_day_rule;settlement_type;delivery_rule
FUT_GFEX_PS,PS,多晶硅,FUTURE,COMMODITY_FUTURE,GFEX,广州期货交易所,CN,CNY,1-12月,CONTINUOUS_12_MONTHS,连续12个月,"months=1,2,3,4,5,6,7,8,9,10,11,12",连续12个月,NA_NOT_APPLICABLE,NA_NOT_APPLICABLE,CHECK,CHECK,NA_NOT_APPLICABLE,NA_NOT_APPLICABLE,CHECK,3,吨,5.0,人民币元/吨,CHECK_DYNAMIC_BY_EXCHANGE_NOTICE,AKShare/OpenCTP margin_rate_long=0.13; margin_rate_short=0.13; update_time=2026-05-22 12:38:28,"每周一至周五（北京时间 法定节假日除外）9:00～10:15,10:30～11:30和13:30～15:00,及交易所规定的其他时间",CHECK,CHECK_DYNAMIC_BY_EXCHANGE_NOTICE,CHECK,N,Tushare,ExchangeOfficialWebsite,INFERRED_FROM_TUSHARE_LISTED_CONTRACTS_NEED_REVIEW,2026-05-22,"由 futures_master 自动生成交易规则详情表骨架，规则字段后续需根据交易所官网或人工规则表补充。 | auto_filled_from_tushare: trading_hours/observed_delivery_months/sample_last_ddate | akshare_openctp_fill: filled contract_multiplier/tick_size/margin_rule, need review | inferred_contract_month_rule_from_tushare_observed_delivery_months: need review","1,2,3,4,5,6,7,8,9,10,11,12",20270524,,,,,2026-05-22 12:38:28,N,,INFERRED_NEED_REVIEW,last_trading_day_rule;settlement_type;delivery_rule
FUT_GFEX_PT,PT,铂,FUTURE,COMMODITY_FUTURE,GFEX,广州期货交易所,CN,CNY,2、4、6、8、10、12月,EVEN_MONTHS,偶数月,"months=2,4,6,8,10,12",偶数月合约,NA_NOT_APPLICABLE,NA_NOT_APPLICABLE,CHECK,CHECK,NA_NOT_APPLICABLE,NA_NOT_APPLICABLE,CHECK,1000,克,0.05,人民币元/克,CHECK_DYNAMIC_BY_EXCHANGE_NOTICE,AKShare/OpenCTP margin_rate_long=0.19; margin_rate_short=0.19; update_time=2026-05-22 12:38:28,"每周一至周五（北京时间 法定节假日除外）9:00～10:15,10:30～11:30和13:30～15:00,及交易所规定的其他时间",CHECK,CHECK_DYNAMIC_BY_EXCHANGE_NOTICE,CHECK,N,Tushare,ExchangeOfficialWebsite,INFERRED_FROM_TUSHARE_LISTED_CONTRACTS_NEED_REVIEW,2026-05-22,"由 futures_master 自动生成交易规则详情表骨架，规则字段后续需根据交易所官网或人工规则表补充。 | auto_filled_from_tushare: trading_hours/observed_delivery_months/sample_last_ddate | akshare_openctp_fill: filled contract_multiplier/tick_size/margin_rule, need review | inferred_contract_month_rule_from_tushare_observed_delivery_months: need review","2,4,6,8,10,12",20270421,,,,,2026-05-22 12:38:28,N,,INFERRED_NEED_REVIEW,last_trading_day_rule;settlement_type;delivery_rule
FUT_GFEX_SI,SI,工业硅,FUTURE,COMMODITY_FUTURE,GFEX,广州期货交易所,CN,CNY,1-12月,CONTINUOUS_12_MONTHS,连续12个月,"months=1,2,3,4,5,6,7,8,9,10,11,12",连续12个月,NA_NOT_APPLICABLE,NA_NOT_APPLICABLE,CHECK,CHECK,NA_NOT_APPLICABLE,NA_NOT_APPLICABLE,CHECK,5,吨,5.0,人民币元/吨,CHECK_DYNAMIC_BY_EXCHANGE_NOTICE,AKShare/OpenCTP margin_rate_long=0.1; margin_rate_short=0.1; update_time=2026-05-22 12:38:28,"每周一至周五（北京时间 法定节假日除外）9:00～10:15,10:30～11:30和13:30～15:00,及交易所规定的其他时间",CHECK,CHECK_DYNAMIC_BY_EXCHANGE_NOTICE,CHECK,N,Tushare,ExchangeOfficialWebsite,INFERRED_FROM_TUSHARE_LISTED_CONTRACTS_NEED_REVIEW,2026-05-22,"由 futures_master 自动生成交易规则详情表骨架，规则字段后续需根据交易所官网或人工规则表补充。 | auto_filled_from_tushare: trading_hours/observed_delivery_months/sample_last_ddate | akshare_openctp_fill: filled contract_multiplier/tick_size/margin_rule, need review | inferred_contract_month_rule_from_tushare_observed_delivery_months: need review","1,2,3,4,5,6,7,8,9,10,11,12",20270524,,,,,2026-05-22 12:38:28,N,,INFERRED_NEED_REVIEW,last_trading_day_rule;settlement_type;delivery_rule
FUT_INE_BC,BC,国际铜,FUTURE,COMMODITY_FUTURE,INE,上海国际能源交易中心,CN,CNY,1月、2月、3月、4月、5月、6月、7月、8月、9月、10月、11月、12月,CHECK,1月、2月、3月、4月、5月、6月、7月、8月、9月、10月、11月、12月,CHECK,CHECK,NA_NOT_APPLICABLE,NA_NOT_APPLICABLE,交割月份的15日（遇国家法定节假日、休息日顺延；上海国际能源交易中心可以根据国家法定节假日、休息日调整最后交易日）,最后交易日后连续五个交易日,NA_NOT_APPLICABLE,NA_NOT_APPLICABLE,实物交割,5,5吨/手,10元（人民币）/吨,元（人民币）/吨（交易报价为不含税价格）,上一交易日结算价±3%,CHECK_DYNAMIC_BY_EXCHANGE_NOTICE,上午9:00－11:30，下午1:30－3:00以及上海国际能源交易中心规定的其他交易时间,N,CHECK_DYNAMIC_BY_EXCHANGE_NOTICE,实物交割,Y,Tushare,ExchangeOfficialWebsite,LOCAL_HTML_PARSED_NEED_REVIEW,2026-05-22,"由 futures_master 自动生成交易规则详情表骨架，规则字段后续需根据交易所官网或人工规则表补充。 | auto_filled_from_tushare: trading_hours/observed_delivery_months/sample_last_ddate | local_html_parsed_rule: 来自交易所官网本地HTML解析，需人工抽查确认 | akshare_openctp_fill: filled contract_multiplier, need review","1,2,3,4,5,6,7,8,9,10,11,12",20270524,上海国际能源交易中心官网,https://www.shfe.com.cn/products/futures/metal/nonferrousmetal/bc_f/,TODO,,2026-05-22 12:38:28,N,,HTML_PARSED_NEED_REVIEW,contract_rule_code
FUT_INE_EC,EC,集运指数(欧线),FUTURE,COMMODITY_FUTURE,INE,上海国际能源交易中心,CN,CNY,"2,3,4,5,6,7,8,9,10,12",INFERRED_FIXED_MONTHS,根据已上市合约观察到的固定月份组合,"months=2,3,4,5,6,7,8,9,10,12",根据已上市合约月份推断，需复核,NA_NOT_APPLICABLE,NA_NOT_APPLICABLE,CHECK,CHECK,NA_NOT_APPLICABLE,NA_NOT_APPLICABLE,CHECK,50,张,0.5,指数点,CHECK_DYNAMIC_BY_EXCHANGE_NOTICE,AKShare/OpenCTP margin_rate_long=0.31; margin_rate_short=0.31; update_time=2026-05-22 12:38:28,"每周一至周五,9:00-10:15、10:30-11:30和13:30-15:00",CHECK,CHECK_DYNAMIC_BY_EXCHANGE_NOTICE,CHECK,N,Tushare,ExchangeOfficialWebsite,INFERRED_FROM_TUSHARE_LISTED_CONTRACTS_NEED_REVIEW,2026-05-22,"由 futures_master 自动生成交易规则详情表骨架，规则字段后续需根据交易所官网或人工规则表补充。 | auto_filled_from_tushare: trading_hours/observed_delivery_months/sample_last_ddate | akshare_openctp_fill: filled tick_size/margin_rule, need review | inferred_contract_month_rule_from_tushare_observed_delivery_months: need review","2,3,4,5,6,7,8,9,10,12",20270329,,,,,2026-05-22 12:38:28,N,,INFERRED_NEED_REVIEW,last_trading_day_rule;settlement_type;delivery_rule
FUT_INE_LU,LU,低硫燃料油,FUTURE,COMMODITY_FUTURE,INE,上海国际能源交易中心,CN,CNY,1月、2月、3月、4月、5月、6月、7月、8月、9月、10月、11月、12月,CHECK,1月、2月、3月、4月、5月、6月、7月、8月、9月、10月、11月、12月,CHECK,CHECK,NA_NOT_APPLICABLE,NA_NOT_APPLICABLE,交割月份前第一月的最后一个交易日（遇国家法定节假日、休息日顺延；上海国际能源交易中心可以根据国家法定节假日、休息日调整最后交易日）,最后交易日后连续五个交易日,NA_NOT_APPLICABLE,NA_NOT_APPLICABLE,实物交割,10,10吨/手,1元（人民币）/吨,元（人民币）/吨（交易报价为不含税价格）,不超过上一交易日结算价±5%,CHECK_DYNAMIC_BY_EXCHANGE_NOTICE,上午9:00-11:30，下午1:30-3:00以及上海国际能源交易中心规定的其他交易时间,N,CHECK_DYNAMIC_BY_EXCHANGE_NOTICE,实物交割,Y,Tushare,ExchangeOfficialWebsite,LOCAL_HTML_PARSED_NEED_REVIEW,2026-05-22,"由 futures_master 自动生成交易规则详情表骨架，规则字段后续需根据交易所官网或人工规则表补充。 | auto_filled_from_tushare: trading_hours/observed_delivery_months/sample_last_ddate | local_html_parsed_rule: 来自交易所官网本地HTML解析，需人工抽查确认 | akshare_openctp_fill: filled contract_multiplier, need review","1,2,3,4,5,6,7,8,9,10,11,12",20270514,上海国际能源交易中心官网,https://www.shfe.com.cn/products/futures/energyandchemical/lu_f/,TODO,,2026-05-22 12:38:28,N,,HTML_PARSED_NEED_REVIEW,contract_rule_code
FUT_INE_NR,NR,号胶,FUTURE,COMMODITY_FUTURE,INE,上海国际能源交易中心,CN,CNY,1月、2月、3月、4月、5月、6月、7月、8月、9月、10月、11月、12月,CHECK,1月、2月、3月、4月、5月、6月、7月、8月、9月、10月、11月、12月,CHECK,CHECK,NA_NOT_APPLICABLE,NA_NOT_APPLICABLE,交割月份的15日（遇国家法定节假日、休息日顺延；上海国际能源交易中心可以根据国家法定节假日、休息日调整最后交易日）,最后交易日后连续五个交易日,NA_NOT_APPLICABLE,NA_NOT_APPLICABLE,实物交割,10,10吨/手,5元（人民币）/吨,元（人民币）/吨（交易报价为不含税价格）,不超过上一交易日结算价±5%,CHECK_DYNAMIC_BY_EXCHANGE_NOTICE,上午9:00－11:30，下午1:30－3:00以及上海国际能源交易中心规定的其他交易时间,N,CHECK_DYNAMIC_BY_EXCHANGE_NOTICE,实物交割,Y,Tushare,ExchangeOfficialWebsite,LOCAL_HTML_PARSED_NEED_REVIEW,2026-05-22,"由 futures_master 自动生成交易规则详情表骨架，规则字段后续需根据交易所官网或人工规则表补充。 | auto_filled_from_tushare: trading_hours/observed_delivery_months/sample_last_ddate | local_html_parsed_rule: 来自交易所官网本地HTML解析，需人工抽查确认 | akshare_openctp_fill: filled contract_multiplier, need review","1,2,3,4,5,6,7,8,9,10,11,12",20270524,上海国际能源交易中心官网,https://www.shfe.com.cn/products/futures/energyandchemical/nr_f/,TODO,,2026-05-22 12:38:28,N,,HTML_PARSED_NEED_REVIEW,contract_rule_code
FUT_INE_SC,SC,原油,FUTURE,COMMODITY_FUTURE,INE,上海国际能源交易中心,CN,CNY,最近1-12个月为连续月份以及随后八个季月,CONTINUOUS_12_PLUS_EIGHT_QUARTER,最近1-12个月为连续月份以及随后八个季月,continuous=12;quarter=8,最近1-12个月为连续月份以及随后八个季月,NA_NOT_APPLICABLE,NA_NOT_APPLICABLE,交割月份前第一月的最后一个交易日；上海国际能源交易中心有权根据国家法定节假日调整最后交易日,最后交易日后连续五个交易日,NA_NOT_APPLICABLE,NA_NOT_APPLICABLE,实物交割,1000,1000桶/手,0.1元（人民币）/桶,元（人民币）/桶 （交易报价为不含税价格）,不超过上一交易日结算价±4%,CHECK_DYNAMIC_BY_EXCHANGE_NOTICE,上午9:00 - 11:30，下午1:30 - 3:00以及上海国际能源交易中心规定的其他交易时间。,N,CHECK_DYNAMIC_BY_EXCHANGE_NOTICE,实物交割,Y,Tushare,ExchangeOfficialWebsite,LOCAL_HTML_PARSED_NEED_REVIEW,2026-05-22,"由 futures_master 自动生成交易规则详情表骨架，规则字段后续需根据交易所官网或人工规则表补充。 | auto_filled_from_tushare: trading_hours/observed_delivery_months/sample_last_ddate | local_html_parsed_rule: 来自交易所官网本地HTML解析，需人工抽查确认 | akshare_openctp_fill: filled contract_multiplier, need review","1,2,3,4,5,6,7,8,9,10,11,12",20290307,上海国际能源交易中心官网,https://www.shfe.com.cn/products/futures/energyandchemical/sc_f/standard_ag_f/202312/t20231205_331279.html,TODO,,2026-05-22 12:38:28,N,,HTML_PARSED_NEED_REVIEW,
FUT_INE_SCTAS,SCTAS,原油,FUTURE,COMMODITY_FUTURE,INE,上海国际能源交易中心,CN,CNY,1-12月,CONTINUOUS_12_MONTHS,连续12个月,"months=1,2,3,4,5,6,7,8,9,10,11,12",连续12个月,NA_NOT_APPLICABLE,NA_NOT_APPLICABLE,CHECK,CHECK,NA_NOT_APPLICABLE,NA_NOT_APPLICABLE,CHECK,TODO,桶,TODO,人民币元/桶,CHECK_DYNAMIC_BY_EXCHANGE_NOTICE,CHECK_DYNAMIC_BY_EXCHANGE_NOTICE,"每周一至周五的开市集合竞价阶段, 21:00 - 02:30（+1）,9:00 - 11:30",CHECK,CHECK_DYNAMIC_BY_EXCHANGE_NOTICE,CHECK,N,Tushare,ExchangeOfficialWebsite,INFERRED_FROM_TUSHARE_LISTED_CONTRACTS_NEED_REVIEW,2026-05-22,由 futures_master 自动生成交易规则详情表骨架，规则字段后续需根据交易所官网或人工规则表补充。 | auto_filled_from_tushare: trading_hours/observed_delivery_months | inferred_contract_month_rule_from_tushare_observed_delivery_months: need review,"1,2,3,4,5,6,7,8,9,10,11,12",,,,,,,Y,SPECIAL_OR_INACTIVE_OR_NON_STANDARD_CONTRACT_NEED_REVIEW,SPECIAL_OR_INACTIVE_NEED_REVIEW,tick_size;last_trading_day_rule;settlement_type;delivery_rule
FUT_SHFE_AD,AD,铸造铝合金,FUTURE,COMMODITY_FUTURE,SHFE,上海期货交易所,CN,CNY,1-12月,CONTINUOUS_12_MONTHS,连续12个月,"months=1,2,3,4,5,6,7,8,9,10,11,12",连续12个月,NA_NOT_APPLICABLE,NA_NOT_APPLICABLE,CHECK,CHECK,NA_NOT_APPLICABLE,NA_NOT_APPLICABLE,CHECK,10,吨,5.0,人民币元/吨,CHECK_DYNAMIC_BY_EXCHANGE_NOTICE,AKShare/OpenCTP margin_rate_long=0.1; margin_rate_short=0.1; update_time=2026-05-22 12:38:28,"上午9:00-11:30,下午13:30-15:00,下午21:00-次日1:00(夜盘)",CHECK,CHECK_DYNAMIC_BY_EXCHANGE_NOTICE,CHECK,N,Tushare,ExchangeOfficialWebsite,INFERRED_FROM_TUSHARE_LISTED_CONTRACTS_NEED_REVIEW,2026-05-22,"由 futures_master 自动生成交易规则详情表骨架，规则字段后续需根据交易所官网或人工规则表补充。 | auto_filled_from_tushare: trading_hours/observed_delivery_months/sample_last_ddate | akshare_openctp_fill: filled contract_multiplier/tick_size/margin_rule, need review | inferred_contract_month_rule_from_tushare_observed_delivery_months: need review","1,2,3,4,5,6,7,8,9,10,11,12",20270519,,,,,2026-05-22 12:38:28,N,,INFERRED_NEED_REVIEW,last_trading_day_rule;settlement_type;delivery_rule
FUT_SHFE_AG,AG,沪银,FUTURE,COMMODITY_FUTURE,SHFE,上海期货交易所,CN,CNY,1～12月,CHECK,1～12月,CHECK,CHECK,NA_NOT_APPLICABLE,NA_NOT_APPLICABLE,合约月份的15日（遇国家法定节假日顺延，春节月份等最后交易日交易所可另行调整并通知）,最后交易日后连续二个工作日,NA_NOT_APPLICABLE,NA_NOT_APPLICABLE,实物交割,15,15千克/手,1元/千克,元（人民币）/千克,上一交易日结算价±3%,CHECK_DYNAMIC_BY_EXCHANGE_NOTICE,上午9:00－11:30 ，下午1:30－3:00和交易所规定的其他交易时间,N,CHECK_DYNAMIC_BY_EXCHANGE_NOTICE,实物交割,Y,Tushare,ExchangeOfficialWebsite,LOCAL_HTML_PARSED_NEED_REVIEW,2026-05-22,"由 futures_master 自动生成交易规则详情表骨架，规则字段后续需根据交易所官网或人工规则表补充。 | auto_filled_from_tushare: trading_hours/observed_delivery_months/sample_last_ddate | local_html_parsed_rule: 来自交易所官网本地HTML解析，需人工抽查确认 | akshare_openctp_fill: filled contract_multiplier, need review","1,2,3,4,5,6,7,8,9,10,11,12",20270519,上海期货交易所官网,https://www.shfe.com.cn/products/futures/metal/ferrousandpreciousmetal/ag_f/,TODO,,2026-05-22 12:38:28,N,,HTML_PARSED_NEED_REVIEW,contract_rule_code
FUT_SHFE_AL,AL,沪铝,FUTURE,COMMODITY_FUTURE,SHFE,上海期货交易所,CN,CNY,1～12月,CHECK,1～12月,CHECK,CHECK,NA_NOT_APPLICABLE,NA_NOT_APPLICABLE,合约月份的15日（遇国家法定节假日顺延，春节月份等最后交易日交易所可另行调整并通知）,最后交易日后连续二个工作日,NA_NOT_APPLICABLE,NA_NOT_APPLICABLE,实物交割,5,5吨/手,5元/吨,元（人民币）/吨,上一交易日结算价±3%,CHECK_DYNAMIC_BY_EXCHANGE_NOTICE,上午9:00－11:30 ，下午1:30－3:00和交易所规定的其他交易时间,N,CHECK_DYNAMIC_BY_EXCHANGE_NOTICE,实物交割,Y,Tushare,ExchangeOfficialWebsite,LOCAL_HTML_PARSED_NEED_REVIEW,2026-05-22,"由 futures_master 自动生成交易规则详情表骨架，规则字段后续需根据交易所官网或人工规则表补充。 | auto_filled_from_tushare: trading_hours/observed_delivery_months/sample_last_ddate | local_html_parsed_rule: 来自交易所官网本地HTML解析，需人工抽查确认 | akshare_openctp_fill: filled contract_multiplier, need review","1,2,3,4,5,6,7,8,9,10,11,12",20270519,上海期货交易所官网,https://www.shfe.com.cn/products/futures/metal/nonferrousmetal/al_f/,TODO,,2026-05-22 12:38:28,N,,HTML_PARSED_NEED_REVIEW,contract_rule_code
FUT_SHFE_AO,AO,氧化铝,FUTURE,COMMODITY_FUTURE,SHFE,上海期货交易所,CN,CNY,1～12月,CHECK,1～12月,CHECK,CHECK,NA_NOT_APPLICABLE,NA_NOT_APPLICABLE,合约月份的15日（遇国家法定节假日顺延，春节月份等最后交易日交易所可另行调整并通知）,最后交易日后连续二个工作日,NA_NOT_APPLICABLE,NA_NOT_APPLICABLE,实物交割,20,20吨/手,1元/吨,元（人民币）/吨,上一交易日结算价±4%,CHECK_DYNAMIC_BY_EXCHANGE_NOTICE,上午9:00－11:30 ，下午1:30－3:00和交易所规定的其他交易时间,N,CHECK_DYNAMIC_BY_EXCHANGE_NOTICE,实物交割,Y,Tushare,ExchangeOfficialWebsite,LOCAL_HTML_PARSED_NEED_REVIEW,2026-05-22,"由 futures_master 自动生成交易规则详情表骨架，规则字段后续需根据交易所官网或人工规则表补充。 | auto_filled_from_tushare: trading_hours/observed_delivery_months/sample_last_ddate | local_html_parsed_rule: 来自交易所官网本地HTML解析，需人工抽查确认 | akshare_openctp_fill: filled contract_multiplier, need review","1,2,3,4,5,6,7,8,9,10,11,12",20270519,上海期货交易所官网,https://www.shfe.com.cn/products/futures/metal/nonferrousmetal/ao_f/,TODO,,2026-05-22 12:38:28,N,,HTML_PARSED_NEED_REVIEW,contract_rule_code
FUT_SHFE_AU,AU,沪金,FUTURE,COMMODITY_FUTURE,SHFE,上海期货交易所,CN,CNY,最近三个连续月份的合约以及最近13个月以内的双月合约,CHECK,最近三个连续月份的合约以及最近13个月以内的双月合约,CHECK,CHECK,NA_NOT_APPLICABLE,NA_NOT_APPLICABLE,合约月份的15日（遇国家法定节假日顺延，春节月份等最后交易日交易所可另行调整并通知）,最后交易日后第一个工作日,NA_NOT_APPLICABLE,NA_NOT_APPLICABLE,实物交割,1000,1000克/手,0.02元/克,元（人民币）/克,上一交易日结算价±3%,CHECK_DYNAMIC_BY_EXCHANGE_NOTICE,上午9:00－11:30 ，下午1:30－3:00和交易所规定的其他交易时间,N,CHECK_DYNAMIC_BY_EXCHANGE_NOTICE,实物交割,Y,Tushare,ExchangeOfficialWebsite,LOCAL_HTML_PARSED_NEED_REVIEW,2026-05-22,"由 futures_master 自动生成交易规则详情表骨架，规则字段后续需根据交易所官网或人工规则表补充。 | auto_filled_from_tushare: trading_hours/observed_delivery_months/sample_last_ddate | local_html_parsed_rule: 来自交易所官网本地HTML解析，需人工抽查确认 | akshare_openctp_fill: filled contract_multiplier, need review","1,2,3,4,5,6,7,8,9,10,11,12",20270616,上海期货交易所官网,https://www.shfe.com.cn/products/futures/metal/ferrousandpreciousmetal/au_f/standard_au_f/202312/t20231205_316957.html,TODO,,2026-05-22 12:38:28,N,,HTML_PARSED_NEED_REVIEW,contract_rule_code
FUT_SHFE_BR,BR,丁二烯橡胶,FUTURE,COMMODITY_FUTURE,SHFE,上海期货交易所,CN,CNY,1～12月,CHECK,1～12月,CHECK,CHECK,NA_NOT_APPLICABLE,NA_NOT_APPLICABLE,合约月份的15日（遇国家法定节假日顺延，春节月份等最后交易日交易所可另行调整并通知）,最后交易日后连续二个工作日,NA_NOT_APPLICABLE,NA_NOT_APPLICABLE,实物交割,5,5吨/手,5元/吨,元（人民币）/吨,上一交易日结算价±5%,CHECK_DYNAMIC_BY_EXCHANGE_NOTICE,上午9:00－11:30 ，下午1:30－3:00和交易所规定的其他交易时间,N,CHECK_DYNAMIC_BY_EXCHANGE_NOTICE,实物交割,Y,Tushare,ExchangeOfficialWebsite,LOCAL_HTML_PARSED_NEED_REVIEW,2026-05-22,"由 futures_master 自动生成交易规则详情表骨架，规则字段后续需根据交易所官网或人工规则表补充。 | auto_filled_from_tushare: trading_hours/observed_delivery_months/sample_last_ddate | local_html_parsed_rule: 来自交易所官网本地HTML解析，需人工抽查确认 | akshare_openctp_fill: filled contract_multiplier, need review","1,2,3,4,5,6,7,8,9,10,11,12",20270519,上海期货交易所官网,https://www.shfe.com.cn/products/futures/energyandchemical/br_f/,TODO,,2026-05-22 12:38:28,N,,HTML_PARSED_NEED_REVIEW,contract_rule_code
FUT_SHFE_BU,BU,沥青,FUTURE,COMMODITY_FUTURE,SHFE,上海期货交易所,CN,CNY,最近1～12个月为连续月份以及随后四个季月,CHECK,最近1～12个月为连续月份以及随后四个季月,CHECK,CHECK,NA_NOT_APPLICABLE,NA_NOT_APPLICABLE,合约月份的15日（遇国家法定节假日顺延，春节月份等最后交易日交易所可另行调整并通知）,最后交易日后连续二个工作日,NA_NOT_APPLICABLE,NA_NOT_APPLICABLE,实物交割,10,10吨/手,1元/吨,元（人民币）/吨,上一交易日结算价±3%,CHECK_DYNAMIC_BY_EXCHANGE_NOTICE,上午9:00～11:30，下午1:30～3:00和交易所规定的其他交易时间,N,CHECK_DYNAMIC_BY_EXCHANGE_NOTICE,实物交割,Y,Tushare,ExchangeOfficialWebsite,LOCAL_HTML_PARSED_NEED_REVIEW,2026-05-22,"由 futures_master 自动生成交易规则详情表骨架，规则字段后续需根据交易所官网或人工规则表补充。 | auto_filled_from_tushare: trading_hours/observed_delivery_months/sample_last_ddate | local_html_parsed_rule: 来自交易所官网本地HTML解析，需人工抽查确认 | akshare_openctp_fill: filled contract_multiplier, need review","1,2,3,4,5,6,7,8,9,10,11,12",20280317,上海期货交易所官网,https://www.shfe.com.cn/products/futures/energyandchemical/bu_f/,TODO,,2026-05-22 12:38:28,N,,HTML_PARSED_NEED_REVIEW,contract_rule_code
FUT_SHFE_CU,CU,沪铜,FUTURE,COMMODITY_FUTURE,SHFE,上海期货交易所,CN,CNY,1～12月,CHECK,1～12月,CHECK,CHECK,NA_NOT_APPLICABLE,NA_NOT_APPLICABLE,合约月份的15日（遇国家法定节假日顺延，春节月份等最后交易日交易所可另行调整并通知）,最后交易日后连续二个工作日,NA_NOT_APPLICABLE,NA_NOT_APPLICABLE,实物交割,5,5吨/手,10元/吨,元（人民币）/吨,上一交易日结算价±3%,CHECK_DYNAMIC_BY_EXCHANGE_NOTICE,上午9:00－11:30 ，下午1:30－3:00和交易所规定的其他交易时间,N,CHECK_DYNAMIC_BY_EXCHANGE_NOTICE,实物交割,Y,Tushare,ExchangeOfficialWebsite,LOCAL_HTML_PARSED_NEED_REVIEW,2026-05-22,"由 futures_master 自动生成交易规则详情表骨架，规则字段后续需根据交易所官网或人工规则表补充。 | auto_filled_from_tushare: trading_hours/observed_delivery_months/sample_last_ddate | local_html_parsed_rule: 来自交易所官网本地HTML解析，需人工抽查确认 | akshare_openctp_fill: filled contract_multiplier, need review","1,2,3,4,5,6,7,8,9,10,11,12",20270519,上海期货交易所官网,https://www.shfe.com.cn/products/futures/metal/nonferrousmetal/cu_f/,TODO,,2026-05-22 12:38:28,N,,HTML_PARSED_NEED_REVIEW,contract_rule_code
FUT_SHFE_FU,FU,燃油,FUTURE,COMMODITY_FUTURE,SHFE,上海期货交易所,CN,CNY,1～12月,CHECK,1～12月,CHECK,CHECK,NA_NOT_APPLICABLE,NA_NOT_APPLICABLE,合约月份前一月份的最后一个交易日；交易所可以根据国家法定节假日调整最后交易日。,最后交易日后连续二个工作日,NA_NOT_APPLICABLE,NA_NOT_APPLICABLE,实物交割,10,10吨/手,1元/吨,元（人民币）/吨（交易报价为不含税价格）,上一交易日结算价±5%,CHECK_DYNAMIC_BY_EXCHANGE_NOTICE,上午9:00～11:30，下午1:30～3:00和交易所规定的其他交易时间。,N,CHECK_DYNAMIC_BY_EXCHANGE_NOTICE,实物交割,Y,Tushare,ExchangeOfficialWebsite,LOCAL_HTML_PARSED_NEED_REVIEW,2026-05-22,"由 futures_master 自动生成交易规则详情表骨架，规则字段后续需根据交易所官网或人工规则表补充。 | auto_filled_from_tushare: trading_hours/observed_delivery_months/sample_last_ddate | local_html_parsed_rule: 来自交易所官网本地HTML解析，需人工抽查确认 | akshare_openctp_fill: filled contract_multiplier, need review","1,2,3,4,5,6,7,8,9,10,11,12",20270511,上海期货交易所官网,https://www.shfe.com.cn/products/futures/energyandchemical/fu_f/,TODO,,2026-05-22 12:38:28,N,,HTML_PARSED_NEED_REVIEW,contract_rule_code
FUT_SHFE_HC,HC,热轧卷板,FUTURE,COMMODITY_FUTURE,SHFE,上海期货交易所,CN,CNY,1～12月,CHECK,1～12月,CHECK,CHECK,NA_NOT_APPLICABLE,NA_NOT_APPLICABLE,合约月份的15日（遇国家法定节假日顺延，春节月份等最后交易日交易所可另行调整并通知）,最后交易日后连续二个工作日,NA_NOT_APPLICABLE,NA_NOT_APPLICABLE,实物交割,10,10吨/手,1元/吨,元（人民币）/吨,上一交易日结算价±3%,CHECK_DYNAMIC_BY_EXCHANGE_NOTICE,上午9:00－11:30 ，下午1:30－3:00和交易所规定的其他交易时间,N,CHECK_DYNAMIC_BY_EXCHANGE_NOTICE,实物交割,Y,Tushare,ExchangeOfficialWebsite,LOCAL_HTML_PARSED_NEED_REVIEW,2026-05-22,"由 futures_master 自动生成交易规则详情表骨架，规则字段后续需根据交易所官网或人工规则表补充。 | auto_filled_from_tushare: trading_hours/observed_delivery_months/sample_last_ddate | local_html_parsed_rule: 来自交易所官网本地HTML解析，需人工抽查确认 | akshare_openctp_fill: filled contract_multiplier, need review","1,2,3,4,5,6,7,8,9,10,11,12",20270519,上海期货交易所官网,https://www.shfe.com.cn/products/futures/metal/ferrousandpreciousmetal/hc_f/,TODO,,2026-05-22 12:38:28,N,,HTML_PARSED_NEED_REVIEW,contract_rule_code
FUT_SHFE_NI,NI,沪镍,FUTURE,COMMODITY_FUTURE,SHFE,上海期货交易所,CN,CNY,1～12月,CHECK,1～12月,CHECK,CHECK,NA_NOT_APPLICABLE,NA_NOT_APPLICABLE,合约月份的15日（遇国家法定节假日顺延，春节月份等最后交易日交易所可另行调整并通知）,最后交易日后连续二个工作日,NA_NOT_APPLICABLE,NA_NOT_APPLICABLE,实物交割,1,1吨/手,10元/吨,元（人民币）/吨,上一交易日结算价±4%,CHECK_DYNAMIC_BY_EXCHANGE_NOTICE,上午9:00－11:30 ，下午1:30－3:00和交易所规定的其他交易时间,N,CHECK_DYNAMIC_BY_EXCHANGE_NOTICE,实物交割,Y,Tushare,ExchangeOfficialWebsite,LOCAL_HTML_PARSED_NEED_REVIEW,2026-05-22,"由 futures_master 自动生成交易规则详情表骨架，规则字段后续需根据交易所官网或人工规则表补充。 | auto_filled_from_tushare: trading_hours/observed_delivery_months/sample_last_ddate | local_html_parsed_rule: 来自交易所官网本地HTML解析，需人工抽查确认 | akshare_openctp_fill: filled contract_multiplier, need review","1,2,3,4,5,6,7,8,9,10,11,12",20270519,上海期货交易所官网,https://www.shfe.com.cn/products/futures/metal/nonferrousmetal/ni_f/,TODO,,2026-05-22 12:38:28,N,,HTML_PARSED_NEED_REVIEW,contract_rule_code
FUT_SHFE_OP,OP,双胶纸,FUTURE,COMMODITY_FUTURE,SHFE,上海期货交易所,CN,CNY,1-12月,CONTINUOUS_12_MONTHS,连续12个月,"months=1,2,3,4,5,6,7,8,9,10,11,12",连续12个月,NA_NOT_APPLICABLE,NA_NOT_APPLICABLE,CHECK,CHECK,NA_NOT_APPLICABLE,NA_NOT_APPLICABLE,CHECK,40,吨,2.0,人民币元/吨,CHECK_DYNAMIC_BY_EXCHANGE_NOTICE,AKShare/OpenCTP margin_rate_long=0.09; margin_rate_short=0.09; update_time=2026-05-22 12:38:28,"上午9:00-11:30,下午13:30-15:00,下午21:00-23:00(夜盘)",CHECK,CHECK_DYNAMIC_BY_EXCHANGE_NOTICE,CHECK,N,Tushare,ExchangeOfficialWebsite,INFERRED_FROM_TUSHARE_LISTED_CONTRACTS_NEED_REVIEW,2026-05-22,"由 futures_master 自动生成交易规则详情表骨架，规则字段后续需根据交易所官网或人工规则表补充。 | auto_filled_from_tushare: trading_hours/observed_delivery_months/sample_last_ddate | akshare_openctp_fill: filled contract_multiplier/tick_size/margin_rule, need review | inferred_contract_month_rule_from_tushare_observed_delivery_months: need review","1,2,3,4,5,6,7,8,9,10,11,12",20270519,,,,,2026-05-22 12:38:28,N,,INFERRED_NEED_REVIEW,last_trading_day_rule;settlement_type;delivery_rule
FUT_SHFE_PB,PB,沪铅,FUTURE,COMMODITY_FUTURE,SHFE,上海期货交易所,CN,CNY,1～12月,CHECK,1～12月,CHECK,CHECK,NA_NOT_APPLICABLE,NA_NOT_APPLICABLE,合约月份的15日（遇国家法定节假日顺延，春节月份等最后交易日交易所可另行调整并通知）,最后交易日后连续二个工作日,NA_NOT_APPLICABLE,NA_NOT_APPLICABLE,实物交割,5,5吨/手,5元/吨,元（人民币）/吨,上一交易日结算价±4%,CHECK_DYNAMIC_BY_EXCHANGE_NOTICE,上午9:00－11:30 ，下午1:30－3:00和交易所规定的其他交易时间,N,CHECK_DYNAMIC_BY_EXCHANGE_NOTICE,实物交割,Y,Tushare,ExchangeOfficialWebsite,LOCAL_HTML_PARSED_NEED_REVIEW,2026-05-22,"由 futures_master 自动生成交易规则详情表骨架，规则字段后续需根据交易所官网或人工规则表补充。 | auto_filled_from_tushare: trading_hours/observed_delivery_months/sample_last_ddate | local_html_parsed_rule: 来自交易所官网本地HTML解析，需人工抽查确认 | akshare_openctp_fill: filled contract_multiplier, need review","1,2,3,4,5,6,7,8,9,10,11,12",20270519,上海期货交易所官网,https://www.shfe.com.cn/products/futures/metal/nonferrousmetal/pb_f/,TODO,,2026-05-22 12:38:28,N,,HTML_PARSED_NEED_REVIEW,contract_rule_code
FUT_SHFE_RB,RB,螺纹钢,FUTURE,COMMODITY_FUTURE,SHFE,上海期货交易所,CN,CNY,1～12月,CHECK,1～12月,CHECK,CHECK,NA_NOT_APPLICABLE,NA_NOT_APPLICABLE,合约月份的15日（遇国家法定节假日顺延，春节月份等最后交易日交易所可另行调整并通知）,最后交易日后连续二个工作日,NA_NOT_APPLICABLE,NA_NOT_APPLICABLE,实物交割,10,10吨/手,1元/吨,元（人民币）/吨,上一交易日结算价±3%,CHECK_DYNAMIC_BY_EXCHANGE_NOTICE,上午9:00－11:30 ，下午1:30－3:00和交易所规定的其他交易时间,N,CHECK_DYNAMIC_BY_EXCHANGE_NOTICE,实物交割,Y,Tushare,ExchangeOfficialWebsite,LOCAL_HTML_PARSED_NEED_REVIEW,2026-05-22,"由 futures_master 自动生成交易规则详情表骨架，规则字段后续需根据交易所官网或人工规则表补充。 | auto_filled_from_tushare: trading_hours/observed_delivery_months/sample_last_ddate | local_html_parsed_rule: 来自交易所官网本地HTML解析，需人工抽查确认 | akshare_openctp_fill: filled contract_multiplier, need review","1,2,3,4,5,6,7,8,9,10,11,12",20270519,上海期货交易所官网,https://www.shfe.com.cn/products/futures/metal/ferrousandpreciousmetal/rb_f/,TODO,,2026-05-22 12:38:28,N,,HTML_PARSED_NEED_REVIEW,contract_rule_code
FUT_SHFE_RU,RU,橡胶,FUTURE,COMMODITY_FUTURE,SHFE,上海期货交易所,CN,CNY,1、3、4、5、6、7、8、9、10、11月,CHECK,1、3、4、5、6、7、8、9、10、11月,CHECK,CHECK,NA_NOT_APPLICABLE,NA_NOT_APPLICABLE,合约月份的15日（遇国家法定节假日顺延，春节月份等最后交易日交易所可另行调整并通知）,最后交易日后连续二个工作日,NA_NOT_APPLICABLE,NA_NOT_APPLICABLE,实物交割,10,10吨/手,5元/吨,元（人民币）/吨,上一交易日结算价±3%,CHECK_DYNAMIC_BY_EXCHANGE_NOTICE,上午9:00～11:30，下午1:30～3:00和交易所规定的其他交易时间,N,CHECK_DYNAMIC_BY_EXCHANGE_NOTICE,实物交割,Y,Tushare,ExchangeOfficialWebsite,LOCAL_HTML_PARSED_NEED_REVIEW,2026-05-22,"由 futures_master 自动生成交易规则详情表骨架，规则字段后续需根据交易所官网或人工规则表补充。 | auto_filled_from_tushare: trading_hours/observed_delivery_months/sample_last_ddate | local_html_parsed_rule: 来自交易所官网本地HTML解析，需人工抽查确认 | akshare_openctp_fill: filled contract_multiplier, need review","1,2,3,4,5,6,7,8,9,10,11,12",20270519,上海期货交易所官网,https://www.shfe.com.cn/products/futures/energyandchemical/ru_f/,TODO,,2026-05-22 12:38:28,N,,HTML_PARSED_NEED_REVIEW,contract_rule_code
FUT_SHFE_SN,SN,沪锡,FUTURE,COMMODITY_FUTURE,SHFE,上海期货交易所,CN,CNY,1～12月,CHECK,1～12月,CHECK,CHECK,NA_NOT_APPLICABLE,NA_NOT_APPLICABLE,合约月份的15日（遇国家法定节假日顺延，春节月份等最后交易日交易所可另行调整并通知）,最后交易日后连续二个工作日,NA_NOT_APPLICABLE,NA_NOT_APPLICABLE,实物交割,1,1吨/手,10元/吨,元（人民币）/吨,上一交易日结算价±4%,CHECK_DYNAMIC_BY_EXCHANGE_NOTICE,上午9:00－11:30 ，下午1:30－3:00和交易所规定的其他交易时间,N,CHECK_DYNAMIC_BY_EXCHANGE_NOTICE,实物交割,Y,Tushare,ExchangeOfficialWebsite,LOCAL_HTML_PARSED_NEED_REVIEW,2026-05-22,"由 futures_master 自动生成交易规则详情表骨架，规则字段后续需根据交易所官网或人工规则表补充。 | auto_filled_from_tushare: trading_hours/observed_delivery_months/sample_last_ddate | local_html_parsed_rule: 来自交易所官网本地HTML解析，需人工抽查确认 | akshare_openctp_fill: filled contract_multiplier, need review","1,2,3,4,5,6,7,8,9,10,11,12",20270519,上海期货交易所官网,https://www.shfe.com.cn/products/futures/metal/nonferrousmetal/sn_f/,TODO,,2026-05-22 12:38:28,N,,HTML_PARSED_NEED_REVIEW,contract_rule_code
FUT_SHFE_SP,SP,纸浆,FUTURE,COMMODITY_FUTURE,SHFE,上海期货交易所,CN,CNY,1～12月,CHECK,1～12月,CHECK,CHECK,NA_NOT_APPLICABLE,NA_NOT_APPLICABLE,合约月份的15日（遇国家法定节假日顺延，春节月份等最后交易日交易所可另行调整并通知）,最后交易日后连续二个工作日,NA_NOT_APPLICABLE,NA_NOT_APPLICABLE,实物交割,10,10吨/手,2元/吨,元（人民币）/吨,上一交易日结算价±3%,CHECK_DYNAMIC_BY_EXCHANGE_NOTICE,上午9:00～11:30，下午1:30～3:00和交易所规定的其他交易时间。,N,CHECK_DYNAMIC_BY_EXCHANGE_NOTICE,实物交割,Y,Tushare,ExchangeOfficialWebsite,LOCAL_HTML_PARSED_NEED_REVIEW,2026-05-22,"由 futures_master 自动生成交易规则详情表骨架，规则字段后续需根据交易所官网或人工规则表补充。 | auto_filled_from_tushare: trading_hours/observed_delivery_months/sample_last_ddate | local_html_parsed_rule: 来自交易所官网本地HTML解析，需人工抽查确认 | akshare_openctp_fill: filled contract_multiplier, need review","1,2,3,4,5,6,7,8,9,10,11,12",20270519,上海期货交易所官网,https://www.shfe.com.cn/products/futures/energyandchemical/sp_f/,TODO,,2026-05-22 12:38:28,N,,HTML_PARSED_NEED_REVIEW,contract_rule_code
FUT_SHFE_SS,SS,不锈钢,FUTURE,COMMODITY_FUTURE,SHFE,上海期货交易所,CN,CNY,1～12月,CHECK,1～12月,CHECK,CHECK,NA_NOT_APPLICABLE,NA_NOT_APPLICABLE,合约月份的15日（遇国家法定节假日顺延，春节月份等最后交易日交易所可另行调整并通知）,最后交易日后连续二个工作日,NA_NOT_APPLICABLE,NA_NOT_APPLICABLE,实物交割,5,5吨/手,5元/吨,元（人民币）/吨,上一交易日结算价±4%,CHECK_DYNAMIC_BY_EXCHANGE_NOTICE,上午9:00－11:30 ，下午1:30－3:00和交易所规定的其他交易时间,N,CHECK_DYNAMIC_BY_EXCHANGE_NOTICE,实物交割,Y,Tushare,ExchangeOfficialWebsite,LOCAL_HTML_PARSED_NEED_REVIEW,2026-05-22,"由 futures_master 自动生成交易规则详情表骨架，规则字段后续需根据交易所官网或人工规则表补充。 | auto_filled_from_tushare: trading_hours/observed_delivery_months/sample_last_ddate | local_html_parsed_rule: 来自交易所官网本地HTML解析，需人工抽查确认 | akshare_openctp_fill: filled contract_multiplier, need review","1,2,3,4,5,6,7,8,9,10,11,12",20270519,上海期货交易所官网,https://www.shfe.com.cn/products/futures/metal/ferrousandpreciousmetal/ss_f/,TODO,,2026-05-22 12:38:28,N,,HTML_PARSED_NEED_REVIEW,contract_rule_code
FUT_SHFE_WR,WR,线材,FUTURE,COMMODITY_FUTURE,SHFE,上海期货交易所,CN,CNY,1～12月,CHECK,1～12月,CHECK,CHECK,NA_NOT_APPLICABLE,NA_NOT_APPLICABLE,合约月份的15日（遇国家法定节假日顺延，春节月份等最后交易日交易所可另行调整并通知）,最后交易日后连续二个工作日,NA_NOT_APPLICABLE,NA_NOT_APPLICABLE,实物交割,10,10吨/手,1元/吨,元（人民币）/吨,上一交易日结算价±5%,CHECK_DYNAMIC_BY_EXCHANGE_NOTICE,上午9:00－11:30 ，下午1:30－3:00和交易所规定的其他交易时间,N,CHECK_DYNAMIC_BY_EXCHANGE_NOTICE,实物交割,Y,Tushare,ExchangeOfficialWebsite,LOCAL_HTML_PARSED_NEED_REVIEW,2026-05-22,"由 futures_master 自动生成交易规则详情表骨架，规则字段后续需根据交易所官网或人工规则表补充。 | auto_filled_from_tushare: trading_hours/observed_delivery_months/sample_last_ddate | local_html_parsed_rule: 来自交易所官网本地HTML解析，需人工抽查确认 | akshare_openctp_fill: filled contract_multiplier, need review","1,2,3,4,5,6,7,8,9,10,11,12",20270519,上海期货交易所官网,https://www.shfe.com.cn/products/futures/metal/ferrousandpreciousmetal/wr_f/,TODO,,2026-05-22 12:38:28,N,,HTML_PARSED_NEED_REVIEW,contract_rule_code
FUT_SHFE_ZN,ZN,沪锌,FUTURE,COMMODITY_FUTURE,SHFE,上海期货交易所,CN,CNY,1～12月,CHECK,1～12月,CHECK,CHECK,NA_NOT_APPLICABLE,NA_NOT_APPLICABLE,合约月份的15日（遇国家法定节假日顺延，春节月份等最后交易日交易所可另行调整并通知）,最后交易日后连续二个工作日,NA_NOT_APPLICABLE,NA_NOT_APPLICABLE,实物交割,5,5吨/手,5元/吨,元（人民币）/吨,上一交易日结算价±4%,CHECK_DYNAMIC_BY_EXCHANGE_NOTICE,上午9:00－11:30 ，下午1:30－3:00和交易所规定的其他交易时间,N,CHECK_DYNAMIC_BY_EXCHANGE_NOTICE,实物交割,Y,Tushare,ExchangeOfficialWebsite,LOCAL_HTML_PARSED_NEED_REVIEW,2026-05-22,"由 futures_master 自动生成交易规则详情表骨架，规则字段后续需根据交易所官网或人工规则表补充。 | auto_filled_from_tushare: trading_hours/observed_delivery_months/sample_last_ddate | local_html_parsed_rule: 来自交易所官网本地HTML解析，需人工抽查确认 | akshare_openctp_fill: filled contract_multiplier, need review","1,2,3,4,5,6,7,8,9,10,11,12",20270519,上海期货交易所官网,https://www.shfe.com.cn/products/futures/metal/nonferrousmetal/zn_f/,TODO,,2026-05-22 12:38:28,N,,HTML_PARSED_NEED_REVIEW,contract_rule_code
