asset_id,asset_type,subtype,symbol,name_cn,name_en,exchange_code,exchange_name,country,currency,underlying_group,sector,tradable,can_long,can_short,data_source_1,data_source_2,source_status,update_date,notes
FUT_CFFEX_IC,FUTURE,INDEX_FUTURE,IC,中证500股指期货,TODO,CFFEX,中国金融期货交易所,CN,CNY,CSI500,金融-股指,Y,Y,Y,Tushare,ExchangeOfficialWebsite,MIXED,2026-05-22,从 Tushare fut_basic 合约维度原始数据聚合到期货品种维度，待人工复核。 CFFEX中文名按品种代码规则补充。
FUT_CFFEX_IF,FUTURE,INDEX_FUTURE,IF,沪深300股指期货,TODO,CFFEX,中国金融期货交易所,CN,CNY,CSI300,金融-股指,Y,Y,Y,Tushare,ExchangeOfficialWebsite,MIXED,2026-05-22,从 Tushare fut_basic 合约维度原始数据聚合到期货品种维度，待人工复核。 CFFEX中文名按品种代码规则补充。
FUT_CFFEX_IH,FUTURE,INDEX_FUTURE,IH,上证50股指期货,TODO,CFFEX,中国金融期货交易所,CN,CNY,SSE50,金融-股指,Y,Y,Y,Tushare,ExchangeOfficialWebsite,MIXED,2026-05-22,从 Tushare fut_basic 合约维度原始数据聚合到期货品种维度，待人工复核。 CFFEX中文名按品种代码规则补充。
FUT_CFFEX_IM,FUTURE,INDEX_FUTURE,IM,中证1000股指期货,TODO,CFFEX,中国金融期货交易所,CN,CNY,CSI1000,金融-股指,Y,Y,Y,Tushare,ExchangeOfficialWebsite,MIXED,2026-05-22,从 Tushare fut_basic 合约维度原始数据聚合到期货品种维度，待人工复核。 CFFEX中文名按品种代码规则补充。
FUT_CFFEX_T,FUTURE,TREASURY_FUTURE,T,10年期国债期货,TODO,CFFEX,中国金融期货交易所,CN,CNY,CGB_10Y,金融-国债,Y,Y,Y,Tushare,ExchangeOfficialWebsite,MIXED,2026-05-22,从 Tushare fut_basic 合约维度原始数据聚合到期货品种维度，待人工复核。 CFFEX中文名按品种代码规则补充。
FUT_CFFEX_TF,FUTURE,TREASURY_FUTURE,TF,5年期国债期货,TODO,CFFEX,中国金融期货交易所,CN,CNY,CGB_5Y,金融-国债,Y,Y,Y,Tushare,ExchangeOfficialWebsite,MIXED,2026-05-22,从 Tushare fut_basic 合约维度原始数据聚合到期货品种维度，待人工复核。 CFFEX中文名按品种代码规则补充。
FUT_CFFEX_TL,FUTURE,TREASURY_FUTURE,TL,30年期国债期货,TODO,CFFEX,中国金融期货交易所,CN,CNY,CGB_30Y,金融-国债,Y,Y,Y,Tushare,ExchangeOfficialWebsite,MIXED,2026-05-22,从 Tushare fut_basic 合约维度原始数据聚合到期货品种维度，待人工复核。 CFFEX中文名按品种代码规则补充。
FUT_CFFEX_TS,FUTURE,TREASURY_FUTURE,TS,2年期国债期货,TODO,CFFEX,中国金融期货交易所,CN,CNY,CGB_2Y,金融-国债,Y,Y,Y,Tushare,ExchangeOfficialWebsite,MIXED,2026-05-22,从 Tushare fut_basic 合约维度原始数据聚合到期货品种维度，待人工复核。 CFFEX中文名按品种代码规则补充。
FUT_CZCE_AP,FUTURE,COMMODITY_FUTURE,AP,苹果,TODO,CZCE,郑州商品交易所,CN,CNY,CHECK,农产品,Y,Y,Y,Tushare,ExchangeOfficialWebsite,MIXED,2026-05-22,从 Tushare fut_basic 合约维度原始数据聚合到期货品种维度，待人工复核。
FUT_CZCE_CF,FUTURE,COMMODITY_FUTURE,CF,郑棉,TODO,CZCE,郑州商品交易所,CN,CNY,COTTON,农产品,Y,Y,Y,Tushare,ExchangeOfficialWebsite,MIXED,2026-05-22,从 Tushare fut_basic 合约维度原始数据聚合到期货品种维度，待人工复核。
FUT_CZCE_CJ,FUTURE,COMMODITY_FUTURE,CJ,红枣,TODO,CZCE,郑州商品交易所,CN,CNY,CHECK,农产品,Y,Y,Y,Tushare,ExchangeOfficialWebsite,MIXED,2026-05-22,从 Tushare fut_basic 合约维度原始数据聚合到期货品种维度，待人工复核。
FUT_CZCE_CY,FUTURE,COMMODITY_FUTURE,CY,棉纱,TODO,CZCE,郑州商品交易所,CN,CNY,CHECK,CHECK,Y,Y,Y,Tushare,ExchangeOfficialWebsite,MIXED,2026-05-22,从 Tushare fut_basic 合约维度原始数据聚合到期货品种维度，待人工复核。
FUT_CZCE_ER,FUTURE,COMMODITY_FUTURE,ER,早籼稻,TODO,CZCE,郑州商品交易所,CN,CNY,CHECK,CHECK,Y,Y,Y,Tushare,ExchangeOfficialWebsite,MIXED,2026-05-22,从 Tushare fut_basic 合约维度原始数据聚合到期货品种维度，待人工复核。
FUT_CZCE_FG,FUTURE,COMMODITY_FUTURE,FG,玻璃,TODO,CZCE,郑州商品交易所,CN,CNY,CHECK,CHECK,Y,Y,Y,Tushare,ExchangeOfficialWebsite,MIXED,2026-05-22,从 Tushare fut_basic 合约维度原始数据聚合到期货品种维度，待人工复核。
FUT_CZCE_JR,FUTURE,COMMODITY_FUTURE,JR,粳稻,TODO,CZCE,郑州商品交易所,CN,CNY,CHECK,CHECK,Y,Y,Y,Tushare,ExchangeOfficialWebsite,MIXED,2026-05-22,从 Tushare fut_basic 合约维度原始数据聚合到期货品种维度，待人工复核。
FUT_CZCE_LR,FUTURE,COMMODITY_FUTURE,LR,晚籼稻,TODO,CZCE,郑州商品交易所,CN,CNY,CHECK,CHECK,Y,Y,Y,Tushare,ExchangeOfficialWebsite,MIXED,2026-05-22,从 Tushare fut_basic 合约维度原始数据聚合到期货品种维度，待人工复核。
FUT_CZCE_MA,FUTURE,COMMODITY_FUTURE,MA,甲醇,TODO,CZCE,郑州商品交易所,CN,CNY,METHANOL,能源化工,Y,Y,Y,Tushare,ExchangeOfficialWebsite,MIXED,2026-05-22,从 Tushare fut_basic 合约维度原始数据聚合到期货品种维度，待人工复核。
FUT_CZCE_ME,FUTURE,COMMODITY_FUTURE,ME,甲醇,TODO,CZCE,郑州商品交易所,CN,CNY,CHECK,CHECK,Y,Y,Y,Tushare,ExchangeOfficialWebsite,MIXED,2026-05-22,从 Tushare fut_basic 合约维度原始数据聚合到期货品种维度，待人工复核。
FUT_CZCE_OI,FUTURE,COMMODITY_FUTURE,OI,菜油,TODO,CZCE,郑州商品交易所,CN,CNY,CHECK,农产品,Y,Y,Y,Tushare,ExchangeOfficialWebsite,MIXED,2026-05-22,从 Tushare fut_basic 合约维度原始数据聚合到期货品种维度，待人工复核。
FUT_CZCE_PF,FUTURE,COMMODITY_FUTURE,PF,短纤,TODO,CZCE,郑州商品交易所,CN,CNY,POLYESTER_STAPLE_FIBER,能源化工,Y,Y,Y,Tushare,ExchangeOfficialWebsite,MIXED,2026-05-22,从 Tushare fut_basic 合约维度原始数据聚合到期货品种维度，待人工复核。
FUT_CZCE_PK,FUTURE,COMMODITY_FUTURE,PK,花生,TODO,CZCE,郑州商品交易所,CN,CNY,CHECK,农产品,Y,Y,Y,Tushare,ExchangeOfficialWebsite,MIXED,2026-05-22,从 Tushare fut_basic 合约维度原始数据聚合到期货品种维度，待人工复核。
FUT_CZCE_PL,FUTURE,COMMODITY_FUTURE,PL,丙烯,TODO,CZCE,郑州商品交易所,CN,CNY,CHECK,CHECK,Y,Y,Y,Tushare,ExchangeOfficialWebsite,MIXED,2026-05-22,从 Tushare fut_basic 合约维度原始数据聚合到期货品种维度，待人工复核。
FUT_CZCE_PM,FUTURE,COMMODITY_FUTURE,PM,普麦,TODO,CZCE,郑州商品交易所,CN,CNY,CHECK,CHECK,Y,Y,Y,Tushare,ExchangeOfficialWebsite,MIXED,2026-05-22,从 Tushare fut_basic 合约维度原始数据聚合到期货品种维度，待人工复核。
FUT_CZCE_PR,FUTURE,COMMODITY_FUTURE,PR,瓶片,TODO,CZCE,郑州商品交易所,CN,CNY,CHECK,CHECK,Y,Y,Y,Tushare,ExchangeOfficialWebsite,MIXED,2026-05-22,从 Tushare fut_basic 合约维度原始数据聚合到期货品种维度，待人工复核。
FUT_CZCE_PX,FUTURE,COMMODITY_FUTURE,PX,对二甲苯,TODO,CZCE,郑州商品交易所,CN,CNY,CHECK,CHECK,Y,Y,Y,Tushare,ExchangeOfficialWebsite,MIXED,2026-05-22,从 Tushare fut_basic 合约维度原始数据聚合到期货品种维度，待人工复核。
FUT_CZCE_RI,FUTURE,COMMODITY_FUTURE,RI,早籼稻,TODO,CZCE,郑州商品交易所,CN,CNY,CHECK,CHECK,Y,Y,Y,Tushare,ExchangeOfficialWebsite,MIXED,2026-05-22,从 Tushare fut_basic 合约维度原始数据聚合到期货品种维度，待人工复核。
FUT_CZCE_RM,FUTURE,COMMODITY_FUTURE,RM,菜粕,TODO,CZCE,郑州商品交易所,CN,CNY,CHECK,农产品,Y,Y,Y,Tushare,ExchangeOfficialWebsite,MIXED,2026-05-22,从 Tushare fut_basic 合约维度原始数据聚合到期货品种维度，待人工复核。
FUT_CZCE_RO,FUTURE,COMMODITY_FUTURE,RO,菜油,TODO,CZCE,郑州商品交易所,CN,CNY,CHECK,CHECK,Y,Y,Y,Tushare,ExchangeOfficialWebsite,MIXED,2026-05-22,从 Tushare fut_basic 合约维度原始数据聚合到期货品种维度，待人工复核。
FUT_CZCE_RS,FUTURE,COMMODITY_FUTURE,RS,菜籽,TODO,CZCE,郑州商品交易所,CN,CNY,CHECK,CHECK,Y,Y,Y,Tushare,ExchangeOfficialWebsite,MIXED,2026-05-22,从 Tushare fut_basic 合约维度原始数据聚合到期货品种维度，待人工复核。
FUT_CZCE_SA,FUTURE,COMMODITY_FUTURE,SA,纯碱,TODO,CZCE,郑州商品交易所,CN,CNY,SODA_ASH,能源化工,Y,Y,Y,Tushare,ExchangeOfficialWebsite,MIXED,2026-05-22,从 Tushare fut_basic 合约维度原始数据聚合到期货品种维度，待人工复核。
FUT_CZCE_SF,FUTURE,COMMODITY_FUTURE,SF,硅铁,TODO,CZCE,郑州商品交易所,CN,CNY,CHECK,黑色系,Y,Y,Y,Tushare,ExchangeOfficialWebsite,MIXED,2026-05-22,从 Tushare fut_basic 合约维度原始数据聚合到期货品种维度，待人工复核。
FUT_CZCE_SH,FUTURE,COMMODITY_FUTURE,SH,烧碱,TODO,CZCE,郑州商品交易所,CN,CNY,CHECK,CHECK,Y,Y,Y,Tushare,ExchangeOfficialWebsite,MIXED,2026-05-22,从 Tushare fut_basic 合约维度原始数据聚合到期货品种维度，待人工复核。
FUT_CZCE_SM,FUTURE,COMMODITY_FUTURE,SM,锰硅,TODO,CZCE,郑州商品交易所,CN,CNY,CHECK,黑色系,Y,Y,Y,Tushare,ExchangeOfficialWebsite,MIXED,2026-05-22,从 Tushare fut_basic 合约维度原始数据聚合到期货品种维度，待人工复核。
FUT_CZCE_SR,FUTURE,COMMODITY_FUTURE,SR,白糖,TODO,CZCE,郑州商品交易所,CN,CNY,SUGAR,农产品,Y,Y,Y,Tushare,ExchangeOfficialWebsite,MIXED,2026-05-22,从 Tushare fut_basic 合约维度原始数据聚合到期货品种维度，待人工复核。
FUT_CZCE_TA,FUTURE,COMMODITY_FUTURE,TA,PTA,TODO,CZCE,郑州商品交易所,CN,CNY,PTA,能源化工,Y,Y,Y,Tushare,ExchangeOfficialWebsite,MIXED,2026-05-22,从 Tushare fut_basic 合约维度原始数据聚合到期货品种维度，待人工复核。
FUT_CZCE_TC,FUTURE,COMMODITY_FUTURE,TC,动力煤,TODO,CZCE,郑州商品交易所,CN,CNY,CHECK,CHECK,Y,Y,Y,Tushare,ExchangeOfficialWebsite,MIXED,2026-05-22,从 Tushare fut_basic 合约维度原始数据聚合到期货品种维度，待人工复核。
FUT_CZCE_UR,FUTURE,COMMODITY_FUTURE,UR,尿素,TODO,CZCE,郑州商品交易所,CN,CNY,UREA,能源化工,Y,Y,Y,Tushare,ExchangeOfficialWebsite,MIXED,2026-05-22,从 Tushare fut_basic 合约维度原始数据聚合到期货品种维度，待人工复核。
FUT_CZCE_WH,FUTURE,COMMODITY_FUTURE,WH,强麦,TODO,CZCE,郑州商品交易所,CN,CNY,CHECK,CHECK,Y,Y,Y,Tushare,ExchangeOfficialWebsite,MIXED,2026-05-22,从 Tushare fut_basic 合约维度原始数据聚合到期货品种维度，待人工复核。
FUT_CZCE_WS,FUTURE,COMMODITY_FUTURE,WS,强麦,TODO,CZCE,郑州商品交易所,CN,CNY,CHECK,CHECK,Y,Y,Y,Tushare,ExchangeOfficialWebsite,MIXED,2026-05-22,从 Tushare fut_basic 合约维度原始数据聚合到期货品种维度，待人工复核。
FUT_CZCE_WT,FUTURE,COMMODITY_FUTURE,WT,硬麦,TODO,CZCE,郑州商品交易所,CN,CNY,CHECK,CHECK,Y,Y,Y,Tushare,ExchangeOfficialWebsite,MIXED,2026-05-22,从 Tushare fut_basic 合约维度原始数据聚合到期货品种维度，待人工复核。
FUT_CZCE_ZC,FUTURE,COMMODITY_FUTURE,ZC,动力煤,TODO,CZCE,郑州商品交易所,CN,CNY,CHECK,CHECK,Y,Y,Y,Tushare,ExchangeOfficialWebsite,MIXED,2026-05-22,从 Tushare fut_basic 合约维度原始数据聚合到期货品种维度，待人工复核。
FUT_DCE_A,FUTURE,COMMODITY_FUTURE,A,豆一,TODO,DCE,大连商品交易所,CN,CNY,SOYBEAN,农产品,Y,Y,Y,Tushare,ExchangeOfficialWebsite,MIXED,2026-05-22,从 Tushare fut_basic 合约维度原始数据聚合到期货品种维度，待人工复核。
FUT_DCE_B,FUTURE,COMMODITY_FUTURE,B,豆二,TODO,DCE,大连商品交易所,CN,CNY,SOYBEAN,农产品,Y,Y,Y,Tushare,ExchangeOfficialWebsite,MIXED,2026-05-22,从 Tushare fut_basic 合约维度原始数据聚合到期货品种维度，待人工复核。
FUT_DCE_BB,FUTURE,COMMODITY_FUTURE,BB,胶合板,TODO,DCE,大连商品交易所,CN,CNY,CHECK,CHECK,Y,Y,Y,Tushare,ExchangeOfficialWebsite,MIXED,2026-05-22,从 Tushare fut_basic 合约维度原始数据聚合到期货品种维度，待人工复核。
FUT_DCE_BZ,FUTURE,COMMODITY_FUTURE,BZ,纯苯,TODO,DCE,大连商品交易所,CN,CNY,CHECK,CHECK,Y,Y,Y,Tushare,ExchangeOfficialWebsite,MIXED,2026-05-22,从 Tushare fut_basic 合约维度原始数据聚合到期货品种维度，待人工复核。
FUT_DCE_C,FUTURE,COMMODITY_FUTURE,C,玉米,TODO,DCE,大连商品交易所,CN,CNY,CORN,农产品,Y,Y,Y,Tushare,ExchangeOfficialWebsite,MIXED,2026-05-22,从 Tushare fut_basic 合约维度原始数据聚合到期货品种维度，待人工复核。
FUT_DCE_CS,FUTURE,COMMODITY_FUTURE,CS,玉米淀粉,TODO,DCE,大连商品交易所,CN,CNY,CORN_STARCH,农产品,Y,Y,Y,Tushare,ExchangeOfficialWebsite,MIXED,2026-05-22,从 Tushare fut_basic 合约维度原始数据聚合到期货品种维度，待人工复核。
FUT_DCE_EB,FUTURE,COMMODITY_FUTURE,EB,苯乙烯,TODO,DCE,大连商品交易所,CN,CNY,STYRENE,能源化工,Y,Y,Y,Tushare,ExchangeOfficialWebsite,MIXED,2026-05-22,从 Tushare fut_basic 合约维度原始数据聚合到期货品种维度，待人工复核。
FUT_DCE_EG,FUTURE,COMMODITY_FUTURE,EG,乙二醇,TODO,DCE,大连商品交易所,CN,CNY,ETHYLENE_GLYCOL,能源化工,Y,Y,Y,Tushare,ExchangeOfficialWebsite,MIXED,2026-05-22,从 Tushare fut_basic 合约维度原始数据聚合到期货品种维度，待人工复核。
FUT_DCE_FB,FUTURE,COMMODITY_FUTURE,FB,纤维板,TODO,DCE,大连商品交易所,CN,CNY,CHECK,CHECK,Y,Y,Y,Tushare,ExchangeOfficialWebsite,MIXED,2026-05-22,从 Tushare fut_basic 合约维度原始数据聚合到期货品种维度，待人工复核。
FUT_DCE_I,FUTURE,COMMODITY_FUTURE,I,铁矿石,TODO,DCE,大连商品交易所,CN,CNY,IRON_ORE,黑色系,Y,Y,Y,Tushare,ExchangeOfficialWebsite,MIXED,2026-05-22,从 Tushare fut_basic 合约维度原始数据聚合到期货品种维度，待人工复核。
FUT_DCE_J,FUTURE,COMMODITY_FUTURE,J,焦炭,TODO,DCE,大连商品交易所,CN,CNY,COKE,黑色系,Y,Y,Y,Tushare,ExchangeOfficialWebsite,MIXED,2026-05-22,从 Tushare fut_basic 合约维度原始数据聚合到期货品种维度，待人工复核。
FUT_DCE_JD,FUTURE,COMMODITY_FUTURE,JD,鸡蛋,TODO,DCE,大连商品交易所,CN,CNY,EGG,农产品,Y,Y,Y,Tushare,ExchangeOfficialWebsite,MIXED,2026-05-22,从 Tushare fut_basic 合约维度原始数据聚合到期货品种维度，待人工复核。
FUT_DCE_JM,FUTURE,COMMODITY_FUTURE,JM,焦煤,TODO,DCE,大连商品交易所,CN,CNY,COKING_COAL,黑色系,Y,Y,Y,Tushare,ExchangeOfficialWebsite,MIXED,2026-05-22,从 Tushare fut_basic 合约维度原始数据聚合到期货品种维度，待人工复核。
FUT_DCE_L,FUTURE,COMMODITY_FUTURE,L,塑料,TODO,DCE,大连商品交易所,CN,CNY,LLDPE,能源化工,Y,Y,Y,Tushare,ExchangeOfficialWebsite,MIXED,2026-05-22,从 Tushare fut_basic 合约维度原始数据聚合到期货品种维度，待人工复核。
FUT_DCE_LG,FUTURE,COMMODITY_FUTURE,LG,原木,TODO,DCE,大连商品交易所,CN,CNY,CHECK,CHECK,Y,Y,Y,Tushare,ExchangeOfficialWebsite,MIXED,2026-05-22,从 Tushare fut_basic 合约维度原始数据聚合到期货品种维度，待人工复核。
FUT_DCE_LH,FUTURE,COMMODITY_FUTURE,LH,生猪,TODO,DCE,大连商品交易所,CN,CNY,LIVE_HOG,农产品,Y,Y,Y,Tushare,ExchangeOfficialWebsite,MIXED,2026-05-22,从 Tushare fut_basic 合约维度原始数据聚合到期货品种维度，待人工复核。
FUT_DCE_L_F,FUTURE,COMMODITY_FUTURE,L_F,塑料月均价F,TODO,DCE,大连商品交易所,CN,CNY,CHECK,CHECK,Y,Y,Y,Tushare,ExchangeOfficialWebsite,MIXED,2026-05-22,从 Tushare fut_basic 合约维度原始数据聚合到期货品种维度，待人工复核。
FUT_DCE_M,FUTURE,COMMODITY_FUTURE,M,豆粕,TODO,DCE,大连商品交易所,CN,CNY,SOYBEAN_MEAL,农产品,Y,Y,Y,Tushare,ExchangeOfficialWebsite,MIXED,2026-05-22,从 Tushare fut_basic 合约维度原始数据聚合到期货品种维度，待人工复核。
FUT_DCE_P,FUTURE,COMMODITY_FUTURE,P,棕榈油,TODO,DCE,大连商品交易所,CN,CNY,PALM_OIL,农产品,Y,Y,Y,Tushare,ExchangeOfficialWebsite,MIXED,2026-05-22,从 Tushare fut_basic 合约维度原始数据聚合到期货品种维度，待人工复核。
FUT_DCE_PG,FUTURE,COMMODITY_FUTURE,PG,LPG,TODO,DCE,大连商品交易所,CN,CNY,CHECK,CHECK,Y,Y,Y,Tushare,ExchangeOfficialWebsite,MIXED,2026-05-22,从 Tushare fut_basic 合约维度原始数据聚合到期货品种维度，待人工复核。
FUT_DCE_PP,FUTURE,COMMODITY_FUTURE,PP,聚丙烯,TODO,DCE,大连商品交易所,CN,CNY,POLYPROPYLENE,能源化工,Y,Y,Y,Tushare,ExchangeOfficialWebsite,MIXED,2026-05-22,从 Tushare fut_basic 合约维度原始数据聚合到期货品种维度，待人工复核。
FUT_DCE_PP_F,FUTURE,COMMODITY_FUTURE,PP_F,聚丙烯月均价F,TODO,DCE,大连商品交易所,CN,CNY,CHECK,CHECK,Y,Y,Y,Tushare,ExchangeOfficialWebsite,MIXED,2026-05-22,从 Tushare fut_basic 合约维度原始数据聚合到期货品种维度，待人工复核。
FUT_DCE_RR,FUTURE,COMMODITY_FUTURE,RR,粳米,TODO,DCE,大连商品交易所,CN,CNY,CHECK,CHECK,Y,Y,Y,Tushare,ExchangeOfficialWebsite,MIXED,2026-05-22,从 Tushare fut_basic 合约维度原始数据聚合到期货品种维度，待人工复核。
FUT_DCE_V,FUTURE,COMMODITY_FUTURE,V,PVC,TODO,DCE,大连商品交易所,CN,CNY,PVC,能源化工,Y,Y,Y,Tushare,ExchangeOfficialWebsite,MIXED,2026-05-22,从 Tushare fut_basic 合约维度原始数据聚合到期货品种维度，待人工复核。
FUT_DCE_V_F,FUTURE,COMMODITY_FUTURE,V_F,PVC月均价F,TODO,DCE,大连商品交易所,CN,CNY,CHECK,CHECK,Y,Y,Y,Tushare,ExchangeOfficialWebsite,MIXED,2026-05-22,从 Tushare fut_basic 合约维度原始数据聚合到期货品种维度，待人工复核。
FUT_DCE_Y,FUTURE,COMMODITY_FUTURE,Y,豆油,TODO,DCE,大连商品交易所,CN,CNY,SOYBEAN_OIL,农产品,Y,Y,Y,Tushare,ExchangeOfficialWebsite,MIXED,2026-05-22,从 Tushare fut_basic 合约维度原始数据聚合到期货品种维度，待人工复核。
FUT_GFEX_LC,FUTURE,COMMODITY_FUTURE,LC,碳酸锂,TODO,GFEX,广州期货交易所,CN,CNY,LITHIUM_CARBONATE,新能源,Y,Y,Y,Tushare,ExchangeOfficialWebsite,MIXED,2026-05-22,从 Tushare fut_basic 合约维度原始数据聚合到期货品种维度，待人工复核。
FUT_GFEX_PD,FUTURE,COMMODITY_FUTURE,PD,钯,TODO,GFEX,广州期货交易所,CN,CNY,CHECK,CHECK,Y,Y,Y,Tushare,ExchangeOfficialWebsite,MIXED,2026-05-22,从 Tushare fut_basic 合约维度原始数据聚合到期货品种维度，待人工复核。
FUT_GFEX_PS,FUTURE,COMMODITY_FUTURE,PS,多晶硅,TODO,GFEX,广州期货交易所,CN,CNY,CHECK,CHECK,Y,Y,Y,Tushare,ExchangeOfficialWebsite,MIXED,2026-05-22,从 Tushare fut_basic 合约维度原始数据聚合到期货品种维度，待人工复核。
FUT_GFEX_PT,FUTURE,COMMODITY_FUTURE,PT,铂,TODO,GFEX,广州期货交易所,CN,CNY,CHECK,CHECK,Y,Y,Y,Tushare,ExchangeOfficialWebsite,MIXED,2026-05-22,从 Tushare fut_basic 合约维度原始数据聚合到期货品种维度，待人工复核。
FUT_GFEX_SI,FUTURE,COMMODITY_FUTURE,SI,工业硅,TODO,GFEX,广州期货交易所,CN,CNY,INDUSTRIAL_SILICON,新能源,Y,Y,Y,Tushare,ExchangeOfficialWebsite,MIXED,2026-05-22,从 Tushare fut_basic 合约维度原始数据聚合到期货品种维度，待人工复核。
FUT_INE_BC,FUTURE,COMMODITY_FUTURE,BC,国际铜,TODO,INE,上海国际能源交易中心,CN,CNY,COPPER,有色金属,Y,Y,Y,Tushare,ExchangeOfficialWebsite,MIXED,2026-05-22,从 Tushare fut_basic 合约维度原始数据聚合到期货品种维度，待人工复核。
FUT_INE_EC,FUTURE,COMMODITY_FUTURE,EC,集运指数(欧线),TODO,INE,上海国际能源交易中心,CN,CNY,CHECK,CHECK,Y,Y,Y,Tushare,ExchangeOfficialWebsite,MIXED,2026-05-22,从 Tushare fut_basic 合约维度原始数据聚合到期货品种维度，待人工复核。
FUT_INE_LU,FUTURE,COMMODITY_FUTURE,LU,低硫燃料油,TODO,INE,上海国际能源交易中心,CN,CNY,LOW_SULFUR_FUEL_OIL,能源化工,Y,Y,Y,Tushare,ExchangeOfficialWebsite,MIXED,2026-05-22,从 Tushare fut_basic 合约维度原始数据聚合到期货品种维度，待人工复核。
FUT_INE_NR,FUTURE,COMMODITY_FUTURE,NR,号胶,TODO,INE,上海国际能源交易中心,CN,CNY,NATURAL_RUBBER,能源化工,Y,Y,Y,Tushare,ExchangeOfficialWebsite,MIXED,2026-05-22,从 Tushare fut_basic 合约维度原始数据聚合到期货品种维度，待人工复核。
FUT_INE_SC,FUTURE,COMMODITY_FUTURE,SC,原油,TODO,INE,上海国际能源交易中心,CN,CNY,CRUDE_OIL,能源化工,Y,Y,Y,Tushare,ExchangeOfficialWebsite,MIXED,2026-05-22,从 Tushare fut_basic 合约维度原始数据聚合到期货品种维度，待人工复核。
FUT_INE_SCTAS,FUTURE,COMMODITY_FUTURE,SCTAS,原油,TODO,INE,上海国际能源交易中心,CN,CNY,CHECK,CHECK,Y,Y,Y,Tushare,ExchangeOfficialWebsite,MIXED,2026-05-22,从 Tushare fut_basic 合约维度原始数据聚合到期货品种维度，待人工复核。
FUT_SHFE_AD,FUTURE,COMMODITY_FUTURE,AD,铸造铝合金,TODO,SHFE,上海期货交易所,CN,CNY,CHECK,CHECK,Y,Y,Y,Tushare,ExchangeOfficialWebsite,MIXED,2026-05-22,从 Tushare fut_basic 合约维度原始数据聚合到期货品种维度，待人工复核。
FUT_SHFE_AG,FUTURE,COMMODITY_FUTURE,AG,沪银,TODO,SHFE,上海期货交易所,CN,CNY,SILVER,贵金属,Y,Y,Y,Tushare,ExchangeOfficialWebsite,MIXED,2026-05-22,从 Tushare fut_basic 合约维度原始数据聚合到期货品种维度，待人工复核。
FUT_SHFE_AL,FUTURE,COMMODITY_FUTURE,AL,沪铝,TODO,SHFE,上海期货交易所,CN,CNY,ALUMINUM,有色金属,Y,Y,Y,Tushare,ExchangeOfficialWebsite,MIXED,2026-05-22,从 Tushare fut_basic 合约维度原始数据聚合到期货品种维度，待人工复核。
FUT_SHFE_AO,FUTURE,COMMODITY_FUTURE,AO,氧化铝,TODO,SHFE,上海期货交易所,CN,CNY,CHECK,CHECK,Y,Y,Y,Tushare,ExchangeOfficialWebsite,MIXED,2026-05-22,从 Tushare fut_basic 合约维度原始数据聚合到期货品种维度，待人工复核。
FUT_SHFE_AU,FUTURE,COMMODITY_FUTURE,AU,沪金,TODO,SHFE,上海期货交易所,CN,CNY,GOLD,贵金属,Y,Y,Y,Tushare,ExchangeOfficialWebsite,MIXED,2026-05-22,从 Tushare fut_basic 合约维度原始数据聚合到期货品种维度，待人工复核。
FUT_SHFE_BR,FUTURE,COMMODITY_FUTURE,BR,丁二烯橡胶,TODO,SHFE,上海期货交易所,CN,CNY,CHECK,CHECK,Y,Y,Y,Tushare,ExchangeOfficialWebsite,MIXED,2026-05-22,从 Tushare fut_basic 合约维度原始数据聚合到期货品种维度，待人工复核。
FUT_SHFE_BU,FUTURE,COMMODITY_FUTURE,BU,沥青,TODO,SHFE,上海期货交易所,CN,CNY,BITUMEN,能源化工,Y,Y,Y,Tushare,ExchangeOfficialWebsite,MIXED,2026-05-22,从 Tushare fut_basic 合约维度原始数据聚合到期货品种维度，待人工复核。
FUT_SHFE_CU,FUTURE,COMMODITY_FUTURE,CU,沪铜,TODO,SHFE,上海期货交易所,CN,CNY,COPPER,有色金属,Y,Y,Y,Tushare,ExchangeOfficialWebsite,MIXED,2026-05-22,从 Tushare fut_basic 合约维度原始数据聚合到期货品种维度，待人工复核。
FUT_SHFE_FU,FUTURE,COMMODITY_FUTURE,FU,燃油,TODO,SHFE,上海期货交易所,CN,CNY,FUEL_OIL,能源化工,Y,Y,Y,Tushare,ExchangeOfficialWebsite,MIXED,2026-05-22,从 Tushare fut_basic 合约维度原始数据聚合到期货品种维度，待人工复核。
FUT_SHFE_HC,FUTURE,COMMODITY_FUTURE,HC,热轧卷板,TODO,SHFE,上海期货交易所,CN,CNY,HOT_ROLLED_COIL,黑色系,Y,Y,Y,Tushare,ExchangeOfficialWebsite,MIXED,2026-05-22,从 Tushare fut_basic 合约维度原始数据聚合到期货品种维度，待人工复核。
FUT_SHFE_NI,FUTURE,COMMODITY_FUTURE,NI,沪镍,TODO,SHFE,上海期货交易所,CN,CNY,NICKEL,有色金属,Y,Y,Y,Tushare,ExchangeOfficialWebsite,MIXED,2026-05-22,从 Tushare fut_basic 合约维度原始数据聚合到期货品种维度，待人工复核。
FUT_SHFE_OP,FUTURE,COMMODITY_FUTURE,OP,双胶纸,TODO,SHFE,上海期货交易所,CN,CNY,CHECK,CHECK,Y,Y,Y,Tushare,ExchangeOfficialWebsite,MIXED,2026-05-22,从 Tushare fut_basic 合约维度原始数据聚合到期货品种维度，待人工复核。
FUT_SHFE_PB,FUTURE,COMMODITY_FUTURE,PB,沪铅,TODO,SHFE,上海期货交易所,CN,CNY,LEAD,有色金属,Y,Y,Y,Tushare,ExchangeOfficialWebsite,MIXED,2026-05-22,从 Tushare fut_basic 合约维度原始数据聚合到期货品种维度，待人工复核。
FUT_SHFE_RB,FUTURE,COMMODITY_FUTURE,RB,螺纹钢,TODO,SHFE,上海期货交易所,CN,CNY,REBAR,黑色系,Y,Y,Y,Tushare,ExchangeOfficialWebsite,MIXED,2026-05-22,从 Tushare fut_basic 合约维度原始数据聚合到期货品种维度，待人工复核。
FUT_SHFE_RU,FUTURE,COMMODITY_FUTURE,RU,橡胶,TODO,SHFE,上海期货交易所,CN,CNY,NATURAL_RUBBER,能源化工,Y,Y,Y,Tushare,ExchangeOfficialWebsite,MIXED,2026-05-22,从 Tushare fut_basic 合约维度原始数据聚合到期货品种维度，待人工复核。
FUT_SHFE_SN,FUTURE,COMMODITY_FUTURE,SN,沪锡,TODO,SHFE,上海期货交易所,CN,CNY,TIN,有色金属,Y,Y,Y,Tushare,ExchangeOfficialWebsite,MIXED,2026-05-22,从 Tushare fut_basic 合约维度原始数据聚合到期货品种维度，待人工复核。
FUT_SHFE_SP,FUTURE,COMMODITY_FUTURE,SP,纸浆,TODO,SHFE,上海期货交易所,CN,CNY,CHECK,CHECK,Y,Y,Y,Tushare,ExchangeOfficialWebsite,MIXED,2026-05-22,从 Tushare fut_basic 合约维度原始数据聚合到期货品种维度，待人工复核。
FUT_SHFE_SS,FUTURE,COMMODITY_FUTURE,SS,不锈钢,TODO,SHFE,上海期货交易所,CN,CNY,CHECK,黑色系,Y,Y,Y,Tushare,ExchangeOfficialWebsite,MIXED,2026-05-22,从 Tushare fut_basic 合约维度原始数据聚合到期货品种维度，待人工复核。
FUT_SHFE_WR,FUTURE,COMMODITY_FUTURE,WR,线材,TODO,SHFE,上海期货交易所,CN,CNY,CHECK,CHECK,Y,Y,Y,Tushare,ExchangeOfficialWebsite,MIXED,2026-05-22,从 Tushare fut_basic 合约维度原始数据聚合到期货品种维度，待人工复核。
FUT_SHFE_ZN,FUTURE,COMMODITY_FUTURE,ZN,沪锌,TODO,SHFE,上海期货交易所,CN,CNY,ZINC,有色金属,Y,Y,Y,Tushare,ExchangeOfficialWebsite,MIXED,2026-05-22,从 Tushare fut_basic 合约维度原始数据聚合到期货品种维度，待人工复核。
OPT_CFFEX_HO,OPTION,INDEX_OPTION,HO,上证50股指期权,TODO,CFFEX,中国金融期货交易所,CN,CNY,SSE50,INDEX_OPTION,Y,Y,Y,Tushare,AKShare,TUSHARE_PRIMARY_UNDERLYING_MAPPED_NEED_REVIEW,2026-05-22,基于 Tushare opt_basic 合约维度数据聚合到期权品种维度；正式期权挂牌规则、到期日规则、行权规则仍需交易所规则复核；期权卖方开仓涉及保证金和权限约束。 | index option underlying mapped by CFFEX option code rule
OPT_CFFEX_IO,OPTION,INDEX_OPTION,IO,沪深300股指期权,TODO,CFFEX,中国金融期货交易所,CN,CNY,CSI300,INDEX_OPTION,Y,Y,Y,Tushare,AKShare,TUSHARE_PRIMARY_UNDERLYING_MAPPED_NEED_REVIEW,2026-05-22,基于 Tushare opt_basic 合约维度数据聚合到期权品种维度；正式期权挂牌规则、到期日规则、行权规则仍需交易所规则复核；期权卖方开仓涉及保证金和权限约束。 | index option underlying mapped by CFFEX option code rule
OPT_CFFEX_MO,OPTION,INDEX_OPTION,MO,中证1000股指期权,TODO,CFFEX,中国金融期货交易所,CN,CNY,CSI1000,INDEX_OPTION,Y,Y,Y,Tushare,AKShare,TUSHARE_PRIMARY_UNDERLYING_MAPPED_NEED_REVIEW,2026-05-22,基于 Tushare opt_basic 合约维度数据聚合到期权品种维度；正式期权挂牌规则、到期日规则、行权规则仍需交易所规则复核；期权卖方开仓涉及保证金和权限约束。 | index option underlying mapped by CFFEX option code rule
OPT_CZCE_AP,OPTION,COMMODITY_OPTION,AP,苹果期权,TODO,CZCE,郑州商品交易所,CN,CNY,APPLE,COMMODITY_OPTION,Y,Y,Y,Tushare,AKShare,TUSHARE_PRIMARY_UNDERLYING_GROUP_PATCHED_NEED_REVIEW,2026-05-22,"基于 Tushare opt_basic 合约维度数据聚合到期权品种维度；正式期权挂牌规则、到期日规则、行权规则仍需交易所规则复核；期权卖方开仓涉及保证金和权限约束。 | commodity option underlying matched by exchange + symbol in futures_master | underlying_group patched by conservative option symbol mapping, need review"
OPT_CZCE_CF,OPTION,COMMODITY_OPTION,CF,棉花期权,TODO,CZCE,郑州商品交易所,CN,CNY,COTTON,COMMODITY_OPTION,Y,Y,Y,Tushare,AKShare,TUSHARE_PRIMARY_UNDERLYING_MAPPED_NEED_REVIEW,2026-05-22,基于 Tushare opt_basic 合约维度数据聚合到期权品种维度；正式期权挂牌规则、到期日规则、行权规则仍需交易所规则复核；期权卖方开仓涉及保证金和权限约束。 | commodity option underlying matched by exchange + symbol in futures_master
OPT_CZCE_CJ,OPTION,COMMODITY_OPTION,CJ,红枣期权,TODO,CZCE,郑州商品交易所,CN,CNY,JUJUBE,COMMODITY_OPTION,Y,Y,Y,Tushare,AKShare,TUSHARE_PRIMARY_UNDERLYING_GROUP_PATCHED_NEED_REVIEW,2026-05-22,"基于 Tushare opt_basic 合约维度数据聚合到期权品种维度；正式期权挂牌规则、到期日规则、行权规则仍需交易所规则复核；期权卖方开仓涉及保证金和权限约束。 | commodity option underlying matched by exchange + symbol in futures_master | underlying_group patched by conservative option symbol mapping, need review"
OPT_CZCE_FG,OPTION,COMMODITY_OPTION,FG,玻璃期权,TODO,CZCE,郑州商品交易所,CN,CNY,GLASS,COMMODITY_OPTION,Y,Y,Y,Tushare,AKShare,TUSHARE_PRIMARY_UNDERLYING_GROUP_PATCHED_NEED_REVIEW,2026-05-22,"基于 Tushare opt_basic 合约维度数据聚合到期权品种维度；正式期权挂牌规则、到期日规则、行权规则仍需交易所规则复核；期权卖方开仓涉及保证金和权限约束。 | commodity option underlying matched by exchange + symbol in futures_master | underlying_group patched by conservative option symbol mapping, need review"
OPT_CZCE_MA,OPTION,COMMODITY_OPTION,MA,甲醇期权,TODO,CZCE,郑州商品交易所,CN,CNY,METHANOL,COMMODITY_OPTION,Y,Y,Y,Tushare,AKShare,TUSHARE_PRIMARY_UNDERLYING_MAPPED_NEED_REVIEW,2026-05-22,基于 Tushare opt_basic 合约维度数据聚合到期权品种维度；正式期权挂牌规则、到期日规则、行权规则仍需交易所规则复核；期权卖方开仓涉及保证金和权限约束。 | commodity option underlying matched by exchange + symbol in futures_master
OPT_CZCE_OI,OPTION,COMMODITY_OPTION,OI,菜籽油期权,TODO,CZCE,郑州商品交易所,CN,CNY,RAPESEED_OIL,COMMODITY_OPTION,Y,Y,Y,Tushare,AKShare,TUSHARE_PRIMARY_UNDERLYING_GROUP_PATCHED_NEED_REVIEW,2026-05-22,"基于 Tushare opt_basic 合约维度数据聚合到期权品种维度；正式期权挂牌规则、到期日规则、行权规则仍需交易所规则复核；期权卖方开仓涉及保证金和权限约束。 | commodity option underlying matched by exchange + symbol in futures_master | underlying_group patched by conservative option symbol mapping, need review"
OPT_CZCE_PF,OPTION,COMMODITY_OPTION,PF,短纤期权,TODO,CZCE,郑州商品交易所,CN,CNY,POLYESTER_STAPLE_FIBER,COMMODITY_OPTION,Y,Y,Y,Tushare,AKShare,TUSHARE_PRIMARY_UNDERLYING_MAPPED_NEED_REVIEW,2026-05-22,基于 Tushare opt_basic 合约维度数据聚合到期权品种维度；正式期权挂牌规则、到期日规则、行权规则仍需交易所规则复核；期权卖方开仓涉及保证金和权限约束。 | commodity option underlying matched by exchange + symbol in futures_master
OPT_CZCE_PK,OPTION,COMMODITY_OPTION,PK,花生期权,TODO,CZCE,郑州商品交易所,CN,CNY,PEANUT,COMMODITY_OPTION,Y,Y,Y,Tushare,AKShare,TUSHARE_PRIMARY_UNDERLYING_GROUP_PATCHED_NEED_REVIEW,2026-05-22,"基于 Tushare opt_basic 合约维度数据聚合到期权品种维度；正式期权挂牌规则、到期日规则、行权规则仍需交易所规则复核；期权卖方开仓涉及保证金和权限约束。 | commodity option underlying matched by exchange + symbol in futures_master | underlying_group patched by conservative option symbol mapping, need review"
OPT_CZCE_PL,OPTION,COMMODITY_OPTION,PL,丙烯期权,TODO,CZCE,郑州商品交易所,CN,CNY,PROPYLENE,COMMODITY_OPTION,Y,Y,Y,Tushare,AKShare,TUSHARE_PRIMARY_UNDERLYING_GROUP_PATCHED_NEED_REVIEW,2026-05-22,"基于 Tushare opt_basic 合约维度数据聚合到期权品种维度；正式期权挂牌规则、到期日规则、行权规则仍需交易所规则复核；期权卖方开仓涉及保证金和权限约束。 | commodity option underlying matched by exchange + symbol in futures_master | underlying_group patched by conservative option symbol mapping, need review"
OPT_CZCE_PR,OPTION,COMMODITY_OPTION,PR,瓶片期权,TODO,CZCE,郑州商品交易所,CN,CNY,BOTTLE_GRADE_PET,COMMODITY_OPTION,Y,Y,Y,Tushare,AKShare,TUSHARE_PRIMARY_UNDERLYING_GROUP_PATCHED_NEED_REVIEW,2026-05-22,"基于 Tushare opt_basic 合约维度数据聚合到期权品种维度；正式期权挂牌规则、到期日规则、行权规则仍需交易所规则复核；期权卖方开仓涉及保证金和权限约束。 | commodity option underlying matched by exchange + symbol in futures_master | underlying_group patched by conservative option symbol mapping, need review"
OPT_CZCE_PX,OPTION,COMMODITY_OPTION,PX,对二甲苯期权,TODO,CZCE,郑州商品交易所,CN,CNY,PARAXYLENE,COMMODITY_OPTION,Y,Y,Y,Tushare,AKShare,TUSHARE_PRIMARY_UNDERLYING_GROUP_PATCHED_NEED_REVIEW,2026-05-22,"基于 Tushare opt_basic 合约维度数据聚合到期权品种维度；正式期权挂牌规则、到期日规则、行权规则仍需交易所规则复核；期权卖方开仓涉及保证金和权限约束。 | commodity option underlying matched by exchange + symbol in futures_master | underlying_group patched by conservative option symbol mapping, need review"
OPT_CZCE_RM,OPTION,COMMODITY_OPTION,RM,菜粕期权,TODO,CZCE,郑州商品交易所,CN,CNY,RAPESEED_MEAL,COMMODITY_OPTION,Y,Y,Y,Tushare,AKShare,TUSHARE_PRIMARY_UNDERLYING_GROUP_PATCHED_NEED_REVIEW,2026-05-22,"基于 Tushare opt_basic 合约维度数据聚合到期权品种维度；正式期权挂牌规则、到期日规则、行权规则仍需交易所规则复核；期权卖方开仓涉及保证金和权限约束。 | commodity option underlying matched by exchange + symbol in futures_master | underlying_group patched by conservative option symbol mapping, need review"
OPT_CZCE_SA,OPTION,COMMODITY_OPTION,SA,纯碱期权,TODO,CZCE,郑州商品交易所,CN,CNY,SODA_ASH,COMMODITY_OPTION,Y,Y,Y,Tushare,AKShare,TUSHARE_PRIMARY_UNDERLYING_MAPPED_NEED_REVIEW,2026-05-22,基于 Tushare opt_basic 合约维度数据聚合到期权品种维度；正式期权挂牌规则、到期日规则、行权规则仍需交易所规则复核；期权卖方开仓涉及保证金和权限约束。 | commodity option underlying matched by exchange + symbol in futures_master
OPT_CZCE_SF,OPTION,COMMODITY_OPTION,SF,硅铁期权,TODO,CZCE,郑州商品交易所,CN,CNY,FERROSILICON,COMMODITY_OPTION,Y,Y,Y,Tushare,AKShare,TUSHARE_PRIMARY_UNDERLYING_GROUP_PATCHED_NEED_REVIEW,2026-05-22,"基于 Tushare opt_basic 合约维度数据聚合到期权品种维度；正式期权挂牌规则、到期日规则、行权规则仍需交易所规则复核；期权卖方开仓涉及保证金和权限约束。 | commodity option underlying matched by exchange + symbol in futures_master | underlying_group patched by conservative option symbol mapping, need review"
OPT_CZCE_SH,OPTION,COMMODITY_OPTION,SH,烧碱期权,TODO,CZCE,郑州商品交易所,CN,CNY,CAUSTIC_SODA,COMMODITY_OPTION,Y,Y,Y,Tushare,AKShare,TUSHARE_PRIMARY_UNDERLYING_GROUP_PATCHED_NEED_REVIEW,2026-05-22,"基于 Tushare opt_basic 合约维度数据聚合到期权品种维度；正式期权挂牌规则、到期日规则、行权规则仍需交易所规则复核；期权卖方开仓涉及保证金和权限约束。 | commodity option underlying matched by exchange + symbol in futures_master | underlying_group patched by conservative option symbol mapping, need review"
OPT_CZCE_SM,OPTION,COMMODITY_OPTION,SM,锰硅期权,TODO,CZCE,郑州商品交易所,CN,CNY,SILICOMANGANESE,COMMODITY_OPTION,Y,Y,Y,Tushare,AKShare,TUSHARE_PRIMARY_UNDERLYING_GROUP_PATCHED_NEED_REVIEW,2026-05-22,"基于 Tushare opt_basic 合约维度数据聚合到期权品种维度；正式期权挂牌规则、到期日规则、行权规则仍需交易所规则复核；期权卖方开仓涉及保证金和权限约束。 | commodity option underlying matched by exchange + symbol in futures_master | underlying_group patched by conservative option symbol mapping, need review"
OPT_CZCE_SR,OPTION,COMMODITY_OPTION,SR,白糖期权,TODO,CZCE,郑州商品交易所,CN,CNY,SUGAR,COMMODITY_OPTION,Y,Y,Y,Tushare,AKShare,TUSHARE_PRIMARY_UNDERLYING_MAPPED_NEED_REVIEW,2026-05-22,基于 Tushare opt_basic 合约维度数据聚合到期权品种维度；正式期权挂牌规则、到期日规则、行权规则仍需交易所规则复核；期权卖方开仓涉及保证金和权限约束。 | commodity option underlying matched by exchange + symbol in futures_master
OPT_CZCE_TA,OPTION,COMMODITY_OPTION,TA,PTA期权,TODO,CZCE,郑州商品交易所,CN,CNY,PTA,COMMODITY_OPTION,Y,Y,Y,Tushare,AKShare,TUSHARE_PRIMARY_UNDERLYING_MAPPED_NEED_REVIEW,2026-05-22,基于 Tushare opt_basic 合约维度数据聚合到期权品种维度；正式期权挂牌规则、到期日规则、行权规则仍需交易所规则复核；期权卖方开仓涉及保证金和权限约束。 | commodity option underlying matched by exchange + symbol in futures_master
OPT_CZCE_UR,OPTION,COMMODITY_OPTION,UR,尿素期权,TODO,CZCE,郑州商品交易所,CN,CNY,UREA,COMMODITY_OPTION,Y,Y,Y,Tushare,AKShare,TUSHARE_PRIMARY_UNDERLYING_MAPPED_NEED_REVIEW,2026-05-22,基于 Tushare opt_basic 合约维度数据聚合到期权品种维度；正式期权挂牌规则、到期日规则、行权规则仍需交易所规则复核；期权卖方开仓涉及保证金和权限约束。 | commodity option underlying matched by exchange + symbol in futures_master
OPT_CZCE_ZC,OPTION,COMMODITY_OPTION,ZC,动力煤期权,TODO,CZCE,郑州商品交易所,CN,CNY,THERMAL_COAL,COMMODITY_OPTION,Y,Y,Y,Tushare,AKShare,TUSHARE_PRIMARY_UNDERLYING_GROUP_PATCHED_NEED_REVIEW,2026-05-22,"基于 Tushare opt_basic 合约维度数据聚合到期权品种维度；正式期权挂牌规则、到期日规则、行权规则仍需交易所规则复核；期权卖方开仓涉及保证金和权限约束。 | commodity option underlying matched by exchange + symbol in futures_master | underlying_group patched by conservative option symbol mapping, need review"
OPT_DCE_A,OPTION,COMMODITY_OPTION,A,豆一期权,TODO,DCE,大连商品交易所,CN,CNY,SOYBEAN,COMMODITY_OPTION,Y,Y,Y,Tushare,AKShare,TUSHARE_PRIMARY_UNDERLYING_MAPPED_NEED_REVIEW,2026-05-22,基于 Tushare opt_basic 合约维度数据聚合到期权品种维度；正式期权挂牌规则、到期日规则、行权规则仍需交易所规则复核；期权卖方开仓涉及保证金和权限约束。 | commodity option underlying matched by exchange + symbol in futures_master
OPT_DCE_B,OPTION,COMMODITY_OPTION,B,豆二期权,TODO,DCE,大连商品交易所,CN,CNY,SOYBEAN,COMMODITY_OPTION,Y,Y,Y,Tushare,AKShare,TUSHARE_PRIMARY_UNDERLYING_MAPPED_NEED_REVIEW,2026-05-22,基于 Tushare opt_basic 合约维度数据聚合到期权品种维度；正式期权挂牌规则、到期日规则、行权规则仍需交易所规则复核；期权卖方开仓涉及保证金和权限约束。 | commodity option underlying matched by exchange + symbol in futures_master
OPT_DCE_BZ,OPTION,COMMODITY_OPTION,BZ,纯苯期权,TODO,DCE,大连商品交易所,CN,CNY,BENZENE,COMMODITY_OPTION,Y,Y,Y,Tushare,AKShare,TUSHARE_PRIMARY_UNDERLYING_GROUP_PATCHED_NEED_REVIEW,2026-05-22,"基于 Tushare opt_basic 合约维度数据聚合到期权品种维度；正式期权挂牌规则、到期日规则、行权规则仍需交易所规则复核；期权卖方开仓涉及保证金和权限约束。 | commodity option underlying matched by exchange + symbol in futures_master | underlying_group patched by conservative option symbol mapping, need review"
OPT_DCE_C,OPTION,COMMODITY_OPTION,C,玉米期权,TODO,DCE,大连商品交易所,CN,CNY,CORN,COMMODITY_OPTION,Y,Y,Y,Tushare,AKShare,TUSHARE_PRIMARY_UNDERLYING_MAPPED_NEED_REVIEW,2026-05-22,基于 Tushare opt_basic 合约维度数据聚合到期权品种维度；正式期权挂牌规则、到期日规则、行权规则仍需交易所规则复核；期权卖方开仓涉及保证金和权限约束。 | commodity option underlying matched by exchange + symbol in futures_master
OPT_DCE_CS,OPTION,COMMODITY_OPTION,CS,玉米淀粉期权,TODO,DCE,大连商品交易所,CN,CNY,CORN_STARCH,COMMODITY_OPTION,Y,Y,Y,Tushare,AKShare,TUSHARE_PRIMARY_UNDERLYING_MAPPED_NEED_REVIEW,2026-05-22,基于 Tushare opt_basic 合约维度数据聚合到期权品种维度；正式期权挂牌规则、到期日规则、行权规则仍需交易所规则复核；期权卖方开仓涉及保证金和权限约束。 | commodity option underlying matched by exchange + symbol in futures_master
OPT_DCE_EB,OPTION,COMMODITY_OPTION,EB,苯乙烯期权,TODO,DCE,大连商品交易所,CN,CNY,STYRENE,COMMODITY_OPTION,Y,Y,Y,Tushare,AKShare,TUSHARE_PRIMARY_UNDERLYING_MAPPED_NEED_REVIEW,2026-05-22,基于 Tushare opt_basic 合约维度数据聚合到期权品种维度；正式期权挂牌规则、到期日规则、行权规则仍需交易所规则复核；期权卖方开仓涉及保证金和权限约束。 | commodity option underlying matched by exchange + symbol in futures_master
OPT_DCE_EG,OPTION,COMMODITY_OPTION,EG,乙二醇期权,TODO,DCE,大连商品交易所,CN,CNY,ETHYLENE_GLYCOL,COMMODITY_OPTION,Y,Y,Y,Tushare,AKShare,TUSHARE_PRIMARY_UNDERLYING_MAPPED_NEED_REVIEW,2026-05-22,基于 Tushare opt_basic 合约维度数据聚合到期权品种维度；正式期权挂牌规则、到期日规则、行权规则仍需交易所规则复核；期权卖方开仓涉及保证金和权限约束。 | commodity option underlying matched by exchange + symbol in futures_master
OPT_DCE_I,OPTION,COMMODITY_OPTION,I,铁矿石期权,TODO,DCE,大连商品交易所,CN,CNY,IRON_ORE,COMMODITY_OPTION,Y,Y,Y,Tushare,AKShare,TUSHARE_PRIMARY_UNDERLYING_MAPPED_NEED_REVIEW,2026-05-22,基于 Tushare opt_basic 合约维度数据聚合到期权品种维度；正式期权挂牌规则、到期日规则、行权规则仍需交易所规则复核；期权卖方开仓涉及保证金和权限约束。 | commodity option underlying matched by exchange + symbol in futures_master
OPT_DCE_JD,OPTION,COMMODITY_OPTION,JD,鸡蛋期权,TODO,DCE,大连商品交易所,CN,CNY,EGG,COMMODITY_OPTION,Y,Y,Y,Tushare,AKShare,TUSHARE_PRIMARY_UNDERLYING_MAPPED_NEED_REVIEW,2026-05-22,基于 Tushare opt_basic 合约维度数据聚合到期权品种维度；正式期权挂牌规则、到期日规则、行权规则仍需交易所规则复核；期权卖方开仓涉及保证金和权限约束。 | commodity option underlying matched by exchange + symbol in futures_master
OPT_DCE_JM,OPTION,COMMODITY_OPTION,JM,焦煤期权,TODO,DCE,大连商品交易所,CN,CNY,COKING_COAL,COMMODITY_OPTION,Y,Y,Y,Tushare,AKShare,TUSHARE_PRIMARY_UNDERLYING_MAPPED_NEED_REVIEW,2026-05-22,基于 Tushare opt_basic 合约维度数据聚合到期权品种维度；正式期权挂牌规则、到期日规则、行权规则仍需交易所规则复核；期权卖方开仓涉及保证金和权限约束。 | commodity option underlying matched by exchange + symbol in futures_master
OPT_DCE_L,OPTION,COMMODITY_OPTION,L,塑料期权,TODO,DCE,大连商品交易所,CN,CNY,LLDPE,COMMODITY_OPTION,Y,Y,Y,Tushare,AKShare,TUSHARE_PRIMARY_UNDERLYING_MAPPED_NEED_REVIEW,2026-05-22,基于 Tushare opt_basic 合约维度数据聚合到期权品种维度；正式期权挂牌规则、到期日规则、行权规则仍需交易所规则复核；期权卖方开仓涉及保证金和权限约束。 | commodity option underlying matched by exchange + symbol in futures_master
OPT_DCE_LG,OPTION,COMMODITY_OPTION,LG,原木期权,TODO,DCE,大连商品交易所,CN,CNY,LOG,COMMODITY_OPTION,Y,Y,Y,Tushare,AKShare,TUSHARE_PRIMARY_UNDERLYING_GROUP_PATCHED_NEED_REVIEW,2026-05-22,"基于 Tushare opt_basic 合约维度数据聚合到期权品种维度；正式期权挂牌规则、到期日规则、行权规则仍需交易所规则复核；期权卖方开仓涉及保证金和权限约束。 | commodity option underlying matched by exchange + symbol in futures_master | underlying_group patched by conservative option symbol mapping, need review"
OPT_DCE_LH,OPTION,COMMODITY_OPTION,LH,生猪期权,TODO,DCE,大连商品交易所,CN,CNY,LIVE_HOG,COMMODITY_OPTION,Y,Y,Y,Tushare,AKShare,TUSHARE_PRIMARY_UNDERLYING_MAPPED_NEED_REVIEW,2026-05-22,基于 Tushare opt_basic 合约维度数据聚合到期权品种维度；正式期权挂牌规则、到期日规则、行权规则仍需交易所规则复核；期权卖方开仓涉及保证金和权限约束。 | commodity option underlying matched by exchange + symbol in futures_master
OPT_DCE_M,OPTION,COMMODITY_OPTION,M,豆粕期权,TODO,DCE,大连商品交易所,CN,CNY,SOYBEAN_MEAL,COMMODITY_OPTION,Y,Y,Y,Tushare,AKShare,TUSHARE_PRIMARY_UNDERLYING_MAPPED_NEED_REVIEW,2026-05-22,基于 Tushare opt_basic 合约维度数据聚合到期权品种维度；正式期权挂牌规则、到期日规则、行权规则仍需交易所规则复核；期权卖方开仓涉及保证金和权限约束。 | commodity option underlying matched by exchange + symbol in futures_master
OPT_DCE_P,OPTION,COMMODITY_OPTION,P,棕榈油期权,TODO,DCE,大连商品交易所,CN,CNY,PALM_OIL,COMMODITY_OPTION,Y,Y,Y,Tushare,AKShare,TUSHARE_PRIMARY_UNDERLYING_MAPPED_NEED_REVIEW,2026-05-22,基于 Tushare opt_basic 合约维度数据聚合到期权品种维度；正式期权挂牌规则、到期日规则、行权规则仍需交易所规则复核；期权卖方开仓涉及保证金和权限约束。 | commodity option underlying matched by exchange + symbol in futures_master
OPT_DCE_PG,OPTION,COMMODITY_OPTION,PG,LPG期权,TODO,DCE,大连商品交易所,CN,CNY,LPG,COMMODITY_OPTION,Y,Y,Y,Tushare,AKShare,TUSHARE_PRIMARY_UNDERLYING_GROUP_PATCHED_NEED_REVIEW,2026-05-22,"基于 Tushare opt_basic 合约维度数据聚合到期权品种维度；正式期权挂牌规则、到期日规则、行权规则仍需交易所规则复核；期权卖方开仓涉及保证金和权限约束。 | commodity option underlying matched by exchange + symbol in futures_master | underlying_group patched by conservative option symbol mapping, need review"
OPT_DCE_PP,OPTION,COMMODITY_OPTION,PP,聚丙烯期权,TODO,DCE,大连商品交易所,CN,CNY,POLYPROPYLENE,COMMODITY_OPTION,Y,Y,Y,Tushare,AKShare,TUSHARE_PRIMARY_UNDERLYING_MAPPED_NEED_REVIEW,2026-05-22,基于 Tushare opt_basic 合约维度数据聚合到期权品种维度；正式期权挂牌规则、到期日规则、行权规则仍需交易所规则复核；期权卖方开仓涉及保证金和权限约束。 | commodity option underlying matched by exchange + symbol in futures_master
OPT_DCE_V,OPTION,COMMODITY_OPTION,V,PVC期权,TODO,DCE,大连商品交易所,CN,CNY,PVC,COMMODITY_OPTION,Y,Y,Y,Tushare,AKShare,TUSHARE_PRIMARY_UNDERLYING_MAPPED_NEED_REVIEW,2026-05-22,基于 Tushare opt_basic 合约维度数据聚合到期权品种维度；正式期权挂牌规则、到期日规则、行权规则仍需交易所规则复核；期权卖方开仓涉及保证金和权限约束。 | commodity option underlying matched by exchange + symbol in futures_master
OPT_DCE_Y,OPTION,COMMODITY_OPTION,Y,豆油期权,TODO,DCE,大连商品交易所,CN,CNY,SOYBEAN_OIL,COMMODITY_OPTION,Y,Y,Y,Tushare,AKShare,TUSHARE_PRIMARY_UNDERLYING_MAPPED_NEED_REVIEW,2026-05-22,基于 Tushare opt_basic 合约维度数据聚合到期权品种维度；正式期权挂牌规则、到期日规则、行权规则仍需交易所规则复核；期权卖方开仓涉及保证金和权限约束。 | commodity option underlying matched by exchange + symbol in futures_master
OPT_GFEX_LC,OPTION,COMMODITY_OPTION,LC,碳酸锂期权,TODO,GFEX,广州期货交易所,CN,CNY,LITHIUM_CARBONATE,COMMODITY_OPTION,Y,Y,Y,Tushare,AKShare,TUSHARE_PRIMARY_UNDERLYING_MAPPED_NEED_REVIEW,2026-05-22,基于 Tushare opt_basic 合约维度数据聚合到期权品种维度；正式期权挂牌规则、到期日规则、行权规则仍需交易所规则复核；期权卖方开仓涉及保证金和权限约束。 | commodity option underlying matched by exchange + symbol in futures_master
OPT_GFEX_PD,OPTION,COMMODITY_OPTION,PD,钯期权,TODO,GFEX,广州期货交易所,CN,CNY,PALLADIUM,COMMODITY_OPTION,Y,Y,Y,Tushare,AKShare,TUSHARE_PRIMARY_UNDERLYING_GROUP_PATCHED_NEED_REVIEW,2026-05-22,"基于 Tushare opt_basic 合约维度数据聚合到期权品种维度；正式期权挂牌规则、到期日规则、行权规则仍需交易所规则复核；期权卖方开仓涉及保证金和权限约束。 | commodity option underlying matched by exchange + symbol in futures_master | underlying_group patched by conservative option symbol mapping, need review"
OPT_GFEX_PS,OPTION,COMMODITY_OPTION,PS,多晶硅期权,TODO,GFEX,广州期货交易所,CN,CNY,POLYSILICON,COMMODITY_OPTION,Y,Y,Y,Tushare,AKShare,TUSHARE_PRIMARY_UNDERLYING_GROUP_PATCHED_NEED_REVIEW,2026-05-22,"基于 Tushare opt_basic 合约维度数据聚合到期权品种维度；正式期权挂牌规则、到期日规则、行权规则仍需交易所规则复核；期权卖方开仓涉及保证金和权限约束。 | commodity option underlying matched by exchange + symbol in futures_master | underlying_group patched by conservative option symbol mapping, need review"
OPT_GFEX_PT,OPTION,COMMODITY_OPTION,PT,铂期权,TODO,GFEX,广州期货交易所,CN,CNY,PLATINUM,COMMODITY_OPTION,Y,Y,Y,Tushare,AKShare,TUSHARE_PRIMARY_UNDERLYING_GROUP_PATCHED_NEED_REVIEW,2026-05-22,"基于 Tushare opt_basic 合约维度数据聚合到期权品种维度；正式期权挂牌规则、到期日规则、行权规则仍需交易所规则复核；期权卖方开仓涉及保证金和权限约束。 | commodity option underlying matched by exchange + symbol in futures_master | underlying_group patched by conservative option symbol mapping, need review"
OPT_GFEX_SI,OPTION,COMMODITY_OPTION,SI,工业硅期权,TODO,GFEX,广州期货交易所,CN,CNY,INDUSTRIAL_SILICON,COMMODITY_OPTION,Y,Y,Y,Tushare,AKShare,TUSHARE_PRIMARY_UNDERLYING_MAPPED_NEED_REVIEW,2026-05-22,基于 Tushare opt_basic 合约维度数据聚合到期权品种维度；正式期权挂牌规则、到期日规则、行权规则仍需交易所规则复核；期权卖方开仓涉及保证金和权限约束。 | commodity option underlying matched by exchange + symbol in futures_master
OPT_INE_BC,OPTION,COMMODITY_OPTION,BC,国际铜期权,TODO,INE,上海国际能源交易中心,CN,CNY,COPPER,COMMODITY_OPTION,Y,Y,Y,Tushare,AKShare,TUSHARE_PRIMARY_UNDERLYING_MAPPED_NEED_REVIEW,2026-05-22,基于 Tushare opt_basic 合约维度数据聚合到期权品种维度；正式期权挂牌规则、到期日规则、行权规则仍需交易所规则复核；期权卖方开仓涉及保证金和权限约束。 | commodity option underlying matched by exchange + symbol in futures_master
OPT_INE_NR,OPTION,COMMODITY_OPTION,NR,号胶期权,TODO,INE,上海国际能源交易中心,CN,CNY,NATURAL_RUBBER,COMMODITY_OPTION,Y,Y,Y,Tushare,AKShare,TUSHARE_PRIMARY_UNDERLYING_MAPPED_NEED_REVIEW,2026-05-22,基于 Tushare opt_basic 合约维度数据聚合到期权品种维度；正式期权挂牌规则、到期日规则、行权规则仍需交易所规则复核；期权卖方开仓涉及保证金和权限约束。 | commodity option underlying matched by exchange + symbol in futures_master
OPT_INE_SC,OPTION,COMMODITY_OPTION,SC,原油期权,TODO,INE,上海国际能源交易中心,CN,CNY,CRUDE_OIL,COMMODITY_OPTION,Y,Y,Y,Tushare,AKShare,TUSHARE_PRIMARY_UNDERLYING_MAPPED_NEED_REVIEW,2026-05-22,基于 Tushare opt_basic 合约维度数据聚合到期权品种维度；正式期权挂牌规则、到期日规则、行权规则仍需交易所规则复核；期权卖方开仓涉及保证金和权限约束。 | commodity option underlying matched by exchange + symbol in futures_master
OPT_SHFE_AD,OPTION,COMMODITY_OPTION,AD,铸造铝合金期权,TODO,SHFE,上海期货交易所,CN,CNY,CAST_ALUMINUM_ALLOY,COMMODITY_OPTION,Y,Y,Y,Tushare,AKShare,TUSHARE_PRIMARY_UNDERLYING_GROUP_PATCHED_NEED_REVIEW,2026-05-22,"基于 Tushare opt_basic 合约维度数据聚合到期权品种维度；正式期权挂牌规则、到期日规则、行权规则仍需交易所规则复核；期权卖方开仓涉及保证金和权限约束。 | commodity option underlying matched by exchange + symbol in futures_master | underlying_group patched by conservative option symbol mapping, need review"
OPT_SHFE_AG,OPTION,COMMODITY_OPTION,AG,白银期权,TODO,SHFE,上海期货交易所,CN,CNY,SILVER,COMMODITY_OPTION,Y,Y,Y,Tushare,AKShare,TUSHARE_PRIMARY_UNDERLYING_MAPPED_NEED_REVIEW,2026-05-22,基于 Tushare opt_basic 合约维度数据聚合到期权品种维度；正式期权挂牌规则、到期日规则、行权规则仍需交易所规则复核；期权卖方开仓涉及保证金和权限约束。 | commodity option underlying matched by exchange + symbol in futures_master
OPT_SHFE_AL,OPTION,COMMODITY_OPTION,AL,铝期权,TODO,SHFE,上海期货交易所,CN,CNY,ALUMINUM,COMMODITY_OPTION,Y,Y,Y,Tushare,AKShare,TUSHARE_PRIMARY_UNDERLYING_MAPPED_NEED_REVIEW,2026-05-22,基于 Tushare opt_basic 合约维度数据聚合到期权品种维度；正式期权挂牌规则、到期日规则、行权规则仍需交易所规则复核；期权卖方开仓涉及保证金和权限约束。 | commodity option underlying matched by exchange + symbol in futures_master
OPT_SHFE_AO,OPTION,COMMODITY_OPTION,AO,氧化铝期权,TODO,SHFE,上海期货交易所,CN,CNY,ALUMINA,COMMODITY_OPTION,Y,Y,Y,Tushare,AKShare,TUSHARE_PRIMARY_UNDERLYING_GROUP_PATCHED_NEED_REVIEW,2026-05-22,"基于 Tushare opt_basic 合约维度数据聚合到期权品种维度；正式期权挂牌规则、到期日规则、行权规则仍需交易所规则复核；期权卖方开仓涉及保证金和权限约束。 | commodity option underlying matched by exchange + symbol in futures_master | underlying_group patched by conservative option symbol mapping, need review"
OPT_SHFE_AU,OPTION,COMMODITY_OPTION,AU,黄金期权,TODO,SHFE,上海期货交易所,CN,CNY,GOLD,COMMODITY_OPTION,Y,Y,Y,Tushare,AKShare,TUSHARE_PRIMARY_UNDERLYING_MAPPED_NEED_REVIEW,2026-05-22,基于 Tushare opt_basic 合约维度数据聚合到期权品种维度；正式期权挂牌规则、到期日规则、行权规则仍需交易所规则复核；期权卖方开仓涉及保证金和权限约束。 | commodity option underlying matched by exchange + symbol in futures_master
OPT_SHFE_BR,OPTION,COMMODITY_OPTION,BR,丁二烯橡胶期权,TODO,SHFE,上海期货交易所,CN,CNY,BUTADIENE_RUBBER,COMMODITY_OPTION,Y,Y,Y,Tushare,AKShare,TUSHARE_PRIMARY_UNDERLYING_GROUP_PATCHED_NEED_REVIEW,2026-05-22,"基于 Tushare opt_basic 合约维度数据聚合到期权品种维度；正式期权挂牌规则、到期日规则、行权规则仍需交易所规则复核；期权卖方开仓涉及保证金和权限约束。 | commodity option underlying matched by exchange + symbol in futures_master | underlying_group patched by conservative option symbol mapping, need review"
OPT_SHFE_BU,OPTION,COMMODITY_OPTION,BU,石油沥青期权,TODO,SHFE,上海期货交易所,CN,CNY,BITUMEN,COMMODITY_OPTION,Y,Y,Y,Tushare,AKShare,TUSHARE_PRIMARY_UNDERLYING_MAPPED_NEED_REVIEW,2026-05-22,基于 Tushare opt_basic 合约维度数据聚合到期权品种维度；正式期权挂牌规则、到期日规则、行权规则仍需交易所规则复核；期权卖方开仓涉及保证金和权限约束。 | commodity option underlying matched by exchange + symbol in futures_master
OPT_SHFE_CU,OPTION,COMMODITY_OPTION,CU,铜期权,TODO,SHFE,上海期货交易所,CN,CNY,COPPER,COMMODITY_OPTION,Y,Y,Y,Tushare,AKShare,TUSHARE_PRIMARY_UNDERLYING_MAPPED_NEED_REVIEW,2026-05-22,基于 Tushare opt_basic 合约维度数据聚合到期权品种维度；正式期权挂牌规则、到期日规则、行权规则仍需交易所规则复核；期权卖方开仓涉及保证金和权限约束。 | commodity option underlying matched by exchange + symbol in futures_master
OPT_SHFE_FU,OPTION,COMMODITY_OPTION,FU,燃料油期权,TODO,SHFE,上海期货交易所,CN,CNY,FUEL_OIL,COMMODITY_OPTION,Y,Y,Y,Tushare,AKShare,TUSHARE_PRIMARY_UNDERLYING_MAPPED_NEED_REVIEW,2026-05-22,基于 Tushare opt_basic 合约维度数据聚合到期权品种维度；正式期权挂牌规则、到期日规则、行权规则仍需交易所规则复核；期权卖方开仓涉及保证金和权限约束。 | commodity option underlying matched by exchange + symbol in futures_master
OPT_SHFE_NI,OPTION,COMMODITY_OPTION,NI,镍期权,TODO,SHFE,上海期货交易所,CN,CNY,NICKEL,COMMODITY_OPTION,Y,Y,Y,Tushare,AKShare,TUSHARE_PRIMARY_UNDERLYING_MAPPED_NEED_REVIEW,2026-05-22,基于 Tushare opt_basic 合约维度数据聚合到期权品种维度；正式期权挂牌规则、到期日规则、行权规则仍需交易所规则复核；期权卖方开仓涉及保证金和权限约束。 | commodity option underlying matched by exchange + symbol in futures_master
OPT_SHFE_OP,OPTION,COMMODITY_OPTION,OP,双胶纸期权,TODO,SHFE,上海期货交易所,CN,CNY,OFFSET_PAPER,COMMODITY_OPTION,Y,Y,Y,Tushare,AKShare,TUSHARE_PRIMARY_UNDERLYING_GROUP_PATCHED_NEED_REVIEW,2026-05-22,"基于 Tushare opt_basic 合约维度数据聚合到期权品种维度；正式期权挂牌规则、到期日规则、行权规则仍需交易所规则复核；期权卖方开仓涉及保证金和权限约束。 | commodity option underlying matched by exchange + symbol in futures_master | underlying_group patched by conservative option symbol mapping, need review"
OPT_SHFE_PB,OPTION,COMMODITY_OPTION,PB,铅期权,TODO,SHFE,上海期货交易所,CN,CNY,LEAD,COMMODITY_OPTION,Y,Y,Y,Tushare,AKShare,TUSHARE_PRIMARY_UNDERLYING_MAPPED_NEED_REVIEW,2026-05-22,基于 Tushare opt_basic 合约维度数据聚合到期权品种维度；正式期权挂牌规则、到期日规则、行权规则仍需交易所规则复核；期权卖方开仓涉及保证金和权限约束。 | commodity option underlying matched by exchange + symbol in futures_master
OPT_SHFE_RB,OPTION,COMMODITY_OPTION,RB,螺纹钢期权,TODO,SHFE,上海期货交易所,CN,CNY,REBAR,COMMODITY_OPTION,Y,Y,Y,Tushare,AKShare,TUSHARE_PRIMARY_UNDERLYING_MAPPED_NEED_REVIEW,2026-05-22,基于 Tushare opt_basic 合约维度数据聚合到期权品种维度；正式期权挂牌规则、到期日规则、行权规则仍需交易所规则复核；期权卖方开仓涉及保证金和权限约束。 | commodity option underlying matched by exchange + symbol in futures_master
OPT_SHFE_RU,OPTION,COMMODITY_OPTION,RU,天然橡胶期权,TODO,SHFE,上海期货交易所,CN,CNY,NATURAL_RUBBER,COMMODITY_OPTION,Y,Y,Y,Tushare,AKShare,TUSHARE_PRIMARY_UNDERLYING_MAPPED_NEED_REVIEW,2026-05-22,基于 Tushare opt_basic 合约维度数据聚合到期权品种维度；正式期权挂牌规则、到期日规则、行权规则仍需交易所规则复核；期权卖方开仓涉及保证金和权限约束。 | commodity option underlying matched by exchange + symbol in futures_master
OPT_SHFE_SN,OPTION,COMMODITY_OPTION,SN,锡期权,TODO,SHFE,上海期货交易所,CN,CNY,TIN,COMMODITY_OPTION,Y,Y,Y,Tushare,AKShare,TUSHARE_PRIMARY_UNDERLYING_MAPPED_NEED_REVIEW,2026-05-22,基于 Tushare opt_basic 合约维度数据聚合到期权品种维度；正式期权挂牌规则、到期日规则、行权规则仍需交易所规则复核；期权卖方开仓涉及保证金和权限约束。 | commodity option underlying matched by exchange + symbol in futures_master
OPT_SHFE_SP,OPTION,COMMODITY_OPTION,SP,纸浆期权,TODO,SHFE,上海期货交易所,CN,CNY,PULP,COMMODITY_OPTION,Y,Y,Y,Tushare,AKShare,TUSHARE_PRIMARY_UNDERLYING_GROUP_PATCHED_NEED_REVIEW,2026-05-22,"基于 Tushare opt_basic 合约维度数据聚合到期权品种维度；正式期权挂牌规则、到期日规则、行权规则仍需交易所规则复核；期权卖方开仓涉及保证金和权限约束。 | commodity option underlying matched by exchange + symbol in futures_master | underlying_group patched by conservative option symbol mapping, need review"
OPT_SHFE_ZN,OPTION,COMMODITY_OPTION,ZN,锌期权,TODO,SHFE,上海期货交易所,CN,CNY,ZINC,COMMODITY_OPTION,Y,Y,Y,Tushare,AKShare,TUSHARE_PRIMARY_UNDERLYING_MAPPED_NEED_REVIEW,2026-05-22,基于 Tushare opt_basic 合约维度数据聚合到期权品种维度；正式期权挂牌规则、到期日规则、行权规则仍需交易所规则复核；期权卖方开仓涉及保证金和权限约束。 | commodity option underlying matched by exchange + symbol in futures_master
OPT_SSE_510050,OPTION,ETF_OPTION,510050,510050ETF期权,TODO,SSE,上海证券交易所,CN,CNY,SSE50,ETF_OPTION,Y,Y,Y,Tushare,AKShare,TUSHARE_PRIMARY_UNDERLYING_MAPPED_NEED_REVIEW,2026-05-22,基于 Tushare opt_basic 合约维度数据聚合到期权品种维度；正式期权挂牌规则、到期日规则、行权规则仍需交易所规则复核；期权卖方开仓涉及保证金和权限约束。 | ETF期权标的资产ID将在ETF现货阶段补充。
OPT_SSE_510300,OPTION,ETF_OPTION,510300,510300ETF期权,TODO,SSE,上海证券交易所,CN,CNY,CSI300,ETF_OPTION,Y,Y,Y,Tushare,AKShare,TUSHARE_PRIMARY_UNDERLYING_MAPPED_NEED_REVIEW,2026-05-22,基于 Tushare opt_basic 合约维度数据聚合到期权品种维度；正式期权挂牌规则、到期日规则、行权规则仍需交易所规则复核；期权卖方开仓涉及保证金和权限约束。 | ETF期权标的资产ID将在ETF现货阶段补充。
OPT_SSE_510500,OPTION,ETF_OPTION,510500,510500ETF期权,TODO,SSE,上海证券交易所,CN,CNY,CSI500,ETF_OPTION,Y,Y,Y,Tushare,AKShare,TUSHARE_PRIMARY_UNDERLYING_MAPPED_NEED_REVIEW,2026-05-22,基于 Tushare opt_basic 合约维度数据聚合到期权品种维度；正式期权挂牌规则、到期日规则、行权规则仍需交易所规则复核；期权卖方开仓涉及保证金和权限约束。 | ETF期权标的资产ID将在ETF现货阶段补充。
OPT_SSE_588000,OPTION,ETF_OPTION,588000,588000ETF期权,TODO,SSE,上海证券交易所,CN,CNY,STAR50,ETF_OPTION,Y,Y,Y,Tushare,AKShare,TUSHARE_PRIMARY_UNDERLYING_MAPPED_NEED_REVIEW,2026-05-22,基于 Tushare opt_basic 合约维度数据聚合到期权品种维度；正式期权挂牌规则、到期日规则、行权规则仍需交易所规则复核；期权卖方开仓涉及保证金和权限约束。 | ETF期权标的资产ID将在ETF现货阶段补充。
OPT_SSE_588080,OPTION,ETF_OPTION,588080,588080ETF期权,TODO,SSE,上海证券交易所,CN,CNY,STAR50,ETF_OPTION,Y,Y,Y,Tushare,AKShare,TUSHARE_PRIMARY_UNDERLYING_MAPPED_NEED_REVIEW,2026-05-22,基于 Tushare opt_basic 合约维度数据聚合到期权品种维度；正式期权挂牌规则、到期日规则、行权规则仍需交易所规则复核；期权卖方开仓涉及保证金和权限约束。 | ETF期权标的资产ID将在ETF现货阶段补充。
OPT_SZSE_159901,OPTION,ETF_OPTION,159901,159901ETF期权,TODO,SZSE,深圳证券交易所,CN,CNY,SZSE100,ETF_OPTION,Y,Y,Y,Tushare,AKShare,TUSHARE_PRIMARY_UNDERLYING_MAPPED_NEED_REVIEW,2026-05-22,基于 Tushare opt_basic 合约维度数据聚合到期权品种维度；正式期权挂牌规则、到期日规则、行权规则仍需交易所规则复核；期权卖方开仓涉及保证金和权限约束。 | ETF期权标的资产ID将在ETF现货阶段补充。
OPT_SZSE_159915,OPTION,ETF_OPTION,159915,159915ETF期权,TODO,SZSE,深圳证券交易所,CN,CNY,CHINEXT,ETF_OPTION,Y,Y,Y,Tushare,AKShare,TUSHARE_PRIMARY_UNDERLYING_MAPPED_NEED_REVIEW,2026-05-22,基于 Tushare opt_basic 合约维度数据聚合到期权品种维度；正式期权挂牌规则、到期日规则、行权规则仍需交易所规则复核；期权卖方开仓涉及保证金和权限约束。 | ETF期权标的资产ID将在ETF现货阶段补充。
OPT_SZSE_159919,OPTION,ETF_OPTION,159919,159919ETF期权,TODO,SZSE,深圳证券交易所,CN,CNY,CSI300,ETF_OPTION,Y,Y,Y,Tushare,AKShare,TUSHARE_PRIMARY_UNDERLYING_MAPPED_NEED_REVIEW,2026-05-22,基于 Tushare opt_basic 合约维度数据聚合到期权品种维度；正式期权挂牌规则、到期日规则、行权规则仍需交易所规则复核；期权卖方开仓涉及保证金和权限约束。 | ETF期权标的资产ID将在ETF现货阶段补充。
OPT_SZSE_159922,OPTION,ETF_OPTION,159922,159922ETF期权,TODO,SZSE,深圳证券交易所,CN,CNY,CSI500,ETF_OPTION,Y,Y,Y,Tushare,AKShare,TUSHARE_PRIMARY_UNDERLYING_MAPPED_NEED_REVIEW,2026-05-22,基于 Tushare opt_basic 合约维度数据聚合到期权品种维度；正式期权挂牌规则、到期日规则、行权规则仍需交易所规则复核；期权卖方开仓涉及保证金和权限约束。 | ETF期权标的资产ID将在ETF现货阶段补充。
