asset_id,symbol,name_cn,asset_type,subtype,exchange_code,exchange_name,country,currency,contract_month_rule,contract_rule_code,contract_rule_desc_cn,contract_rule_params,listed_contract_count_rule,expiry_rule,expiry_rule_code,last_trading_day_rule,delivery_day_rule,exercise_rule,exercise_type,settlement_type,contract_multiplier,contract_unit,tick_size,quote_unit,price_limit_rule,margin_rule,trading_hours,night_trading,position_limit_rule,delivery_rule,rule_parseable,data_source_1,data_source_2,data_source_3,source_status,update_date,notes,underlying_asset_id,underlying_symbol,underlying_group
OPT_CFFEX_HO,HO,上证50股指期权,OPTION,INDEX_OPTION,CFFEX,中国金融期货交易所,CN,CNY,OBSERVED_EXPIRY_MONTHS_AVAILABLE,CHECK_NEED_EXCHANGE_RULE_REVIEW,CHECK_NEED_EXCHANGE_RULE_REVIEW,CHECK_NEED_EXCHANGE_RULE_REVIEW,OBSERVED_EXPIRY_MONTHS_AVAILABLE,OBSERVED_MATURITY_DATES_AVAILABLE,CHECK_NEED_EXCHANGE_RULE_REVIEW,OBSERVED_DELIST_OR_LAST_TRADE_DATES_AVAILABLE,NA_NOT_APPLICABLE_OR_CHECK_BY_EXCHANGE,OBSERVED_LAST_EXERCISE_DATES_AVAILABLE,欧式,CHECK_NEED_EXCHANGE_RULE_REVIEW,100.0,100.0,0.2,指数点,CHECK_DYNAMIC_BY_EXCHANGE_NOTICE,CHECK_DYNAMIC_BY_EXCHANGE_NOTICE,CHECK_NEED_EXCHANGE_RULE_REVIEW,CHECK_NEED_EXCHANGE_RULE_REVIEW,CHECK_DYNAMIC_BY_EXCHANGE_NOTICE,CHECK_NEED_EXCHANGE_RULE_REVIEW,Y,Tushare,AKShare,TqSdk,OPTION_RULE_TUSHARE_PRIMARY_NEED_REVIEW,2026-05-22,基于 Tushare opt_basic 自动生成期权规则草稿；正式到期日规则、挂牌合约数量规则、行权规则需交易所规则复核。,FUT_CFFEX_IH,SSE50,SSE50
OPT_CFFEX_IO,IO,沪深300股指期权,OPTION,INDEX_OPTION,CFFEX,中国金融期货交易所,CN,CNY,OBSERVED_EXPIRY_MONTHS_AVAILABLE,CHECK_NEED_EXCHANGE_RULE_REVIEW,CHECK_NEED_EXCHANGE_RULE_REVIEW,CHECK_NEED_EXCHANGE_RULE_REVIEW,OBSERVED_EXPIRY_MONTHS_AVAILABLE,OBSERVED_MATURITY_DATES_AVAILABLE,CHECK_NEED_EXCHANGE_RULE_REVIEW,OBSERVED_DELIST_OR_LAST_TRADE_DATES_AVAILABLE,NA_NOT_APPLICABLE_OR_CHECK_BY_EXCHANGE,OBSERVED_LAST_EXERCISE_DATES_AVAILABLE,欧式,CHECK_NEED_EXCHANGE_RULE_REVIEW,100.0,100.0,0.2,指数点,CHECK_DYNAMIC_BY_EXCHANGE_NOTICE,CHECK_DYNAMIC_BY_EXCHANGE_NOTICE,CHECK_NEED_EXCHANGE_RULE_REVIEW,CHECK_NEED_EXCHANGE_RULE_REVIEW,CHECK_DYNAMIC_BY_EXCHANGE_NOTICE,CHECK_NEED_EXCHANGE_RULE_REVIEW,Y,Tushare,AKShare,TqSdk,OPTION_RULE_TUSHARE_PRIMARY_NEED_REVIEW,2026-05-22,基于 Tushare opt_basic 自动生成期权规则草稿；正式到期日规则、挂牌合约数量规则、行权规则需交易所规则复核。,FUT_CFFEX_IF,CSI300,CSI300
OPT_CFFEX_MO,MO,中证1000股指期权,OPTION,INDEX_OPTION,CFFEX,中国金融期货交易所,CN,CNY,OBSERVED_EXPIRY_MONTHS_AVAILABLE,CHECK_NEED_EXCHANGE_RULE_REVIEW,CHECK_NEED_EXCHANGE_RULE_REVIEW,CHECK_NEED_EXCHANGE_RULE_REVIEW,OBSERVED_EXPIRY_MONTHS_AVAILABLE,OBSERVED_MATURITY_DATES_AVAILABLE,CHECK_NEED_EXCHANGE_RULE_REVIEW,OBSERVED_DELIST_OR_LAST_TRADE_DATES_AVAILABLE,NA_NOT_APPLICABLE_OR_CHECK_BY_EXCHANGE,OBSERVED_LAST_EXERCISE_DATES_AVAILABLE,欧式,CHECK_NEED_EXCHANGE_RULE_REVIEW,100.0,100.0,0.2,指数点,CHECK_DYNAMIC_BY_EXCHANGE_NOTICE,CHECK_DYNAMIC_BY_EXCHANGE_NOTICE,CHECK_NEED_EXCHANGE_RULE_REVIEW,CHECK_NEED_EXCHANGE_RULE_REVIEW,CHECK_DYNAMIC_BY_EXCHANGE_NOTICE,CHECK_NEED_EXCHANGE_RULE_REVIEW,Y,Tushare,AKShare,TqSdk,OPTION_RULE_TUSHARE_PRIMARY_NEED_REVIEW,2026-05-22,基于 Tushare opt_basic 自动生成期权规则草稿；正式到期日规则、挂牌合约数量规则、行权规则需交易所规则复核。,FUT_CFFEX_IM,CSI1000,CSI1000
OPT_CZCE_AP,AP,苹果期权,OPTION,COMMODITY_OPTION,CZCE,郑州商品交易所,CN,CNY,OBSERVED_EXPIRY_MONTHS_AVAILABLE,CHECK_NEED_EXCHANGE_RULE_REVIEW,CHECK_NEED_EXCHANGE_RULE_REVIEW,CHECK_NEED_EXCHANGE_RULE_REVIEW,OBSERVED_EXPIRY_MONTHS_AVAILABLE,OBSERVED_MATURITY_DATES_AVAILABLE,CHECK_NEED_EXCHANGE_RULE_REVIEW,OBSERVED_DELIST_OR_LAST_TRADE_DATES_AVAILABLE,NA_NOT_APPLICABLE_OR_CHECK_BY_EXCHANGE,OBSERVED_LAST_EXERCISE_DATES_AVAILABLE,美式,CHECK_NEED_EXCHANGE_RULE_REVIEW,10.0,10.0,0.5,人民币元/吨,CHECK_DYNAMIC_BY_EXCHANGE_NOTICE,CHECK_DYNAMIC_BY_EXCHANGE_NOTICE,CHECK_NEED_EXCHANGE_RULE_REVIEW,CHECK_NEED_EXCHANGE_RULE_REVIEW,CHECK_DYNAMIC_BY_EXCHANGE_NOTICE,CHECK_NEED_EXCHANGE_RULE_REVIEW,Y,Tushare,AKShare,TqSdk,OPTION_RULE_TUSHARE_PRIMARY_NEED_REVIEW,2026-05-22,基于 Tushare opt_basic 自动生成期权规则草稿；正式到期日规则、挂牌合约数量规则、行权规则需交易所规则复核。,FUT_CZCE_AP,AP,APPLE
OPT_CZCE_CF,CF,棉花期权,OPTION,COMMODITY_OPTION,CZCE,郑州商品交易所,CN,CNY,OBSERVED_EXPIRY_MONTHS_AVAILABLE,CHECK_NEED_EXCHANGE_RULE_REVIEW,CHECK_NEED_EXCHANGE_RULE_REVIEW,CHECK_NEED_EXCHANGE_RULE_REVIEW,OBSERVED_EXPIRY_MONTHS_AVAILABLE,OBSERVED_MATURITY_DATES_AVAILABLE,CHECK_NEED_EXCHANGE_RULE_REVIEW,OBSERVED_DELIST_OR_LAST_TRADE_DATES_AVAILABLE,NA_NOT_APPLICABLE_OR_CHECK_BY_EXCHANGE,OBSERVED_LAST_EXERCISE_DATES_AVAILABLE,美式,CHECK_NEED_EXCHANGE_RULE_REVIEW,5.0,5.0,1,人民币元/吨,CHECK_DYNAMIC_BY_EXCHANGE_NOTICE,CHECK_DYNAMIC_BY_EXCHANGE_NOTICE,CHECK_NEED_EXCHANGE_RULE_REVIEW,CHECK_NEED_EXCHANGE_RULE_REVIEW,CHECK_DYNAMIC_BY_EXCHANGE_NOTICE,CHECK_NEED_EXCHANGE_RULE_REVIEW,Y,Tushare,AKShare,TqSdk,OPTION_RULE_TUSHARE_PRIMARY_NEED_REVIEW,2026-05-22,基于 Tushare opt_basic 自动生成期权规则草稿；正式到期日规则、挂牌合约数量规则、行权规则需交易所规则复核。,FUT_CZCE_CF,CF,COTTON
OPT_CZCE_CJ,CJ,红枣期权,OPTION,COMMODITY_OPTION,CZCE,郑州商品交易所,CN,CNY,OBSERVED_EXPIRY_MONTHS_AVAILABLE,CHECK_NEED_EXCHANGE_RULE_REVIEW,CHECK_NEED_EXCHANGE_RULE_REVIEW,CHECK_NEED_EXCHANGE_RULE_REVIEW,OBSERVED_EXPIRY_MONTHS_AVAILABLE,OBSERVED_MATURITY_DATES_AVAILABLE,CHECK_NEED_EXCHANGE_RULE_REVIEW,OBSERVED_DELIST_OR_LAST_TRADE_DATES_AVAILABLE,NA_NOT_APPLICABLE_OR_CHECK_BY_EXCHANGE,OBSERVED_LAST_EXERCISE_DATES_AVAILABLE,美式,CHECK_NEED_EXCHANGE_RULE_REVIEW,5.0,5.0,1,人民币元/吨,CHECK_DYNAMIC_BY_EXCHANGE_NOTICE,CHECK_DYNAMIC_BY_EXCHANGE_NOTICE,CHECK_NEED_EXCHANGE_RULE_REVIEW,CHECK_NEED_EXCHANGE_RULE_REVIEW,CHECK_DYNAMIC_BY_EXCHANGE_NOTICE,CHECK_NEED_EXCHANGE_RULE_REVIEW,Y,Tushare,AKShare,TqSdk,OPTION_RULE_TUSHARE_PRIMARY_NEED_REVIEW,2026-05-22,基于 Tushare opt_basic 自动生成期权规则草稿；正式到期日规则、挂牌合约数量规则、行权规则需交易所规则复核。,FUT_CZCE_CJ,CJ,JUJUBE
OPT_CZCE_FG,FG,玻璃期权,OPTION,COMMODITY_OPTION,CZCE,郑州商品交易所,CN,CNY,OBSERVED_EXPIRY_MONTHS_AVAILABLE,CHECK_NEED_EXCHANGE_RULE_REVIEW,CHECK_NEED_EXCHANGE_RULE_REVIEW,CHECK_NEED_EXCHANGE_RULE_REVIEW,OBSERVED_EXPIRY_MONTHS_AVAILABLE,OBSERVED_MATURITY_DATES_AVAILABLE,CHECK_NEED_EXCHANGE_RULE_REVIEW,OBSERVED_DELIST_OR_LAST_TRADE_DATES_AVAILABLE,NA_NOT_APPLICABLE_OR_CHECK_BY_EXCHANGE,OBSERVED_LAST_EXERCISE_DATES_AVAILABLE,美式,CHECK_NEED_EXCHANGE_RULE_REVIEW,20.0,20.0,0.5,人民币元/吨,CHECK_DYNAMIC_BY_EXCHANGE_NOTICE,CHECK_DYNAMIC_BY_EXCHANGE_NOTICE,CHECK_NEED_EXCHANGE_RULE_REVIEW,CHECK_NEED_EXCHANGE_RULE_REVIEW,CHECK_DYNAMIC_BY_EXCHANGE_NOTICE,CHECK_NEED_EXCHANGE_RULE_REVIEW,Y,Tushare,AKShare,TqSdk,OPTION_RULE_TUSHARE_PRIMARY_NEED_REVIEW,2026-05-22,基于 Tushare opt_basic 自动生成期权规则草稿；正式到期日规则、挂牌合约数量规则、行权规则需交易所规则复核。,FUT_CZCE_FG,FG,GLASS
OPT_CZCE_MA,MA,甲醇期权,OPTION,COMMODITY_OPTION,CZCE,郑州商品交易所,CN,CNY,OBSERVED_EXPIRY_MONTHS_AVAILABLE,CHECK_NEED_EXCHANGE_RULE_REVIEW,CHECK_NEED_EXCHANGE_RULE_REVIEW,CHECK_NEED_EXCHANGE_RULE_REVIEW,OBSERVED_EXPIRY_MONTHS_AVAILABLE,OBSERVED_MATURITY_DATES_AVAILABLE,CHECK_NEED_EXCHANGE_RULE_REVIEW,OBSERVED_DELIST_OR_LAST_TRADE_DATES_AVAILABLE,NA_NOT_APPLICABLE_OR_CHECK_BY_EXCHANGE,OBSERVED_LAST_EXERCISE_DATES_AVAILABLE,美式,CHECK_NEED_EXCHANGE_RULE_REVIEW,10.0,10.0,0.5,人民币元/吨,CHECK_DYNAMIC_BY_EXCHANGE_NOTICE,CHECK_DYNAMIC_BY_EXCHANGE_NOTICE,CHECK_NEED_EXCHANGE_RULE_REVIEW,CHECK_NEED_EXCHANGE_RULE_REVIEW,CHECK_DYNAMIC_BY_EXCHANGE_NOTICE,CHECK_NEED_EXCHANGE_RULE_REVIEW,Y,Tushare,AKShare,TqSdk,OPTION_RULE_TUSHARE_PRIMARY_NEED_REVIEW,2026-05-22,基于 Tushare opt_basic 自动生成期权规则草稿；正式到期日规则、挂牌合约数量规则、行权规则需交易所规则复核。,FUT_CZCE_MA,MA,METHANOL
OPT_CZCE_OI,OI,菜籽油期权,OPTION,COMMODITY_OPTION,CZCE,郑州商品交易所,CN,CNY,OBSERVED_EXPIRY_MONTHS_AVAILABLE,CHECK_NEED_EXCHANGE_RULE_REVIEW,CHECK_NEED_EXCHANGE_RULE_REVIEW,CHECK_NEED_EXCHANGE_RULE_REVIEW,OBSERVED_EXPIRY_MONTHS_AVAILABLE,OBSERVED_MATURITY_DATES_AVAILABLE,CHECK_NEED_EXCHANGE_RULE_REVIEW,OBSERVED_DELIST_OR_LAST_TRADE_DATES_AVAILABLE,NA_NOT_APPLICABLE_OR_CHECK_BY_EXCHANGE,OBSERVED_LAST_EXERCISE_DATES_AVAILABLE,美式,CHECK_NEED_EXCHANGE_RULE_REVIEW,10.0,10.0,0.5,人民币元/吨,CHECK_DYNAMIC_BY_EXCHANGE_NOTICE,CHECK_DYNAMIC_BY_EXCHANGE_NOTICE,CHECK_NEED_EXCHANGE_RULE_REVIEW,CHECK_NEED_EXCHANGE_RULE_REVIEW,CHECK_DYNAMIC_BY_EXCHANGE_NOTICE,CHECK_NEED_EXCHANGE_RULE_REVIEW,Y,Tushare,AKShare,TqSdk,OPTION_RULE_TUSHARE_PRIMARY_NEED_REVIEW,2026-05-22,基于 Tushare opt_basic 自动生成期权规则草稿；正式到期日规则、挂牌合约数量规则、行权规则需交易所规则复核。,FUT_CZCE_OI,OI,RAPESEED_OIL
OPT_CZCE_PF,PF,短纤期权,OPTION,COMMODITY_OPTION,CZCE,郑州商品交易所,CN,CNY,OBSERVED_EXPIRY_MONTHS_AVAILABLE,CHECK_NEED_EXCHANGE_RULE_REVIEW,CHECK_NEED_EXCHANGE_RULE_REVIEW,CHECK_NEED_EXCHANGE_RULE_REVIEW,OBSERVED_EXPIRY_MONTHS_AVAILABLE,OBSERVED_MATURITY_DATES_AVAILABLE,CHECK_NEED_EXCHANGE_RULE_REVIEW,OBSERVED_DELIST_OR_LAST_TRADE_DATES_AVAILABLE,NA_NOT_APPLICABLE_OR_CHECK_BY_EXCHANGE,OBSERVED_LAST_EXERCISE_DATES_AVAILABLE,美式,CHECK_NEED_EXCHANGE_RULE_REVIEW,5.0,5.0,0.5,人民币元/吨,CHECK_DYNAMIC_BY_EXCHANGE_NOTICE,CHECK_DYNAMIC_BY_EXCHANGE_NOTICE,CHECK_NEED_EXCHANGE_RULE_REVIEW,CHECK_NEED_EXCHANGE_RULE_REVIEW,CHECK_DYNAMIC_BY_EXCHANGE_NOTICE,CHECK_NEED_EXCHANGE_RULE_REVIEW,Y,Tushare,AKShare,TqSdk,OPTION_RULE_TUSHARE_PRIMARY_NEED_REVIEW,2026-05-22,基于 Tushare opt_basic 自动生成期权规则草稿；正式到期日规则、挂牌合约数量规则、行权规则需交易所规则复核。,FUT_CZCE_PF,PF,POLYESTER_STAPLE_FIBER
OPT_CZCE_PK,PK,花生期权,OPTION,COMMODITY_OPTION,CZCE,郑州商品交易所,CN,CNY,OBSERVED_EXPIRY_MONTHS_AVAILABLE,CHECK_NEED_EXCHANGE_RULE_REVIEW,CHECK_NEED_EXCHANGE_RULE_REVIEW,CHECK_NEED_EXCHANGE_RULE_REVIEW,OBSERVED_EXPIRY_MONTHS_AVAILABLE,OBSERVED_MATURITY_DATES_AVAILABLE,CHECK_NEED_EXCHANGE_RULE_REVIEW,OBSERVED_DELIST_OR_LAST_TRADE_DATES_AVAILABLE,NA_NOT_APPLICABLE_OR_CHECK_BY_EXCHANGE,OBSERVED_LAST_EXERCISE_DATES_AVAILABLE,美式,CHECK_NEED_EXCHANGE_RULE_REVIEW,5.0,5.0,0.5,人民币元/吨,CHECK_DYNAMIC_BY_EXCHANGE_NOTICE,CHECK_DYNAMIC_BY_EXCHANGE_NOTICE,CHECK_NEED_EXCHANGE_RULE_REVIEW,CHECK_NEED_EXCHANGE_RULE_REVIEW,CHECK_DYNAMIC_BY_EXCHANGE_NOTICE,CHECK_NEED_EXCHANGE_RULE_REVIEW,Y,Tushare,AKShare,TqSdk,OPTION_RULE_TUSHARE_PRIMARY_NEED_REVIEW,2026-05-22,基于 Tushare opt_basic 自动生成期权规则草稿；正式到期日规则、挂牌合约数量规则、行权规则需交易所规则复核。,FUT_CZCE_PK,PK,PEANUT
OPT_CZCE_PL,PL,丙烯期权,OPTION,COMMODITY_OPTION,CZCE,郑州商品交易所,CN,CNY,OBSERVED_EXPIRY_MONTHS_AVAILABLE,CHECK_NEED_EXCHANGE_RULE_REVIEW,CHECK_NEED_EXCHANGE_RULE_REVIEW,CHECK_NEED_EXCHANGE_RULE_REVIEW,OBSERVED_EXPIRY_MONTHS_AVAILABLE,OBSERVED_MATURITY_DATES_AVAILABLE,CHECK_NEED_EXCHANGE_RULE_REVIEW,OBSERVED_DELIST_OR_LAST_TRADE_DATES_AVAILABLE,NA_NOT_APPLICABLE_OR_CHECK_BY_EXCHANGE,OBSERVED_LAST_EXERCISE_DATES_AVAILABLE,美式,CHECK_NEED_EXCHANGE_RULE_REVIEW,20.0,20.0,0.5,人民币元/吨,CHECK_DYNAMIC_BY_EXCHANGE_NOTICE,CHECK_DYNAMIC_BY_EXCHANGE_NOTICE,CHECK_NEED_EXCHANGE_RULE_REVIEW,CHECK_NEED_EXCHANGE_RULE_REVIEW,CHECK_DYNAMIC_BY_EXCHANGE_NOTICE,CHECK_NEED_EXCHANGE_RULE_REVIEW,Y,Tushare,AKShare,TqSdk,OPTION_RULE_TUSHARE_PRIMARY_NEED_REVIEW,2026-05-22,基于 Tushare opt_basic 自动生成期权规则草稿；正式到期日规则、挂牌合约数量规则、行权规则需交易所规则复核。,FUT_CZCE_PL,PL,PROPYLENE
OPT_CZCE_PR,PR,瓶片期权,OPTION,COMMODITY_OPTION,CZCE,郑州商品交易所,CN,CNY,OBSERVED_EXPIRY_MONTHS_AVAILABLE,CHECK_NEED_EXCHANGE_RULE_REVIEW,CHECK_NEED_EXCHANGE_RULE_REVIEW,CHECK_NEED_EXCHANGE_RULE_REVIEW,OBSERVED_EXPIRY_MONTHS_AVAILABLE,OBSERVED_MATURITY_DATES_AVAILABLE,CHECK_NEED_EXCHANGE_RULE_REVIEW,OBSERVED_DELIST_OR_LAST_TRADE_DATES_AVAILABLE,NA_NOT_APPLICABLE_OR_CHECK_BY_EXCHANGE,OBSERVED_LAST_EXERCISE_DATES_AVAILABLE,美式,CHECK_NEED_EXCHANGE_RULE_REVIEW,15.0,15.0,0.5,人民币元/吨,CHECK_DYNAMIC_BY_EXCHANGE_NOTICE,CHECK_DYNAMIC_BY_EXCHANGE_NOTICE,CHECK_NEED_EXCHANGE_RULE_REVIEW,CHECK_NEED_EXCHANGE_RULE_REVIEW,CHECK_DYNAMIC_BY_EXCHANGE_NOTICE,CHECK_NEED_EXCHANGE_RULE_REVIEW,Y,Tushare,AKShare,TqSdk,OPTION_RULE_TUSHARE_PRIMARY_NEED_REVIEW,2026-05-22,基于 Tushare opt_basic 自动生成期权规则草稿；正式到期日规则、挂牌合约数量规则、行权规则需交易所规则复核。,FUT_CZCE_PR,PR,BOTTLE_GRADE_PET
OPT_CZCE_PX,PX,对二甲苯期权,OPTION,COMMODITY_OPTION,CZCE,郑州商品交易所,CN,CNY,OBSERVED_EXPIRY_MONTHS_AVAILABLE,CHECK_NEED_EXCHANGE_RULE_REVIEW,CHECK_NEED_EXCHANGE_RULE_REVIEW,CHECK_NEED_EXCHANGE_RULE_REVIEW,OBSERVED_EXPIRY_MONTHS_AVAILABLE,OBSERVED_MATURITY_DATES_AVAILABLE,CHECK_NEED_EXCHANGE_RULE_REVIEW,OBSERVED_DELIST_OR_LAST_TRADE_DATES_AVAILABLE,NA_NOT_APPLICABLE_OR_CHECK_BY_EXCHANGE,OBSERVED_LAST_EXERCISE_DATES_AVAILABLE,美式,CHECK_NEED_EXCHANGE_RULE_REVIEW,5.0,5.0,0.5,人民币元/吨,CHECK_DYNAMIC_BY_EXCHANGE_NOTICE,CHECK_DYNAMIC_BY_EXCHANGE_NOTICE,CHECK_NEED_EXCHANGE_RULE_REVIEW,CHECK_NEED_EXCHANGE_RULE_REVIEW,CHECK_DYNAMIC_BY_EXCHANGE_NOTICE,CHECK_NEED_EXCHANGE_RULE_REVIEW,Y,Tushare,AKShare,TqSdk,OPTION_RULE_TUSHARE_PRIMARY_NEED_REVIEW,2026-05-22,基于 Tushare opt_basic 自动生成期权规则草稿；正式到期日规则、挂牌合约数量规则、行权规则需交易所规则复核。,FUT_CZCE_PX,PX,PARAXYLENE
OPT_CZCE_RM,RM,菜粕期权,OPTION,COMMODITY_OPTION,CZCE,郑州商品交易所,CN,CNY,OBSERVED_EXPIRY_MONTHS_AVAILABLE,CHECK_NEED_EXCHANGE_RULE_REVIEW,CHECK_NEED_EXCHANGE_RULE_REVIEW,CHECK_NEED_EXCHANGE_RULE_REVIEW,OBSERVED_EXPIRY_MONTHS_AVAILABLE,OBSERVED_MATURITY_DATES_AVAILABLE,CHECK_NEED_EXCHANGE_RULE_REVIEW,OBSERVED_DELIST_OR_LAST_TRADE_DATES_AVAILABLE,NA_NOT_APPLICABLE_OR_CHECK_BY_EXCHANGE,OBSERVED_LAST_EXERCISE_DATES_AVAILABLE,美式,CHECK_NEED_EXCHANGE_RULE_REVIEW,10.0,10.0,0.5,人民币元/吨,CHECK_DYNAMIC_BY_EXCHANGE_NOTICE,CHECK_DYNAMIC_BY_EXCHANGE_NOTICE,CHECK_NEED_EXCHANGE_RULE_REVIEW,CHECK_NEED_EXCHANGE_RULE_REVIEW,CHECK_DYNAMIC_BY_EXCHANGE_NOTICE,CHECK_NEED_EXCHANGE_RULE_REVIEW,Y,Tushare,AKShare,TqSdk,OPTION_RULE_TUSHARE_PRIMARY_NEED_REVIEW,2026-05-22,基于 Tushare opt_basic 自动生成期权规则草稿；正式到期日规则、挂牌合约数量规则、行权规则需交易所规则复核。,FUT_CZCE_RM,RM,RAPESEED_MEAL
OPT_CZCE_SA,SA,纯碱期权,OPTION,COMMODITY_OPTION,CZCE,郑州商品交易所,CN,CNY,OBSERVED_EXPIRY_MONTHS_AVAILABLE,CHECK_NEED_EXCHANGE_RULE_REVIEW,CHECK_NEED_EXCHANGE_RULE_REVIEW,CHECK_NEED_EXCHANGE_RULE_REVIEW,OBSERVED_EXPIRY_MONTHS_AVAILABLE,OBSERVED_MATURITY_DATES_AVAILABLE,CHECK_NEED_EXCHANGE_RULE_REVIEW,OBSERVED_DELIST_OR_LAST_TRADE_DATES_AVAILABLE,NA_NOT_APPLICABLE_OR_CHECK_BY_EXCHANGE,OBSERVED_LAST_EXERCISE_DATES_AVAILABLE,美式,CHECK_NEED_EXCHANGE_RULE_REVIEW,20.0,20.0,0.5,人民币元/吨,CHECK_DYNAMIC_BY_EXCHANGE_NOTICE,CHECK_DYNAMIC_BY_EXCHANGE_NOTICE,CHECK_NEED_EXCHANGE_RULE_REVIEW,CHECK_NEED_EXCHANGE_RULE_REVIEW,CHECK_DYNAMIC_BY_EXCHANGE_NOTICE,CHECK_NEED_EXCHANGE_RULE_REVIEW,Y,Tushare,AKShare,TqSdk,OPTION_RULE_TUSHARE_PRIMARY_NEED_REVIEW,2026-05-22,基于 Tushare opt_basic 自动生成期权规则草稿；正式到期日规则、挂牌合约数量规则、行权规则需交易所规则复核。,FUT_CZCE_SA,SA,SODA_ASH
OPT_CZCE_SF,SF,硅铁期权,OPTION,COMMODITY_OPTION,CZCE,郑州商品交易所,CN,CNY,OBSERVED_EXPIRY_MONTHS_AVAILABLE,CHECK_NEED_EXCHANGE_RULE_REVIEW,CHECK_NEED_EXCHANGE_RULE_REVIEW,CHECK_NEED_EXCHANGE_RULE_REVIEW,OBSERVED_EXPIRY_MONTHS_AVAILABLE,OBSERVED_MATURITY_DATES_AVAILABLE,CHECK_NEED_EXCHANGE_RULE_REVIEW,OBSERVED_DELIST_OR_LAST_TRADE_DATES_AVAILABLE,NA_NOT_APPLICABLE_OR_CHECK_BY_EXCHANGE,OBSERVED_LAST_EXERCISE_DATES_AVAILABLE,美式,CHECK_NEED_EXCHANGE_RULE_REVIEW,5.0,5.0,1,人民币元/吨,CHECK_DYNAMIC_BY_EXCHANGE_NOTICE,CHECK_DYNAMIC_BY_EXCHANGE_NOTICE,CHECK_NEED_EXCHANGE_RULE_REVIEW,CHECK_NEED_EXCHANGE_RULE_REVIEW,CHECK_DYNAMIC_BY_EXCHANGE_NOTICE,CHECK_NEED_EXCHANGE_RULE_REVIEW,Y,Tushare,AKShare,TqSdk,OPTION_RULE_TUSHARE_PRIMARY_NEED_REVIEW,2026-05-22,基于 Tushare opt_basic 自动生成期权规则草稿；正式到期日规则、挂牌合约数量规则、行权规则需交易所规则复核。,FUT_CZCE_SF,SF,FERROSILICON
OPT_CZCE_SH,SH,烧碱期权,OPTION,COMMODITY_OPTION,CZCE,郑州商品交易所,CN,CNY,OBSERVED_EXPIRY_MONTHS_AVAILABLE,CHECK_NEED_EXCHANGE_RULE_REVIEW,CHECK_NEED_EXCHANGE_RULE_REVIEW,CHECK_NEED_EXCHANGE_RULE_REVIEW,OBSERVED_EXPIRY_MONTHS_AVAILABLE,OBSERVED_MATURITY_DATES_AVAILABLE,CHECK_NEED_EXCHANGE_RULE_REVIEW,OBSERVED_DELIST_OR_LAST_TRADE_DATES_AVAILABLE,NA_NOT_APPLICABLE_OR_CHECK_BY_EXCHANGE,OBSERVED_LAST_EXERCISE_DATES_AVAILABLE,美式,CHECK_NEED_EXCHANGE_RULE_REVIEW,30.0,30.0,0.5,人民币元/吨,CHECK_DYNAMIC_BY_EXCHANGE_NOTICE,CHECK_DYNAMIC_BY_EXCHANGE_NOTICE,CHECK_NEED_EXCHANGE_RULE_REVIEW,CHECK_NEED_EXCHANGE_RULE_REVIEW,CHECK_DYNAMIC_BY_EXCHANGE_NOTICE,CHECK_NEED_EXCHANGE_RULE_REVIEW,Y,Tushare,AKShare,TqSdk,OPTION_RULE_TUSHARE_PRIMARY_NEED_REVIEW,2026-05-22,基于 Tushare opt_basic 自动生成期权规则草稿；正式到期日规则、挂牌合约数量规则、行权规则需交易所规则复核。,FUT_CZCE_SH,SH,CAUSTIC_SODA
OPT_CZCE_SM,SM,锰硅期权,OPTION,COMMODITY_OPTION,CZCE,郑州商品交易所,CN,CNY,OBSERVED_EXPIRY_MONTHS_AVAILABLE,CHECK_NEED_EXCHANGE_RULE_REVIEW,CHECK_NEED_EXCHANGE_RULE_REVIEW,CHECK_NEED_EXCHANGE_RULE_REVIEW,OBSERVED_EXPIRY_MONTHS_AVAILABLE,OBSERVED_MATURITY_DATES_AVAILABLE,CHECK_NEED_EXCHANGE_RULE_REVIEW,OBSERVED_DELIST_OR_LAST_TRADE_DATES_AVAILABLE,NA_NOT_APPLICABLE_OR_CHECK_BY_EXCHANGE,OBSERVED_LAST_EXERCISE_DATES_AVAILABLE,美式,CHECK_NEED_EXCHANGE_RULE_REVIEW,5.0,5.0,1,人民币元/吨,CHECK_DYNAMIC_BY_EXCHANGE_NOTICE,CHECK_DYNAMIC_BY_EXCHANGE_NOTICE,CHECK_NEED_EXCHANGE_RULE_REVIEW,CHECK_NEED_EXCHANGE_RULE_REVIEW,CHECK_DYNAMIC_BY_EXCHANGE_NOTICE,CHECK_NEED_EXCHANGE_RULE_REVIEW,Y,Tushare,AKShare,TqSdk,OPTION_RULE_TUSHARE_PRIMARY_NEED_REVIEW,2026-05-22,基于 Tushare opt_basic 自动生成期权规则草稿；正式到期日规则、挂牌合约数量规则、行权规则需交易所规则复核。,FUT_CZCE_SM,SM,SILICOMANGANESE
OPT_CZCE_SR,SR,白糖期权,OPTION,COMMODITY_OPTION,CZCE,郑州商品交易所,CN,CNY,OBSERVED_EXPIRY_MONTHS_AVAILABLE,CHECK_NEED_EXCHANGE_RULE_REVIEW,CHECK_NEED_EXCHANGE_RULE_REVIEW,CHECK_NEED_EXCHANGE_RULE_REVIEW,OBSERVED_EXPIRY_MONTHS_AVAILABLE,OBSERVED_MATURITY_DATES_AVAILABLE,CHECK_NEED_EXCHANGE_RULE_REVIEW,OBSERVED_DELIST_OR_LAST_TRADE_DATES_AVAILABLE,NA_NOT_APPLICABLE_OR_CHECK_BY_EXCHANGE,OBSERVED_LAST_EXERCISE_DATES_AVAILABLE,美式,CHECK_NEED_EXCHANGE_RULE_REVIEW,10.0,10.0,0.5,人民币元/吨,CHECK_DYNAMIC_BY_EXCHANGE_NOTICE,CHECK_DYNAMIC_BY_EXCHANGE_NOTICE,CHECK_NEED_EXCHANGE_RULE_REVIEW,CHECK_NEED_EXCHANGE_RULE_REVIEW,CHECK_DYNAMIC_BY_EXCHANGE_NOTICE,CHECK_NEED_EXCHANGE_RULE_REVIEW,Y,Tushare,AKShare,TqSdk,OPTION_RULE_TUSHARE_PRIMARY_NEED_REVIEW,2026-05-22,基于 Tushare opt_basic 自动生成期权规则草稿；正式到期日规则、挂牌合约数量规则、行权规则需交易所规则复核。,FUT_CZCE_SR,SR,SUGAR
OPT_CZCE_TA,TA,PTA期权,OPTION,COMMODITY_OPTION,CZCE,郑州商品交易所,CN,CNY,OBSERVED_EXPIRY_MONTHS_AVAILABLE,CHECK_NEED_EXCHANGE_RULE_REVIEW,CHECK_NEED_EXCHANGE_RULE_REVIEW,CHECK_NEED_EXCHANGE_RULE_REVIEW,OBSERVED_EXPIRY_MONTHS_AVAILABLE,OBSERVED_MATURITY_DATES_AVAILABLE,CHECK_NEED_EXCHANGE_RULE_REVIEW,OBSERVED_DELIST_OR_LAST_TRADE_DATES_AVAILABLE,NA_NOT_APPLICABLE_OR_CHECK_BY_EXCHANGE,OBSERVED_LAST_EXERCISE_DATES_AVAILABLE,美式,CHECK_NEED_EXCHANGE_RULE_REVIEW,5.0,5.0,0.5,人民币元/吨,CHECK_DYNAMIC_BY_EXCHANGE_NOTICE,CHECK_DYNAMIC_BY_EXCHANGE_NOTICE,CHECK_NEED_EXCHANGE_RULE_REVIEW,CHECK_NEED_EXCHANGE_RULE_REVIEW,CHECK_DYNAMIC_BY_EXCHANGE_NOTICE,CHECK_NEED_EXCHANGE_RULE_REVIEW,Y,Tushare,AKShare,TqSdk,OPTION_RULE_TUSHARE_PRIMARY_NEED_REVIEW,2026-05-22,基于 Tushare opt_basic 自动生成期权规则草稿；正式到期日规则、挂牌合约数量规则、行权规则需交易所规则复核。,FUT_CZCE_TA,TA,PTA
OPT_CZCE_UR,UR,尿素期权,OPTION,COMMODITY_OPTION,CZCE,郑州商品交易所,CN,CNY,OBSERVED_EXPIRY_MONTHS_AVAILABLE,CHECK_NEED_EXCHANGE_RULE_REVIEW,CHECK_NEED_EXCHANGE_RULE_REVIEW,CHECK_NEED_EXCHANGE_RULE_REVIEW,OBSERVED_EXPIRY_MONTHS_AVAILABLE,OBSERVED_MATURITY_DATES_AVAILABLE,CHECK_NEED_EXCHANGE_RULE_REVIEW,OBSERVED_DELIST_OR_LAST_TRADE_DATES_AVAILABLE,NA_NOT_APPLICABLE_OR_CHECK_BY_EXCHANGE,OBSERVED_LAST_EXERCISE_DATES_AVAILABLE,美式,CHECK_NEED_EXCHANGE_RULE_REVIEW,20.0,20.0,0.5,人民币元/吨,CHECK_DYNAMIC_BY_EXCHANGE_NOTICE,CHECK_DYNAMIC_BY_EXCHANGE_NOTICE,CHECK_NEED_EXCHANGE_RULE_REVIEW,CHECK_NEED_EXCHANGE_RULE_REVIEW,CHECK_DYNAMIC_BY_EXCHANGE_NOTICE,CHECK_NEED_EXCHANGE_RULE_REVIEW,Y,Tushare,AKShare,TqSdk,OPTION_RULE_TUSHARE_PRIMARY_NEED_REVIEW,2026-05-22,基于 Tushare opt_basic 自动生成期权规则草稿；正式到期日规则、挂牌合约数量规则、行权规则需交易所规则复核。,FUT_CZCE_UR,UR,UREA
OPT_CZCE_ZC,ZC,动力煤期权,OPTION,COMMODITY_OPTION,CZCE,郑州商品交易所,CN,CNY,OBSERVED_EXPIRY_MONTHS_AVAILABLE,CHECK_NEED_EXCHANGE_RULE_REVIEW,CHECK_NEED_EXCHANGE_RULE_REVIEW,CHECK_NEED_EXCHANGE_RULE_REVIEW,OBSERVED_EXPIRY_MONTHS_AVAILABLE,OBSERVED_MATURITY_DATES_AVAILABLE,CHECK_NEED_EXCHANGE_RULE_REVIEW,OBSERVED_DELIST_OR_LAST_TRADE_DATES_AVAILABLE,NA_NOT_APPLICABLE_OR_CHECK_BY_EXCHANGE,OBSERVED_LAST_EXERCISE_DATES_AVAILABLE,美式,CHECK_NEED_EXCHANGE_RULE_REVIEW,100.0,100.0,0.1,人民币元/吨,CHECK_DYNAMIC_BY_EXCHANGE_NOTICE,CHECK_DYNAMIC_BY_EXCHANGE_NOTICE,CHECK_NEED_EXCHANGE_RULE_REVIEW,CHECK_NEED_EXCHANGE_RULE_REVIEW,CHECK_DYNAMIC_BY_EXCHANGE_NOTICE,CHECK_NEED_EXCHANGE_RULE_REVIEW,Y,Tushare,AKShare,TqSdk,OPTION_RULE_TUSHARE_PRIMARY_NEED_REVIEW,2026-05-22,基于 Tushare opt_basic 自动生成期权规则草稿；正式到期日规则、挂牌合约数量规则、行权规则需交易所规则复核。,FUT_CZCE_ZC,ZC,THERMAL_COAL
OPT_DCE_A,A,豆一期权,OPTION,COMMODITY_OPTION,DCE,大连商品交易所,CN,CNY,OBSERVED_EXPIRY_MONTHS_AVAILABLE,CHECK_NEED_EXCHANGE_RULE_REVIEW,CHECK_NEED_EXCHANGE_RULE_REVIEW,CHECK_NEED_EXCHANGE_RULE_REVIEW,OBSERVED_EXPIRY_MONTHS_AVAILABLE,OBSERVED_MATURITY_DATES_AVAILABLE,CHECK_NEED_EXCHANGE_RULE_REVIEW,OBSERVED_DELIST_OR_LAST_TRADE_DATES_AVAILABLE,NA_NOT_APPLICABLE_OR_CHECK_BY_EXCHANGE,OBSERVED_LAST_EXERCISE_DATES_AVAILABLE,美式,CHECK_NEED_EXCHANGE_RULE_REVIEW,10.0,10.0,0.5,人民币元/吨,CHECK_DYNAMIC_BY_EXCHANGE_NOTICE,CHECK_DYNAMIC_BY_EXCHANGE_NOTICE,CHECK_NEED_EXCHANGE_RULE_REVIEW,CHECK_NEED_EXCHANGE_RULE_REVIEW,CHECK_DYNAMIC_BY_EXCHANGE_NOTICE,CHECK_NEED_EXCHANGE_RULE_REVIEW,Y,Tushare,AKShare,TqSdk,OPTION_RULE_TUSHARE_PRIMARY_NEED_REVIEW,2026-05-22,基于 Tushare opt_basic 自动生成期权规则草稿；正式到期日规则、挂牌合约数量规则、行权规则需交易所规则复核。,FUT_DCE_A,A,SOYBEAN
OPT_DCE_B,B,豆二期权,OPTION,COMMODITY_OPTION,DCE,大连商品交易所,CN,CNY,OBSERVED_EXPIRY_MONTHS_AVAILABLE,CHECK_NEED_EXCHANGE_RULE_REVIEW,CHECK_NEED_EXCHANGE_RULE_REVIEW,CHECK_NEED_EXCHANGE_RULE_REVIEW,OBSERVED_EXPIRY_MONTHS_AVAILABLE,OBSERVED_MATURITY_DATES_AVAILABLE,CHECK_NEED_EXCHANGE_RULE_REVIEW,OBSERVED_DELIST_OR_LAST_TRADE_DATES_AVAILABLE,NA_NOT_APPLICABLE_OR_CHECK_BY_EXCHANGE,OBSERVED_LAST_EXERCISE_DATES_AVAILABLE,美式,CHECK_NEED_EXCHANGE_RULE_REVIEW,10.0,10.0,0.5,人民币元/吨,CHECK_DYNAMIC_BY_EXCHANGE_NOTICE,CHECK_DYNAMIC_BY_EXCHANGE_NOTICE,CHECK_NEED_EXCHANGE_RULE_REVIEW,CHECK_NEED_EXCHANGE_RULE_REVIEW,CHECK_DYNAMIC_BY_EXCHANGE_NOTICE,CHECK_NEED_EXCHANGE_RULE_REVIEW,Y,Tushare,AKShare,TqSdk,OPTION_RULE_TUSHARE_PRIMARY_NEED_REVIEW,2026-05-22,基于 Tushare opt_basic 自动生成期权规则草稿；正式到期日规则、挂牌合约数量规则、行权规则需交易所规则复核。,FUT_DCE_B,B,SOYBEAN
OPT_DCE_BZ,BZ,纯苯期权,OPTION,COMMODITY_OPTION,DCE,大连商品交易所,CN,CNY,OBSERVED_EXPIRY_MONTHS_AVAILABLE,CHECK_NEED_EXCHANGE_RULE_REVIEW,CHECK_NEED_EXCHANGE_RULE_REVIEW,CHECK_NEED_EXCHANGE_RULE_REVIEW,OBSERVED_EXPIRY_MONTHS_AVAILABLE,OBSERVED_MATURITY_DATES_AVAILABLE,CHECK_NEED_EXCHANGE_RULE_REVIEW,OBSERVED_DELIST_OR_LAST_TRADE_DATES_AVAILABLE,NA_NOT_APPLICABLE_OR_CHECK_BY_EXCHANGE,OBSERVED_LAST_EXERCISE_DATES_AVAILABLE,美式,CHECK_NEED_EXCHANGE_RULE_REVIEW,30.0,30.0,0.5,人民币元/吨,CHECK_DYNAMIC_BY_EXCHANGE_NOTICE,CHECK_DYNAMIC_BY_EXCHANGE_NOTICE,CHECK_NEED_EXCHANGE_RULE_REVIEW,CHECK_NEED_EXCHANGE_RULE_REVIEW,CHECK_DYNAMIC_BY_EXCHANGE_NOTICE,CHECK_NEED_EXCHANGE_RULE_REVIEW,Y,Tushare,AKShare,TqSdk,OPTION_RULE_TUSHARE_PRIMARY_NEED_REVIEW,2026-05-22,基于 Tushare opt_basic 自动生成期权规则草稿；正式到期日规则、挂牌合约数量规则、行权规则需交易所规则复核。,FUT_DCE_BZ,BZ,BENZENE
OPT_DCE_C,C,玉米期权,OPTION,COMMODITY_OPTION,DCE,大连商品交易所,CN,CNY,OBSERVED_EXPIRY_MONTHS_AVAILABLE,CHECK_NEED_EXCHANGE_RULE_REVIEW,CHECK_NEED_EXCHANGE_RULE_REVIEW,CHECK_NEED_EXCHANGE_RULE_REVIEW,OBSERVED_EXPIRY_MONTHS_AVAILABLE,OBSERVED_MATURITY_DATES_AVAILABLE,CHECK_NEED_EXCHANGE_RULE_REVIEW,OBSERVED_DELIST_OR_LAST_TRADE_DATES_AVAILABLE,NA_NOT_APPLICABLE_OR_CHECK_BY_EXCHANGE,OBSERVED_LAST_EXERCISE_DATES_AVAILABLE,美式,CHECK_NEED_EXCHANGE_RULE_REVIEW,10.0,10.0,0.5,人民币元/吨,CHECK_DYNAMIC_BY_EXCHANGE_NOTICE,CHECK_DYNAMIC_BY_EXCHANGE_NOTICE,CHECK_NEED_EXCHANGE_RULE_REVIEW,CHECK_NEED_EXCHANGE_RULE_REVIEW,CHECK_DYNAMIC_BY_EXCHANGE_NOTICE,CHECK_NEED_EXCHANGE_RULE_REVIEW,Y,Tushare,AKShare,TqSdk,OPTION_RULE_TUSHARE_PRIMARY_NEED_REVIEW,2026-05-22,基于 Tushare opt_basic 自动生成期权规则草稿；正式到期日规则、挂牌合约数量规则、行权规则需交易所规则复核。,FUT_DCE_C,C,CORN
OPT_DCE_CS,CS,玉米淀粉期权,OPTION,COMMODITY_OPTION,DCE,大连商品交易所,CN,CNY,OBSERVED_EXPIRY_MONTHS_AVAILABLE,CHECK_NEED_EXCHANGE_RULE_REVIEW,CHECK_NEED_EXCHANGE_RULE_REVIEW,CHECK_NEED_EXCHANGE_RULE_REVIEW,OBSERVED_EXPIRY_MONTHS_AVAILABLE,OBSERVED_MATURITY_DATES_AVAILABLE,CHECK_NEED_EXCHANGE_RULE_REVIEW,OBSERVED_DELIST_OR_LAST_TRADE_DATES_AVAILABLE,NA_NOT_APPLICABLE_OR_CHECK_BY_EXCHANGE,OBSERVED_LAST_EXERCISE_DATES_AVAILABLE,美式,CHECK_NEED_EXCHANGE_RULE_REVIEW,10.0,10.0,0.5,人民币元/吨,CHECK_DYNAMIC_BY_EXCHANGE_NOTICE,CHECK_DYNAMIC_BY_EXCHANGE_NOTICE,CHECK_NEED_EXCHANGE_RULE_REVIEW,CHECK_NEED_EXCHANGE_RULE_REVIEW,CHECK_DYNAMIC_BY_EXCHANGE_NOTICE,CHECK_NEED_EXCHANGE_RULE_REVIEW,Y,Tushare,AKShare,TqSdk,OPTION_RULE_TUSHARE_PRIMARY_NEED_REVIEW,2026-05-22,基于 Tushare opt_basic 自动生成期权规则草稿；正式到期日规则、挂牌合约数量规则、行权规则需交易所规则复核。,FUT_DCE_CS,CS,CORN_STARCH
OPT_DCE_EB,EB,苯乙烯期权,OPTION,COMMODITY_OPTION,DCE,大连商品交易所,CN,CNY,OBSERVED_EXPIRY_MONTHS_AVAILABLE,CHECK_NEED_EXCHANGE_RULE_REVIEW,CHECK_NEED_EXCHANGE_RULE_REVIEW,CHECK_NEED_EXCHANGE_RULE_REVIEW,OBSERVED_EXPIRY_MONTHS_AVAILABLE,OBSERVED_MATURITY_DATES_AVAILABLE,CHECK_NEED_EXCHANGE_RULE_REVIEW,OBSERVED_DELIST_OR_LAST_TRADE_DATES_AVAILABLE,NA_NOT_APPLICABLE_OR_CHECK_BY_EXCHANGE,OBSERVED_LAST_EXERCISE_DATES_AVAILABLE,美式,CHECK_NEED_EXCHANGE_RULE_REVIEW,5.0,5.0,0.5,人民币元/吨,CHECK_DYNAMIC_BY_EXCHANGE_NOTICE,CHECK_DYNAMIC_BY_EXCHANGE_NOTICE,CHECK_NEED_EXCHANGE_RULE_REVIEW,CHECK_NEED_EXCHANGE_RULE_REVIEW,CHECK_DYNAMIC_BY_EXCHANGE_NOTICE,CHECK_NEED_EXCHANGE_RULE_REVIEW,Y,Tushare,AKShare,TqSdk,OPTION_RULE_TUSHARE_PRIMARY_NEED_REVIEW,2026-05-22,基于 Tushare opt_basic 自动生成期权规则草稿；正式到期日规则、挂牌合约数量规则、行权规则需交易所规则复核。,FUT_DCE_EB,EB,STYRENE
OPT_DCE_EG,EG,乙二醇期权,OPTION,COMMODITY_OPTION,DCE,大连商品交易所,CN,CNY,OBSERVED_EXPIRY_MONTHS_AVAILABLE,CHECK_NEED_EXCHANGE_RULE_REVIEW,CHECK_NEED_EXCHANGE_RULE_REVIEW,CHECK_NEED_EXCHANGE_RULE_REVIEW,OBSERVED_EXPIRY_MONTHS_AVAILABLE,OBSERVED_MATURITY_DATES_AVAILABLE,CHECK_NEED_EXCHANGE_RULE_REVIEW,OBSERVED_DELIST_OR_LAST_TRADE_DATES_AVAILABLE,NA_NOT_APPLICABLE_OR_CHECK_BY_EXCHANGE,OBSERVED_LAST_EXERCISE_DATES_AVAILABLE,美式,CHECK_NEED_EXCHANGE_RULE_REVIEW,10.0,10.0,0.5,人民币元/吨,CHECK_DYNAMIC_BY_EXCHANGE_NOTICE,CHECK_DYNAMIC_BY_EXCHANGE_NOTICE,CHECK_NEED_EXCHANGE_RULE_REVIEW,CHECK_NEED_EXCHANGE_RULE_REVIEW,CHECK_DYNAMIC_BY_EXCHANGE_NOTICE,CHECK_NEED_EXCHANGE_RULE_REVIEW,Y,Tushare,AKShare,TqSdk,OPTION_RULE_TUSHARE_PRIMARY_NEED_REVIEW,2026-05-22,基于 Tushare opt_basic 自动生成期权规则草稿；正式到期日规则、挂牌合约数量规则、行权规则需交易所规则复核。,FUT_DCE_EG,EG,ETHYLENE_GLYCOL
OPT_DCE_I,I,铁矿石期权,OPTION,COMMODITY_OPTION,DCE,大连商品交易所,CN,CNY,OBSERVED_EXPIRY_MONTHS_AVAILABLE,CHECK_NEED_EXCHANGE_RULE_REVIEW,CHECK_NEED_EXCHANGE_RULE_REVIEW,CHECK_NEED_EXCHANGE_RULE_REVIEW,OBSERVED_EXPIRY_MONTHS_AVAILABLE,OBSERVED_MATURITY_DATES_AVAILABLE,CHECK_NEED_EXCHANGE_RULE_REVIEW,OBSERVED_DELIST_OR_LAST_TRADE_DATES_AVAILABLE,NA_NOT_APPLICABLE_OR_CHECK_BY_EXCHANGE,OBSERVED_LAST_EXERCISE_DATES_AVAILABLE,美式,CHECK_NEED_EXCHANGE_RULE_REVIEW,100.0,100.0,0.1,人民币元/吨,CHECK_DYNAMIC_BY_EXCHANGE_NOTICE,CHECK_DYNAMIC_BY_EXCHANGE_NOTICE,CHECK_NEED_EXCHANGE_RULE_REVIEW,CHECK_NEED_EXCHANGE_RULE_REVIEW,CHECK_DYNAMIC_BY_EXCHANGE_NOTICE,CHECK_NEED_EXCHANGE_RULE_REVIEW,Y,Tushare,AKShare,TqSdk,OPTION_RULE_TUSHARE_PRIMARY_NEED_REVIEW,2026-05-22,基于 Tushare opt_basic 自动生成期权规则草稿；正式到期日规则、挂牌合约数量规则、行权规则需交易所规则复核。,FUT_DCE_I,I,IRON_ORE
OPT_DCE_JD,JD,鸡蛋期权,OPTION,COMMODITY_OPTION,DCE,大连商品交易所,CN,CNY,OBSERVED_EXPIRY_MONTHS_AVAILABLE,CHECK_NEED_EXCHANGE_RULE_REVIEW,CHECK_NEED_EXCHANGE_RULE_REVIEW,CHECK_NEED_EXCHANGE_RULE_REVIEW,OBSERVED_EXPIRY_MONTHS_AVAILABLE,OBSERVED_MATURITY_DATES_AVAILABLE,CHECK_NEED_EXCHANGE_RULE_REVIEW,OBSERVED_DELIST_OR_LAST_TRADE_DATES_AVAILABLE,NA_NOT_APPLICABLE_OR_CHECK_BY_EXCHANGE,OBSERVED_LAST_EXERCISE_DATES_AVAILABLE,美式,CHECK_NEED_EXCHANGE_RULE_REVIEW,10.0,10.0,0.5,人民币元/500千克,CHECK_DYNAMIC_BY_EXCHANGE_NOTICE,CHECK_DYNAMIC_BY_EXCHANGE_NOTICE,CHECK_NEED_EXCHANGE_RULE_REVIEW,CHECK_NEED_EXCHANGE_RULE_REVIEW,CHECK_DYNAMIC_BY_EXCHANGE_NOTICE,CHECK_NEED_EXCHANGE_RULE_REVIEW,Y,Tushare,AKShare,TqSdk,OPTION_RULE_TUSHARE_PRIMARY_NEED_REVIEW,2026-05-22,基于 Tushare opt_basic 自动生成期权规则草稿；正式到期日规则、挂牌合约数量规则、行权规则需交易所规则复核。,FUT_DCE_JD,JD,EGG
OPT_DCE_JM,JM,焦煤期权,OPTION,COMMODITY_OPTION,DCE,大连商品交易所,CN,CNY,OBSERVED_EXPIRY_MONTHS_AVAILABLE,CHECK_NEED_EXCHANGE_RULE_REVIEW,CHECK_NEED_EXCHANGE_RULE_REVIEW,CHECK_NEED_EXCHANGE_RULE_REVIEW,OBSERVED_EXPIRY_MONTHS_AVAILABLE,OBSERVED_MATURITY_DATES_AVAILABLE,CHECK_NEED_EXCHANGE_RULE_REVIEW,OBSERVED_DELIST_OR_LAST_TRADE_DATES_AVAILABLE,NA_NOT_APPLICABLE_OR_CHECK_BY_EXCHANGE,OBSERVED_LAST_EXERCISE_DATES_AVAILABLE,美式,CHECK_NEED_EXCHANGE_RULE_REVIEW,60.0,60.0,0.1,人民币元/吨,CHECK_DYNAMIC_BY_EXCHANGE_NOTICE,CHECK_DYNAMIC_BY_EXCHANGE_NOTICE,CHECK_NEED_EXCHANGE_RULE_REVIEW,CHECK_NEED_EXCHANGE_RULE_REVIEW,CHECK_DYNAMIC_BY_EXCHANGE_NOTICE,CHECK_NEED_EXCHANGE_RULE_REVIEW,Y,Tushare,AKShare,TqSdk,OPTION_RULE_TUSHARE_PRIMARY_NEED_REVIEW,2026-05-22,基于 Tushare opt_basic 自动生成期权规则草稿；正式到期日规则、挂牌合约数量规则、行权规则需交易所规则复核。,FUT_DCE_JM,JM,COKING_COAL
OPT_DCE_L,L,塑料期权,OPTION,COMMODITY_OPTION,DCE,大连商品交易所,CN,CNY,OBSERVED_EXPIRY_MONTHS_AVAILABLE,CHECK_NEED_EXCHANGE_RULE_REVIEW,CHECK_NEED_EXCHANGE_RULE_REVIEW,CHECK_NEED_EXCHANGE_RULE_REVIEW,OBSERVED_EXPIRY_MONTHS_AVAILABLE,OBSERVED_MATURITY_DATES_AVAILABLE,CHECK_NEED_EXCHANGE_RULE_REVIEW,OBSERVED_DELIST_OR_LAST_TRADE_DATES_AVAILABLE,NA_NOT_APPLICABLE_OR_CHECK_BY_EXCHANGE,OBSERVED_LAST_EXERCISE_DATES_AVAILABLE,美式,CHECK_NEED_EXCHANGE_RULE_REVIEW,5.0,5.0,0.5,人民币元/吨,CHECK_DYNAMIC_BY_EXCHANGE_NOTICE,CHECK_DYNAMIC_BY_EXCHANGE_NOTICE,CHECK_NEED_EXCHANGE_RULE_REVIEW,CHECK_NEED_EXCHANGE_RULE_REVIEW,CHECK_DYNAMIC_BY_EXCHANGE_NOTICE,CHECK_NEED_EXCHANGE_RULE_REVIEW,Y,Tushare,AKShare,TqSdk,OPTION_RULE_TUSHARE_PRIMARY_NEED_REVIEW,2026-05-22,基于 Tushare opt_basic 自动生成期权规则草稿；正式到期日规则、挂牌合约数量规则、行权规则需交易所规则复核。,FUT_DCE_L,L,LLDPE
OPT_DCE_LG,LG,原木期权,OPTION,COMMODITY_OPTION,DCE,大连商品交易所,CN,CNY,OBSERVED_EXPIRY_MONTHS_AVAILABLE,CHECK_NEED_EXCHANGE_RULE_REVIEW,CHECK_NEED_EXCHANGE_RULE_REVIEW,CHECK_NEED_EXCHANGE_RULE_REVIEW,OBSERVED_EXPIRY_MONTHS_AVAILABLE,OBSERVED_MATURITY_DATES_AVAILABLE,CHECK_NEED_EXCHANGE_RULE_REVIEW,OBSERVED_DELIST_OR_LAST_TRADE_DATES_AVAILABLE,NA_NOT_APPLICABLE_OR_CHECK_BY_EXCHANGE,OBSERVED_LAST_EXERCISE_DATES_AVAILABLE,美式,CHECK_NEED_EXCHANGE_RULE_REVIEW,90.0,90.0,0.25,人民币元/立方米,CHECK_DYNAMIC_BY_EXCHANGE_NOTICE,CHECK_DYNAMIC_BY_EXCHANGE_NOTICE,CHECK_NEED_EXCHANGE_RULE_REVIEW,CHECK_NEED_EXCHANGE_RULE_REVIEW,CHECK_DYNAMIC_BY_EXCHANGE_NOTICE,CHECK_NEED_EXCHANGE_RULE_REVIEW,Y,Tushare,AKShare,TqSdk,OPTION_RULE_TUSHARE_PRIMARY_NEED_REVIEW,2026-05-22,基于 Tushare opt_basic 自动生成期权规则草稿；正式到期日规则、挂牌合约数量规则、行权规则需交易所规则复核。,FUT_DCE_LG,LG,LOG
OPT_DCE_LH,LH,生猪期权,OPTION,COMMODITY_OPTION,DCE,大连商品交易所,CN,CNY,OBSERVED_EXPIRY_MONTHS_AVAILABLE,CHECK_NEED_EXCHANGE_RULE_REVIEW,CHECK_NEED_EXCHANGE_RULE_REVIEW,CHECK_NEED_EXCHANGE_RULE_REVIEW,OBSERVED_EXPIRY_MONTHS_AVAILABLE,OBSERVED_MATURITY_DATES_AVAILABLE,CHECK_NEED_EXCHANGE_RULE_REVIEW,OBSERVED_DELIST_OR_LAST_TRADE_DATES_AVAILABLE,NA_NOT_APPLICABLE_OR_CHECK_BY_EXCHANGE,OBSERVED_LAST_EXERCISE_DATES_AVAILABLE,美式,CHECK_NEED_EXCHANGE_RULE_REVIEW,16.0,16.0,2.5,人民币元/吨,CHECK_DYNAMIC_BY_EXCHANGE_NOTICE,CHECK_DYNAMIC_BY_EXCHANGE_NOTICE,CHECK_NEED_EXCHANGE_RULE_REVIEW,CHECK_NEED_EXCHANGE_RULE_REVIEW,CHECK_DYNAMIC_BY_EXCHANGE_NOTICE,CHECK_NEED_EXCHANGE_RULE_REVIEW,Y,Tushare,AKShare,TqSdk,OPTION_RULE_TUSHARE_PRIMARY_NEED_REVIEW,2026-05-22,基于 Tushare opt_basic 自动生成期权规则草稿；正式到期日规则、挂牌合约数量规则、行权规则需交易所规则复核。,FUT_DCE_LH,LH,LIVE_HOG
OPT_DCE_M,M,豆粕期权,OPTION,COMMODITY_OPTION,DCE,大连商品交易所,CN,CNY,OBSERVED_EXPIRY_MONTHS_AVAILABLE,CHECK_NEED_EXCHANGE_RULE_REVIEW,CHECK_NEED_EXCHANGE_RULE_REVIEW,CHECK_NEED_EXCHANGE_RULE_REVIEW,OBSERVED_EXPIRY_MONTHS_AVAILABLE,OBSERVED_MATURITY_DATES_AVAILABLE,CHECK_NEED_EXCHANGE_RULE_REVIEW,OBSERVED_DELIST_OR_LAST_TRADE_DATES_AVAILABLE,NA_NOT_APPLICABLE_OR_CHECK_BY_EXCHANGE,OBSERVED_LAST_EXERCISE_DATES_AVAILABLE,美式,CHECK_NEED_EXCHANGE_RULE_REVIEW,10.0,10.0,0.5,人民币元/吨,CHECK_DYNAMIC_BY_EXCHANGE_NOTICE,CHECK_DYNAMIC_BY_EXCHANGE_NOTICE,CHECK_NEED_EXCHANGE_RULE_REVIEW,CHECK_NEED_EXCHANGE_RULE_REVIEW,CHECK_DYNAMIC_BY_EXCHANGE_NOTICE,CHECK_NEED_EXCHANGE_RULE_REVIEW,Y,Tushare,AKShare,TqSdk,OPTION_RULE_TUSHARE_PRIMARY_NEED_REVIEW,2026-05-22,基于 Tushare opt_basic 自动生成期权规则草稿；正式到期日规则、挂牌合约数量规则、行权规则需交易所规则复核。,FUT_DCE_M,M,SOYBEAN_MEAL
OPT_DCE_P,P,棕榈油期权,OPTION,COMMODITY_OPTION,DCE,大连商品交易所,CN,CNY,OBSERVED_EXPIRY_MONTHS_AVAILABLE,CHECK_NEED_EXCHANGE_RULE_REVIEW,CHECK_NEED_EXCHANGE_RULE_REVIEW,CHECK_NEED_EXCHANGE_RULE_REVIEW,OBSERVED_EXPIRY_MONTHS_AVAILABLE,OBSERVED_MATURITY_DATES_AVAILABLE,CHECK_NEED_EXCHANGE_RULE_REVIEW,OBSERVED_DELIST_OR_LAST_TRADE_DATES_AVAILABLE,NA_NOT_APPLICABLE_OR_CHECK_BY_EXCHANGE,OBSERVED_LAST_EXERCISE_DATES_AVAILABLE,美式,CHECK_NEED_EXCHANGE_RULE_REVIEW,10.0,10.0,0.5,人民币元/吨,CHECK_DYNAMIC_BY_EXCHANGE_NOTICE,CHECK_DYNAMIC_BY_EXCHANGE_NOTICE,CHECK_NEED_EXCHANGE_RULE_REVIEW,CHECK_NEED_EXCHANGE_RULE_REVIEW,CHECK_DYNAMIC_BY_EXCHANGE_NOTICE,CHECK_NEED_EXCHANGE_RULE_REVIEW,Y,Tushare,AKShare,TqSdk,OPTION_RULE_TUSHARE_PRIMARY_NEED_REVIEW,2026-05-22,基于 Tushare opt_basic 自动生成期权规则草稿；正式到期日规则、挂牌合约数量规则、行权规则需交易所规则复核。,FUT_DCE_P,P,PALM_OIL
OPT_DCE_PG,PG,LPG期权,OPTION,COMMODITY_OPTION,DCE,大连商品交易所,CN,CNY,OBSERVED_EXPIRY_MONTHS_AVAILABLE,CHECK_NEED_EXCHANGE_RULE_REVIEW,CHECK_NEED_EXCHANGE_RULE_REVIEW,CHECK_NEED_EXCHANGE_RULE_REVIEW,OBSERVED_EXPIRY_MONTHS_AVAILABLE,OBSERVED_MATURITY_DATES_AVAILABLE,CHECK_NEED_EXCHANGE_RULE_REVIEW,OBSERVED_DELIST_OR_LAST_TRADE_DATES_AVAILABLE,NA_NOT_APPLICABLE_OR_CHECK_BY_EXCHANGE,OBSERVED_LAST_EXERCISE_DATES_AVAILABLE,美式,CHECK_NEED_EXCHANGE_RULE_REVIEW,20.0,20.0,0.2,人民币元/吨,CHECK_DYNAMIC_BY_EXCHANGE_NOTICE,CHECK_DYNAMIC_BY_EXCHANGE_NOTICE,CHECK_NEED_EXCHANGE_RULE_REVIEW,CHECK_NEED_EXCHANGE_RULE_REVIEW,CHECK_DYNAMIC_BY_EXCHANGE_NOTICE,CHECK_NEED_EXCHANGE_RULE_REVIEW,Y,Tushare,AKShare,TqSdk,OPTION_RULE_TUSHARE_PRIMARY_NEED_REVIEW,2026-05-22,基于 Tushare opt_basic 自动生成期权规则草稿；正式到期日规则、挂牌合约数量规则、行权规则需交易所规则复核。,FUT_DCE_PG,PG,LPG
OPT_DCE_PP,PP,聚丙烯期权,OPTION,COMMODITY_OPTION,DCE,大连商品交易所,CN,CNY,OBSERVED_EXPIRY_MONTHS_AVAILABLE,CHECK_NEED_EXCHANGE_RULE_REVIEW,CHECK_NEED_EXCHANGE_RULE_REVIEW,CHECK_NEED_EXCHANGE_RULE_REVIEW,OBSERVED_EXPIRY_MONTHS_AVAILABLE,OBSERVED_MATURITY_DATES_AVAILABLE,CHECK_NEED_EXCHANGE_RULE_REVIEW,OBSERVED_DELIST_OR_LAST_TRADE_DATES_AVAILABLE,NA_NOT_APPLICABLE_OR_CHECK_BY_EXCHANGE,OBSERVED_LAST_EXERCISE_DATES_AVAILABLE,美式,CHECK_NEED_EXCHANGE_RULE_REVIEW,5.0,5.0,0.5,人民币元/吨,CHECK_DYNAMIC_BY_EXCHANGE_NOTICE,CHECK_DYNAMIC_BY_EXCHANGE_NOTICE,CHECK_NEED_EXCHANGE_RULE_REVIEW,CHECK_NEED_EXCHANGE_RULE_REVIEW,CHECK_DYNAMIC_BY_EXCHANGE_NOTICE,CHECK_NEED_EXCHANGE_RULE_REVIEW,Y,Tushare,AKShare,TqSdk,OPTION_RULE_TUSHARE_PRIMARY_NEED_REVIEW,2026-05-22,基于 Tushare opt_basic 自动生成期权规则草稿；正式到期日规则、挂牌合约数量规则、行权规则需交易所规则复核。,FUT_DCE_PP,PP,POLYPROPYLENE
OPT_DCE_V,V,PVC期权,OPTION,COMMODITY_OPTION,DCE,大连商品交易所,CN,CNY,OBSERVED_EXPIRY_MONTHS_AVAILABLE,CHECK_NEED_EXCHANGE_RULE_REVIEW,CHECK_NEED_EXCHANGE_RULE_REVIEW,CHECK_NEED_EXCHANGE_RULE_REVIEW,OBSERVED_EXPIRY_MONTHS_AVAILABLE,OBSERVED_MATURITY_DATES_AVAILABLE,CHECK_NEED_EXCHANGE_RULE_REVIEW,OBSERVED_DELIST_OR_LAST_TRADE_DATES_AVAILABLE,NA_NOT_APPLICABLE_OR_CHECK_BY_EXCHANGE,OBSERVED_LAST_EXERCISE_DATES_AVAILABLE,美式,CHECK_NEED_EXCHANGE_RULE_REVIEW,5.0,5.0,0.5,人民币元/吨,CHECK_DYNAMIC_BY_EXCHANGE_NOTICE,CHECK_DYNAMIC_BY_EXCHANGE_NOTICE,CHECK_NEED_EXCHANGE_RULE_REVIEW,CHECK_NEED_EXCHANGE_RULE_REVIEW,CHECK_DYNAMIC_BY_EXCHANGE_NOTICE,CHECK_NEED_EXCHANGE_RULE_REVIEW,Y,Tushare,AKShare,TqSdk,OPTION_RULE_TUSHARE_PRIMARY_NEED_REVIEW,2026-05-22,基于 Tushare opt_basic 自动生成期权规则草稿；正式到期日规则、挂牌合约数量规则、行权规则需交易所规则复核。,FUT_DCE_V,V,PVC
OPT_DCE_Y,Y,豆油期权,OPTION,COMMODITY_OPTION,DCE,大连商品交易所,CN,CNY,OBSERVED_EXPIRY_MONTHS_AVAILABLE,CHECK_NEED_EXCHANGE_RULE_REVIEW,CHECK_NEED_EXCHANGE_RULE_REVIEW,CHECK_NEED_EXCHANGE_RULE_REVIEW,OBSERVED_EXPIRY_MONTHS_AVAILABLE,OBSERVED_MATURITY_DATES_AVAILABLE,CHECK_NEED_EXCHANGE_RULE_REVIEW,OBSERVED_DELIST_OR_LAST_TRADE_DATES_AVAILABLE,NA_NOT_APPLICABLE_OR_CHECK_BY_EXCHANGE,OBSERVED_LAST_EXERCISE_DATES_AVAILABLE,美式,CHECK_NEED_EXCHANGE_RULE_REVIEW,10.0,10.0,0.5,人民币元/吨,CHECK_DYNAMIC_BY_EXCHANGE_NOTICE,CHECK_DYNAMIC_BY_EXCHANGE_NOTICE,CHECK_NEED_EXCHANGE_RULE_REVIEW,CHECK_NEED_EXCHANGE_RULE_REVIEW,CHECK_DYNAMIC_BY_EXCHANGE_NOTICE,CHECK_NEED_EXCHANGE_RULE_REVIEW,Y,Tushare,AKShare,TqSdk,OPTION_RULE_TUSHARE_PRIMARY_NEED_REVIEW,2026-05-22,基于 Tushare opt_basic 自动生成期权规则草稿；正式到期日规则、挂牌合约数量规则、行权规则需交易所规则复核。,FUT_DCE_Y,Y,SOYBEAN_OIL
OPT_GFEX_LC,LC,碳酸锂期权,OPTION,COMMODITY_OPTION,GFEX,广州期货交易所,CN,CNY,OBSERVED_EXPIRY_MONTHS_AVAILABLE,CHECK_NEED_EXCHANGE_RULE_REVIEW,CHECK_NEED_EXCHANGE_RULE_REVIEW,CHECK_NEED_EXCHANGE_RULE_REVIEW,OBSERVED_EXPIRY_MONTHS_AVAILABLE,OBSERVED_MATURITY_DATES_AVAILABLE,CHECK_NEED_EXCHANGE_RULE_REVIEW,OBSERVED_DELIST_OR_LAST_TRADE_DATES_AVAILABLE,NA_NOT_APPLICABLE_OR_CHECK_BY_EXCHANGE,OBSERVED_LAST_EXERCISE_DATES_AVAILABLE,美式,CHECK_NEED_EXCHANGE_RULE_REVIEW,1.0,1.0,10.0,人民币元/吨,CHECK_DYNAMIC_BY_EXCHANGE_NOTICE,CHECK_DYNAMIC_BY_EXCHANGE_NOTICE,CHECK_NEED_EXCHANGE_RULE_REVIEW,CHECK_NEED_EXCHANGE_RULE_REVIEW,CHECK_DYNAMIC_BY_EXCHANGE_NOTICE,CHECK_NEED_EXCHANGE_RULE_REVIEW,Y,Tushare,AKShare,TqSdk,OPTION_RULE_TUSHARE_PRIMARY_NEED_REVIEW,2026-05-22,基于 Tushare opt_basic 自动生成期权规则草稿；正式到期日规则、挂牌合约数量规则、行权规则需交易所规则复核。,FUT_GFEX_LC,LC,LITHIUM_CARBONATE
OPT_GFEX_PD,PD,钯期权,OPTION,COMMODITY_OPTION,GFEX,广州期货交易所,CN,CNY,OBSERVED_EXPIRY_MONTHS_AVAILABLE,CHECK_NEED_EXCHANGE_RULE_REVIEW,CHECK_NEED_EXCHANGE_RULE_REVIEW,CHECK_NEED_EXCHANGE_RULE_REVIEW,OBSERVED_EXPIRY_MONTHS_AVAILABLE,OBSERVED_MATURITY_DATES_AVAILABLE,CHECK_NEED_EXCHANGE_RULE_REVIEW,OBSERVED_DELIST_OR_LAST_TRADE_DATES_AVAILABLE,NA_NOT_APPLICABLE_OR_CHECK_BY_EXCHANGE,OBSERVED_LAST_EXERCISE_DATES_AVAILABLE,美式,CHECK_NEED_EXCHANGE_RULE_REVIEW,1000.0,1000.0,0.05,人民币元/克,CHECK_DYNAMIC_BY_EXCHANGE_NOTICE,CHECK_DYNAMIC_BY_EXCHANGE_NOTICE,CHECK_NEED_EXCHANGE_RULE_REVIEW,CHECK_NEED_EXCHANGE_RULE_REVIEW,CHECK_DYNAMIC_BY_EXCHANGE_NOTICE,CHECK_NEED_EXCHANGE_RULE_REVIEW,Y,Tushare,AKShare,TqSdk,OPTION_RULE_TUSHARE_PRIMARY_NEED_REVIEW,2026-05-22,基于 Tushare opt_basic 自动生成期权规则草稿；正式到期日规则、挂牌合约数量规则、行权规则需交易所规则复核。,FUT_GFEX_PD,PD,PALLADIUM
OPT_GFEX_PS,PS,多晶硅期权,OPTION,COMMODITY_OPTION,GFEX,广州期货交易所,CN,CNY,OBSERVED_EXPIRY_MONTHS_AVAILABLE,CHECK_NEED_EXCHANGE_RULE_REVIEW,CHECK_NEED_EXCHANGE_RULE_REVIEW,CHECK_NEED_EXCHANGE_RULE_REVIEW,OBSERVED_EXPIRY_MONTHS_AVAILABLE,OBSERVED_MATURITY_DATES_AVAILABLE,CHECK_NEED_EXCHANGE_RULE_REVIEW,OBSERVED_DELIST_OR_LAST_TRADE_DATES_AVAILABLE,NA_NOT_APPLICABLE_OR_CHECK_BY_EXCHANGE,OBSERVED_LAST_EXERCISE_DATES_AVAILABLE,美式,CHECK_NEED_EXCHANGE_RULE_REVIEW,3.0,3.0,1.0,人民币元/吨,CHECK_DYNAMIC_BY_EXCHANGE_NOTICE,CHECK_DYNAMIC_BY_EXCHANGE_NOTICE,CHECK_NEED_EXCHANGE_RULE_REVIEW,CHECK_NEED_EXCHANGE_RULE_REVIEW,CHECK_DYNAMIC_BY_EXCHANGE_NOTICE,CHECK_NEED_EXCHANGE_RULE_REVIEW,Y,Tushare,AKShare,TqSdk,OPTION_RULE_TUSHARE_PRIMARY_NEED_REVIEW,2026-05-22,基于 Tushare opt_basic 自动生成期权规则草稿；正式到期日规则、挂牌合约数量规则、行权规则需交易所规则复核。,FUT_GFEX_PS,PS,POLYSILICON
OPT_GFEX_PT,PT,铂期权,OPTION,COMMODITY_OPTION,GFEX,广州期货交易所,CN,CNY,OBSERVED_EXPIRY_MONTHS_AVAILABLE,CHECK_NEED_EXCHANGE_RULE_REVIEW,CHECK_NEED_EXCHANGE_RULE_REVIEW,CHECK_NEED_EXCHANGE_RULE_REVIEW,OBSERVED_EXPIRY_MONTHS_AVAILABLE,OBSERVED_MATURITY_DATES_AVAILABLE,CHECK_NEED_EXCHANGE_RULE_REVIEW,OBSERVED_DELIST_OR_LAST_TRADE_DATES_AVAILABLE,NA_NOT_APPLICABLE_OR_CHECK_BY_EXCHANGE,OBSERVED_LAST_EXERCISE_DATES_AVAILABLE,美式,CHECK_NEED_EXCHANGE_RULE_REVIEW,1000.0,1000.0,0.05,人民币元/克,CHECK_DYNAMIC_BY_EXCHANGE_NOTICE,CHECK_DYNAMIC_BY_EXCHANGE_NOTICE,CHECK_NEED_EXCHANGE_RULE_REVIEW,CHECK_NEED_EXCHANGE_RULE_REVIEW,CHECK_DYNAMIC_BY_EXCHANGE_NOTICE,CHECK_NEED_EXCHANGE_RULE_REVIEW,Y,Tushare,AKShare,TqSdk,OPTION_RULE_TUSHARE_PRIMARY_NEED_REVIEW,2026-05-22,基于 Tushare opt_basic 自动生成期权规则草稿；正式到期日规则、挂牌合约数量规则、行权规则需交易所规则复核。,FUT_GFEX_PT,PT,PLATINUM
OPT_GFEX_SI,SI,工业硅期权,OPTION,COMMODITY_OPTION,GFEX,广州期货交易所,CN,CNY,OBSERVED_EXPIRY_MONTHS_AVAILABLE,CHECK_NEED_EXCHANGE_RULE_REVIEW,CHECK_NEED_EXCHANGE_RULE_REVIEW,CHECK_NEED_EXCHANGE_RULE_REVIEW,OBSERVED_EXPIRY_MONTHS_AVAILABLE,OBSERVED_MATURITY_DATES_AVAILABLE,CHECK_NEED_EXCHANGE_RULE_REVIEW,OBSERVED_DELIST_OR_LAST_TRADE_DATES_AVAILABLE,NA_NOT_APPLICABLE_OR_CHECK_BY_EXCHANGE,OBSERVED_LAST_EXERCISE_DATES_AVAILABLE,美式,CHECK_NEED_EXCHANGE_RULE_REVIEW,5.0,5.0,1.0,人民币元/吨,CHECK_DYNAMIC_BY_EXCHANGE_NOTICE,CHECK_DYNAMIC_BY_EXCHANGE_NOTICE,CHECK_NEED_EXCHANGE_RULE_REVIEW,CHECK_NEED_EXCHANGE_RULE_REVIEW,CHECK_DYNAMIC_BY_EXCHANGE_NOTICE,CHECK_NEED_EXCHANGE_RULE_REVIEW,Y,Tushare,AKShare,TqSdk,OPTION_RULE_TUSHARE_PRIMARY_NEED_REVIEW,2026-05-22,基于 Tushare opt_basic 自动生成期权规则草稿；正式到期日规则、挂牌合约数量规则、行权规则需交易所规则复核。,FUT_GFEX_SI,SI,INDUSTRIAL_SILICON
OPT_INE_BC,BC,国际铜期权,OPTION,COMMODITY_OPTION,INE,上海国际能源交易中心,CN,CNY,OBSERVED_EXPIRY_MONTHS_AVAILABLE,CHECK_NEED_EXCHANGE_RULE_REVIEW,CHECK_NEED_EXCHANGE_RULE_REVIEW,CHECK_NEED_EXCHANGE_RULE_REVIEW,OBSERVED_EXPIRY_MONTHS_AVAILABLE,OBSERVED_MATURITY_DATES_AVAILABLE,CHECK_NEED_EXCHANGE_RULE_REVIEW,OBSERVED_DELIST_OR_LAST_TRADE_DATES_AVAILABLE,NA_NOT_APPLICABLE_OR_CHECK_BY_EXCHANGE,OBSERVED_LAST_EXERCISE_DATES_AVAILABLE,美式,CHECK_NEED_EXCHANGE_RULE_REVIEW,5.0,5.0,2,人民币元/吨,CHECK_DYNAMIC_BY_EXCHANGE_NOTICE,CHECK_DYNAMIC_BY_EXCHANGE_NOTICE,CHECK_NEED_EXCHANGE_RULE_REVIEW,CHECK_NEED_EXCHANGE_RULE_REVIEW,CHECK_DYNAMIC_BY_EXCHANGE_NOTICE,CHECK_NEED_EXCHANGE_RULE_REVIEW,Y,Tushare,AKShare,TqSdk,OPTION_RULE_TUSHARE_PRIMARY_NEED_REVIEW,2026-05-22,基于 Tushare opt_basic 自动生成期权规则草稿；正式到期日规则、挂牌合约数量规则、行权规则需交易所规则复核。,FUT_INE_BC,BC,COPPER
OPT_INE_NR,NR,号胶期权,OPTION,COMMODITY_OPTION,INE,上海国际能源交易中心,CN,CNY,OBSERVED_EXPIRY_MONTHS_AVAILABLE,CHECK_NEED_EXCHANGE_RULE_REVIEW,CHECK_NEED_EXCHANGE_RULE_REVIEW,CHECK_NEED_EXCHANGE_RULE_REVIEW,OBSERVED_EXPIRY_MONTHS_AVAILABLE,OBSERVED_MATURITY_DATES_AVAILABLE,CHECK_NEED_EXCHANGE_RULE_REVIEW,OBSERVED_DELIST_OR_LAST_TRADE_DATES_AVAILABLE,NA_NOT_APPLICABLE_OR_CHECK_BY_EXCHANGE,OBSERVED_LAST_EXERCISE_DATES_AVAILABLE,美式,CHECK_NEED_EXCHANGE_RULE_REVIEW,10.0,10.0,1,人民币元/吨,CHECK_DYNAMIC_BY_EXCHANGE_NOTICE,CHECK_DYNAMIC_BY_EXCHANGE_NOTICE,CHECK_NEED_EXCHANGE_RULE_REVIEW,CHECK_NEED_EXCHANGE_RULE_REVIEW,CHECK_DYNAMIC_BY_EXCHANGE_NOTICE,CHECK_NEED_EXCHANGE_RULE_REVIEW,Y,Tushare,AKShare,TqSdk,OPTION_RULE_TUSHARE_PRIMARY_NEED_REVIEW,2026-05-22,基于 Tushare opt_basic 自动生成期权规则草稿；正式到期日规则、挂牌合约数量规则、行权规则需交易所规则复核。,FUT_INE_NR,NR,NATURAL_RUBBER
OPT_INE_SC,SC,原油期权,OPTION,COMMODITY_OPTION,INE,上海国际能源交易中心,CN,CNY,OBSERVED_EXPIRY_MONTHS_AVAILABLE,CHECK_NEED_EXCHANGE_RULE_REVIEW,CHECK_NEED_EXCHANGE_RULE_REVIEW,CHECK_NEED_EXCHANGE_RULE_REVIEW,OBSERVED_EXPIRY_MONTHS_AVAILABLE,OBSERVED_MATURITY_DATES_AVAILABLE,CHECK_NEED_EXCHANGE_RULE_REVIEW,OBSERVED_DELIST_OR_LAST_TRADE_DATES_AVAILABLE,NA_NOT_APPLICABLE_OR_CHECK_BY_EXCHANGE,OBSERVED_LAST_EXERCISE_DATES_AVAILABLE,美式,CHECK_NEED_EXCHANGE_RULE_REVIEW,1000.0,1000.0,0.05,人民币元/桶,CHECK_DYNAMIC_BY_EXCHANGE_NOTICE,CHECK_DYNAMIC_BY_EXCHANGE_NOTICE,CHECK_NEED_EXCHANGE_RULE_REVIEW,CHECK_NEED_EXCHANGE_RULE_REVIEW,CHECK_DYNAMIC_BY_EXCHANGE_NOTICE,CHECK_NEED_EXCHANGE_RULE_REVIEW,Y,Tushare,AKShare,TqSdk,OPTION_RULE_TUSHARE_PRIMARY_NEED_REVIEW,2026-05-22,基于 Tushare opt_basic 自动生成期权规则草稿；正式到期日规则、挂牌合约数量规则、行权规则需交易所规则复核。,FUT_INE_SC,SC,CRUDE_OIL
OPT_SHFE_AD,AD,铸造铝合金期权,OPTION,COMMODITY_OPTION,SHFE,上海期货交易所,CN,CNY,OBSERVED_EXPIRY_MONTHS_AVAILABLE,CHECK_NEED_EXCHANGE_RULE_REVIEW,CHECK_NEED_EXCHANGE_RULE_REVIEW,CHECK_NEED_EXCHANGE_RULE_REVIEW,OBSERVED_EXPIRY_MONTHS_AVAILABLE,OBSERVED_MATURITY_DATES_AVAILABLE,CHECK_NEED_EXCHANGE_RULE_REVIEW,OBSERVED_DELIST_OR_LAST_TRADE_DATES_AVAILABLE,NA_NOT_APPLICABLE_OR_CHECK_BY_EXCHANGE,OBSERVED_LAST_EXERCISE_DATES_AVAILABLE,美式,CHECK_NEED_EXCHANGE_RULE_REVIEW,10.0,10.0,1,人民币元/吨,CHECK_DYNAMIC_BY_EXCHANGE_NOTICE,CHECK_DYNAMIC_BY_EXCHANGE_NOTICE,CHECK_NEED_EXCHANGE_RULE_REVIEW,CHECK_NEED_EXCHANGE_RULE_REVIEW,CHECK_DYNAMIC_BY_EXCHANGE_NOTICE,CHECK_NEED_EXCHANGE_RULE_REVIEW,Y,Tushare,AKShare,TqSdk,OPTION_RULE_TUSHARE_PRIMARY_NEED_REVIEW,2026-05-22,基于 Tushare opt_basic 自动生成期权规则草稿；正式到期日规则、挂牌合约数量规则、行权规则需交易所规则复核。,FUT_SHFE_AD,AD,CAST_ALUMINUM_ALLOY
OPT_SHFE_AG,AG,白银期权,OPTION,COMMODITY_OPTION,SHFE,上海期货交易所,CN,CNY,OBSERVED_EXPIRY_MONTHS_AVAILABLE,CHECK_NEED_EXCHANGE_RULE_REVIEW,CHECK_NEED_EXCHANGE_RULE_REVIEW,CHECK_NEED_EXCHANGE_RULE_REVIEW,OBSERVED_EXPIRY_MONTHS_AVAILABLE,OBSERVED_MATURITY_DATES_AVAILABLE,CHECK_NEED_EXCHANGE_RULE_REVIEW,OBSERVED_DELIST_OR_LAST_TRADE_DATES_AVAILABLE,NA_NOT_APPLICABLE_OR_CHECK_BY_EXCHANGE,OBSERVED_LAST_EXERCISE_DATES_AVAILABLE,美式,CHECK_NEED_EXCHANGE_RULE_REVIEW,15.0,15.0,0.5,人民币元/千克,CHECK_DYNAMIC_BY_EXCHANGE_NOTICE,CHECK_DYNAMIC_BY_EXCHANGE_NOTICE,CHECK_NEED_EXCHANGE_RULE_REVIEW,CHECK_NEED_EXCHANGE_RULE_REVIEW,CHECK_DYNAMIC_BY_EXCHANGE_NOTICE,CHECK_NEED_EXCHANGE_RULE_REVIEW,Y,Tushare,AKShare,TqSdk,OPTION_RULE_TUSHARE_PRIMARY_NEED_REVIEW,2026-05-22,基于 Tushare opt_basic 自动生成期权规则草稿；正式到期日规则、挂牌合约数量规则、行权规则需交易所规则复核。,FUT_SHFE_AG,AG,SILVER
OPT_SHFE_AL,AL,铝期权,OPTION,COMMODITY_OPTION,SHFE,上海期货交易所,CN,CNY,OBSERVED_EXPIRY_MONTHS_AVAILABLE,CHECK_NEED_EXCHANGE_RULE_REVIEW,CHECK_NEED_EXCHANGE_RULE_REVIEW,CHECK_NEED_EXCHANGE_RULE_REVIEW,OBSERVED_EXPIRY_MONTHS_AVAILABLE,OBSERVED_MATURITY_DATES_AVAILABLE,CHECK_NEED_EXCHANGE_RULE_REVIEW,OBSERVED_DELIST_OR_LAST_TRADE_DATES_AVAILABLE,NA_NOT_APPLICABLE_OR_CHECK_BY_EXCHANGE,OBSERVED_LAST_EXERCISE_DATES_AVAILABLE,美式,CHECK_NEED_EXCHANGE_RULE_REVIEW,5.0,5.0,1,人民币元/吨,CHECK_DYNAMIC_BY_EXCHANGE_NOTICE,CHECK_DYNAMIC_BY_EXCHANGE_NOTICE,CHECK_NEED_EXCHANGE_RULE_REVIEW,CHECK_NEED_EXCHANGE_RULE_REVIEW,CHECK_DYNAMIC_BY_EXCHANGE_NOTICE,CHECK_NEED_EXCHANGE_RULE_REVIEW,Y,Tushare,AKShare,TqSdk,OPTION_RULE_TUSHARE_PRIMARY_NEED_REVIEW,2026-05-22,基于 Tushare opt_basic 自动生成期权规则草稿；正式到期日规则、挂牌合约数量规则、行权规则需交易所规则复核。,FUT_SHFE_AL,AL,ALUMINUM
OPT_SHFE_AO,AO,氧化铝期权,OPTION,COMMODITY_OPTION,SHFE,上海期货交易所,CN,CNY,OBSERVED_EXPIRY_MONTHS_AVAILABLE,CHECK_NEED_EXCHANGE_RULE_REVIEW,CHECK_NEED_EXCHANGE_RULE_REVIEW,CHECK_NEED_EXCHANGE_RULE_REVIEW,OBSERVED_EXPIRY_MONTHS_AVAILABLE,OBSERVED_MATURITY_DATES_AVAILABLE,CHECK_NEED_EXCHANGE_RULE_REVIEW,OBSERVED_DELIST_OR_LAST_TRADE_DATES_AVAILABLE,NA_NOT_APPLICABLE_OR_CHECK_BY_EXCHANGE,OBSERVED_LAST_EXERCISE_DATES_AVAILABLE,美式,CHECK_NEED_EXCHANGE_RULE_REVIEW,20.0,20.0,0.5,人民币元/吨,CHECK_DYNAMIC_BY_EXCHANGE_NOTICE,CHECK_DYNAMIC_BY_EXCHANGE_NOTICE,CHECK_NEED_EXCHANGE_RULE_REVIEW,CHECK_NEED_EXCHANGE_RULE_REVIEW,CHECK_DYNAMIC_BY_EXCHANGE_NOTICE,CHECK_NEED_EXCHANGE_RULE_REVIEW,Y,Tushare,AKShare,TqSdk,OPTION_RULE_TUSHARE_PRIMARY_NEED_REVIEW,2026-05-22,基于 Tushare opt_basic 自动生成期权规则草稿；正式到期日规则、挂牌合约数量规则、行权规则需交易所规则复核。,FUT_SHFE_AO,AO,ALUMINA
OPT_SHFE_AU,AU,黄金期权,OPTION,COMMODITY_OPTION,SHFE,上海期货交易所,CN,CNY,OBSERVED_EXPIRY_MONTHS_AVAILABLE,CHECK_NEED_EXCHANGE_RULE_REVIEW,CHECK_NEED_EXCHANGE_RULE_REVIEW,CHECK_NEED_EXCHANGE_RULE_REVIEW,OBSERVED_EXPIRY_MONTHS_AVAILABLE,OBSERVED_MATURITY_DATES_AVAILABLE,CHECK_NEED_EXCHANGE_RULE_REVIEW,OBSERVED_DELIST_OR_LAST_TRADE_DATES_AVAILABLE,NA_NOT_APPLICABLE_OR_CHECK_BY_EXCHANGE,OBSERVED_LAST_EXERCISE_DATES_AVAILABLE,美式,CHECK_NEED_EXCHANGE_RULE_REVIEW,1000.0,1000.0,0.02,人民币元/克,CHECK_DYNAMIC_BY_EXCHANGE_NOTICE,CHECK_DYNAMIC_BY_EXCHANGE_NOTICE,CHECK_NEED_EXCHANGE_RULE_REVIEW,CHECK_NEED_EXCHANGE_RULE_REVIEW,CHECK_DYNAMIC_BY_EXCHANGE_NOTICE,CHECK_NEED_EXCHANGE_RULE_REVIEW,Y,Tushare,AKShare,TqSdk,OPTION_RULE_TUSHARE_PRIMARY_NEED_REVIEW,2026-05-22,基于 Tushare opt_basic 自动生成期权规则草稿；正式到期日规则、挂牌合约数量规则、行权规则需交易所规则复核。,FUT_SHFE_AU,AU,GOLD
OPT_SHFE_BR,BR,丁二烯橡胶期权,OPTION,COMMODITY_OPTION,SHFE,上海期货交易所,CN,CNY,OBSERVED_EXPIRY_MONTHS_AVAILABLE,CHECK_NEED_EXCHANGE_RULE_REVIEW,CHECK_NEED_EXCHANGE_RULE_REVIEW,CHECK_NEED_EXCHANGE_RULE_REVIEW,OBSERVED_EXPIRY_MONTHS_AVAILABLE,OBSERVED_MATURITY_DATES_AVAILABLE,CHECK_NEED_EXCHANGE_RULE_REVIEW,OBSERVED_DELIST_OR_LAST_TRADE_DATES_AVAILABLE,NA_NOT_APPLICABLE_OR_CHECK_BY_EXCHANGE,OBSERVED_LAST_EXERCISE_DATES_AVAILABLE,美式,CHECK_NEED_EXCHANGE_RULE_REVIEW,5.0,5.0,1,人民币元/吨,CHECK_DYNAMIC_BY_EXCHANGE_NOTICE,CHECK_DYNAMIC_BY_EXCHANGE_NOTICE,CHECK_NEED_EXCHANGE_RULE_REVIEW,CHECK_NEED_EXCHANGE_RULE_REVIEW,CHECK_DYNAMIC_BY_EXCHANGE_NOTICE,CHECK_NEED_EXCHANGE_RULE_REVIEW,Y,Tushare,AKShare,TqSdk,OPTION_RULE_TUSHARE_PRIMARY_NEED_REVIEW,2026-05-22,基于 Tushare opt_basic 自动生成期权规则草稿；正式到期日规则、挂牌合约数量规则、行权规则需交易所规则复核。,FUT_SHFE_BR,BR,BUTADIENE_RUBBER
OPT_SHFE_BU,BU,石油沥青期权,OPTION,COMMODITY_OPTION,SHFE,上海期货交易所,CN,CNY,OBSERVED_EXPIRY_MONTHS_AVAILABLE,CHECK_NEED_EXCHANGE_RULE_REVIEW,CHECK_NEED_EXCHANGE_RULE_REVIEW,CHECK_NEED_EXCHANGE_RULE_REVIEW,OBSERVED_EXPIRY_MONTHS_AVAILABLE,OBSERVED_MATURITY_DATES_AVAILABLE,CHECK_NEED_EXCHANGE_RULE_REVIEW,OBSERVED_DELIST_OR_LAST_TRADE_DATES_AVAILABLE,NA_NOT_APPLICABLE_OR_CHECK_BY_EXCHANGE,OBSERVED_LAST_EXERCISE_DATES_AVAILABLE,美式,CHECK_NEED_EXCHANGE_RULE_REVIEW,10.0,10.0,0.5,人民币元/吨,CHECK_DYNAMIC_BY_EXCHANGE_NOTICE,CHECK_DYNAMIC_BY_EXCHANGE_NOTICE,CHECK_NEED_EXCHANGE_RULE_REVIEW,CHECK_NEED_EXCHANGE_RULE_REVIEW,CHECK_DYNAMIC_BY_EXCHANGE_NOTICE,CHECK_NEED_EXCHANGE_RULE_REVIEW,Y,Tushare,AKShare,TqSdk,OPTION_RULE_TUSHARE_PRIMARY_NEED_REVIEW,2026-05-22,基于 Tushare opt_basic 自动生成期权规则草稿；正式到期日规则、挂牌合约数量规则、行权规则需交易所规则复核。,FUT_SHFE_BU,BU,BITUMEN
OPT_SHFE_CU,CU,铜期权,OPTION,COMMODITY_OPTION,SHFE,上海期货交易所,CN,CNY,OBSERVED_EXPIRY_MONTHS_AVAILABLE,CHECK_NEED_EXCHANGE_RULE_REVIEW,CHECK_NEED_EXCHANGE_RULE_REVIEW,CHECK_NEED_EXCHANGE_RULE_REVIEW,OBSERVED_EXPIRY_MONTHS_AVAILABLE,OBSERVED_MATURITY_DATES_AVAILABLE,CHECK_NEED_EXCHANGE_RULE_REVIEW,OBSERVED_DELIST_OR_LAST_TRADE_DATES_AVAILABLE,NA_NOT_APPLICABLE_OR_CHECK_BY_EXCHANGE,OBSERVED_LAST_EXERCISE_DATES_AVAILABLE,美式,CHECK_NEED_EXCHANGE_RULE_REVIEW,5.0,5.0,2,人民币元/吨,CHECK_DYNAMIC_BY_EXCHANGE_NOTICE,CHECK_DYNAMIC_BY_EXCHANGE_NOTICE,CHECK_NEED_EXCHANGE_RULE_REVIEW,CHECK_NEED_EXCHANGE_RULE_REVIEW,CHECK_DYNAMIC_BY_EXCHANGE_NOTICE,CHECK_NEED_EXCHANGE_RULE_REVIEW,Y,Tushare,AKShare,TqSdk,OPTION_RULE_TUSHARE_PRIMARY_NEED_REVIEW,2026-05-22,基于 Tushare opt_basic 自动生成期权规则草稿；正式到期日规则、挂牌合约数量规则、行权规则需交易所规则复核。,FUT_SHFE_CU,CU,COPPER
OPT_SHFE_FU,FU,燃料油期权,OPTION,COMMODITY_OPTION,SHFE,上海期货交易所,CN,CNY,OBSERVED_EXPIRY_MONTHS_AVAILABLE,CHECK_NEED_EXCHANGE_RULE_REVIEW,CHECK_NEED_EXCHANGE_RULE_REVIEW,CHECK_NEED_EXCHANGE_RULE_REVIEW,OBSERVED_EXPIRY_MONTHS_AVAILABLE,OBSERVED_MATURITY_DATES_AVAILABLE,CHECK_NEED_EXCHANGE_RULE_REVIEW,OBSERVED_DELIST_OR_LAST_TRADE_DATES_AVAILABLE,NA_NOT_APPLICABLE_OR_CHECK_BY_EXCHANGE,OBSERVED_LAST_EXERCISE_DATES_AVAILABLE,美式,CHECK_NEED_EXCHANGE_RULE_REVIEW,10.0,10.0,0.5,人民币元/吨,CHECK_DYNAMIC_BY_EXCHANGE_NOTICE,CHECK_DYNAMIC_BY_EXCHANGE_NOTICE,CHECK_NEED_EXCHANGE_RULE_REVIEW,CHECK_NEED_EXCHANGE_RULE_REVIEW,CHECK_DYNAMIC_BY_EXCHANGE_NOTICE,CHECK_NEED_EXCHANGE_RULE_REVIEW,Y,Tushare,AKShare,TqSdk,OPTION_RULE_TUSHARE_PRIMARY_NEED_REVIEW,2026-05-22,基于 Tushare opt_basic 自动生成期权规则草稿；正式到期日规则、挂牌合约数量规则、行权规则需交易所规则复核。,FUT_SHFE_FU,FU,FUEL_OIL
OPT_SHFE_NI,NI,镍期权,OPTION,COMMODITY_OPTION,SHFE,上海期货交易所,CN,CNY,OBSERVED_EXPIRY_MONTHS_AVAILABLE,CHECK_NEED_EXCHANGE_RULE_REVIEW,CHECK_NEED_EXCHANGE_RULE_REVIEW,CHECK_NEED_EXCHANGE_RULE_REVIEW,OBSERVED_EXPIRY_MONTHS_AVAILABLE,OBSERVED_MATURITY_DATES_AVAILABLE,CHECK_NEED_EXCHANGE_RULE_REVIEW,OBSERVED_DELIST_OR_LAST_TRADE_DATES_AVAILABLE,NA_NOT_APPLICABLE_OR_CHECK_BY_EXCHANGE,OBSERVED_LAST_EXERCISE_DATES_AVAILABLE,美式,CHECK_NEED_EXCHANGE_RULE_REVIEW,1.0,1.0,2,人民币元/吨,CHECK_DYNAMIC_BY_EXCHANGE_NOTICE,CHECK_DYNAMIC_BY_EXCHANGE_NOTICE,CHECK_NEED_EXCHANGE_RULE_REVIEW,CHECK_NEED_EXCHANGE_RULE_REVIEW,CHECK_DYNAMIC_BY_EXCHANGE_NOTICE,CHECK_NEED_EXCHANGE_RULE_REVIEW,Y,Tushare,AKShare,TqSdk,OPTION_RULE_TUSHARE_PRIMARY_NEED_REVIEW,2026-05-22,基于 Tushare opt_basic 自动生成期权规则草稿；正式到期日规则、挂牌合约数量规则、行权规则需交易所规则复核。,FUT_SHFE_NI,NI,NICKEL
OPT_SHFE_OP,OP,双胶纸期权,OPTION,COMMODITY_OPTION,SHFE,上海期货交易所,CN,CNY,OBSERVED_EXPIRY_MONTHS_AVAILABLE,CHECK_NEED_EXCHANGE_RULE_REVIEW,CHECK_NEED_EXCHANGE_RULE_REVIEW,CHECK_NEED_EXCHANGE_RULE_REVIEW,OBSERVED_EXPIRY_MONTHS_AVAILABLE,OBSERVED_MATURITY_DATES_AVAILABLE,CHECK_NEED_EXCHANGE_RULE_REVIEW,OBSERVED_DELIST_OR_LAST_TRADE_DATES_AVAILABLE,NA_NOT_APPLICABLE_OR_CHECK_BY_EXCHANGE,OBSERVED_LAST_EXERCISE_DATES_AVAILABLE,美式,CHECK_NEED_EXCHANGE_RULE_REVIEW,40.0,40.0,1,人民币元/吨,CHECK_DYNAMIC_BY_EXCHANGE_NOTICE,CHECK_DYNAMIC_BY_EXCHANGE_NOTICE,CHECK_NEED_EXCHANGE_RULE_REVIEW,CHECK_NEED_EXCHANGE_RULE_REVIEW,CHECK_DYNAMIC_BY_EXCHANGE_NOTICE,CHECK_NEED_EXCHANGE_RULE_REVIEW,Y,Tushare,AKShare,TqSdk,OPTION_RULE_TUSHARE_PRIMARY_NEED_REVIEW,2026-05-22,基于 Tushare opt_basic 自动生成期权规则草稿；正式到期日规则、挂牌合约数量规则、行权规则需交易所规则复核。,FUT_SHFE_OP,OP,OFFSET_PAPER
OPT_SHFE_PB,PB,铅期权,OPTION,COMMODITY_OPTION,SHFE,上海期货交易所,CN,CNY,OBSERVED_EXPIRY_MONTHS_AVAILABLE,CHECK_NEED_EXCHANGE_RULE_REVIEW,CHECK_NEED_EXCHANGE_RULE_REVIEW,CHECK_NEED_EXCHANGE_RULE_REVIEW,OBSERVED_EXPIRY_MONTHS_AVAILABLE,OBSERVED_MATURITY_DATES_AVAILABLE,CHECK_NEED_EXCHANGE_RULE_REVIEW,OBSERVED_DELIST_OR_LAST_TRADE_DATES_AVAILABLE,NA_NOT_APPLICABLE_OR_CHECK_BY_EXCHANGE,OBSERVED_LAST_EXERCISE_DATES_AVAILABLE,美式,CHECK_NEED_EXCHANGE_RULE_REVIEW,5.0,5.0,1,人民币元/吨,CHECK_DYNAMIC_BY_EXCHANGE_NOTICE,CHECK_DYNAMIC_BY_EXCHANGE_NOTICE,CHECK_NEED_EXCHANGE_RULE_REVIEW,CHECK_NEED_EXCHANGE_RULE_REVIEW,CHECK_DYNAMIC_BY_EXCHANGE_NOTICE,CHECK_NEED_EXCHANGE_RULE_REVIEW,Y,Tushare,AKShare,TqSdk,OPTION_RULE_TUSHARE_PRIMARY_NEED_REVIEW,2026-05-22,基于 Tushare opt_basic 自动生成期权规则草稿；正式到期日规则、挂牌合约数量规则、行权规则需交易所规则复核。,FUT_SHFE_PB,PB,LEAD
OPT_SHFE_RB,RB,螺纹钢期权,OPTION,COMMODITY_OPTION,SHFE,上海期货交易所,CN,CNY,OBSERVED_EXPIRY_MONTHS_AVAILABLE,CHECK_NEED_EXCHANGE_RULE_REVIEW,CHECK_NEED_EXCHANGE_RULE_REVIEW,CHECK_NEED_EXCHANGE_RULE_REVIEW,OBSERVED_EXPIRY_MONTHS_AVAILABLE,OBSERVED_MATURITY_DATES_AVAILABLE,CHECK_NEED_EXCHANGE_RULE_REVIEW,OBSERVED_DELIST_OR_LAST_TRADE_DATES_AVAILABLE,NA_NOT_APPLICABLE_OR_CHECK_BY_EXCHANGE,OBSERVED_LAST_EXERCISE_DATES_AVAILABLE,美式,CHECK_NEED_EXCHANGE_RULE_REVIEW,10.0,10.0,0.5,人民币元/吨,CHECK_DYNAMIC_BY_EXCHANGE_NOTICE,CHECK_DYNAMIC_BY_EXCHANGE_NOTICE,CHECK_NEED_EXCHANGE_RULE_REVIEW,CHECK_NEED_EXCHANGE_RULE_REVIEW,CHECK_DYNAMIC_BY_EXCHANGE_NOTICE,CHECK_NEED_EXCHANGE_RULE_REVIEW,Y,Tushare,AKShare,TqSdk,OPTION_RULE_TUSHARE_PRIMARY_NEED_REVIEW,2026-05-22,基于 Tushare opt_basic 自动生成期权规则草稿；正式到期日规则、挂牌合约数量规则、行权规则需交易所规则复核。,FUT_SHFE_RB,RB,REBAR
OPT_SHFE_RU,RU,天然橡胶期权,OPTION,COMMODITY_OPTION,SHFE,上海期货交易所,CN,CNY,OBSERVED_EXPIRY_MONTHS_AVAILABLE,CHECK_NEED_EXCHANGE_RULE_REVIEW,CHECK_NEED_EXCHANGE_RULE_REVIEW,CHECK_NEED_EXCHANGE_RULE_REVIEW,OBSERVED_EXPIRY_MONTHS_AVAILABLE,OBSERVED_MATURITY_DATES_AVAILABLE,CHECK_NEED_EXCHANGE_RULE_REVIEW,OBSERVED_DELIST_OR_LAST_TRADE_DATES_AVAILABLE,NA_NOT_APPLICABLE_OR_CHECK_BY_EXCHANGE,OBSERVED_LAST_EXERCISE_DATES_AVAILABLE,美式,CHECK_NEED_EXCHANGE_RULE_REVIEW,10.0,10.0,1,人民币元/吨,CHECK_DYNAMIC_BY_EXCHANGE_NOTICE,CHECK_DYNAMIC_BY_EXCHANGE_NOTICE,CHECK_NEED_EXCHANGE_RULE_REVIEW,CHECK_NEED_EXCHANGE_RULE_REVIEW,CHECK_DYNAMIC_BY_EXCHANGE_NOTICE,CHECK_NEED_EXCHANGE_RULE_REVIEW,Y,Tushare,AKShare,TqSdk,OPTION_RULE_TUSHARE_PRIMARY_NEED_REVIEW,2026-05-22,基于 Tushare opt_basic 自动生成期权规则草稿；正式到期日规则、挂牌合约数量规则、行权规则需交易所规则复核。,FUT_SHFE_RU,RU,NATURAL_RUBBER
OPT_SHFE_SN,SN,锡期权,OPTION,COMMODITY_OPTION,SHFE,上海期货交易所,CN,CNY,OBSERVED_EXPIRY_MONTHS_AVAILABLE,CHECK_NEED_EXCHANGE_RULE_REVIEW,CHECK_NEED_EXCHANGE_RULE_REVIEW,CHECK_NEED_EXCHANGE_RULE_REVIEW,OBSERVED_EXPIRY_MONTHS_AVAILABLE,OBSERVED_MATURITY_DATES_AVAILABLE,CHECK_NEED_EXCHANGE_RULE_REVIEW,OBSERVED_DELIST_OR_LAST_TRADE_DATES_AVAILABLE,NA_NOT_APPLICABLE_OR_CHECK_BY_EXCHANGE,OBSERVED_LAST_EXERCISE_DATES_AVAILABLE,美式,CHECK_NEED_EXCHANGE_RULE_REVIEW,1.0,1.0,2,人民币元/吨,CHECK_DYNAMIC_BY_EXCHANGE_NOTICE,CHECK_DYNAMIC_BY_EXCHANGE_NOTICE,CHECK_NEED_EXCHANGE_RULE_REVIEW,CHECK_NEED_EXCHANGE_RULE_REVIEW,CHECK_DYNAMIC_BY_EXCHANGE_NOTICE,CHECK_NEED_EXCHANGE_RULE_REVIEW,Y,Tushare,AKShare,TqSdk,OPTION_RULE_TUSHARE_PRIMARY_NEED_REVIEW,2026-05-22,基于 Tushare opt_basic 自动生成期权规则草稿；正式到期日规则、挂牌合约数量规则、行权规则需交易所规则复核。,FUT_SHFE_SN,SN,TIN
OPT_SHFE_SP,SP,纸浆期权,OPTION,COMMODITY_OPTION,SHFE,上海期货交易所,CN,CNY,OBSERVED_EXPIRY_MONTHS_AVAILABLE,CHECK_NEED_EXCHANGE_RULE_REVIEW,CHECK_NEED_EXCHANGE_RULE_REVIEW,CHECK_NEED_EXCHANGE_RULE_REVIEW,OBSERVED_EXPIRY_MONTHS_AVAILABLE,OBSERVED_MATURITY_DATES_AVAILABLE,CHECK_NEED_EXCHANGE_RULE_REVIEW,OBSERVED_DELIST_OR_LAST_TRADE_DATES_AVAILABLE,NA_NOT_APPLICABLE_OR_CHECK_BY_EXCHANGE,OBSERVED_LAST_EXERCISE_DATES_AVAILABLE,美式,CHECK_NEED_EXCHANGE_RULE_REVIEW,10.0,10.0,1,人民币元/吨,CHECK_DYNAMIC_BY_EXCHANGE_NOTICE,CHECK_DYNAMIC_BY_EXCHANGE_NOTICE,CHECK_NEED_EXCHANGE_RULE_REVIEW,CHECK_NEED_EXCHANGE_RULE_REVIEW,CHECK_DYNAMIC_BY_EXCHANGE_NOTICE,CHECK_NEED_EXCHANGE_RULE_REVIEW,Y,Tushare,AKShare,TqSdk,OPTION_RULE_TUSHARE_PRIMARY_NEED_REVIEW,2026-05-22,基于 Tushare opt_basic 自动生成期权规则草稿；正式到期日规则、挂牌合约数量规则、行权规则需交易所规则复核。,FUT_SHFE_SP,SP,PULP
OPT_SHFE_ZN,ZN,锌期权,OPTION,COMMODITY_OPTION,SHFE,上海期货交易所,CN,CNY,OBSERVED_EXPIRY_MONTHS_AVAILABLE,CHECK_NEED_EXCHANGE_RULE_REVIEW,CHECK_NEED_EXCHANGE_RULE_REVIEW,CHECK_NEED_EXCHANGE_RULE_REVIEW,OBSERVED_EXPIRY_MONTHS_AVAILABLE,OBSERVED_MATURITY_DATES_AVAILABLE,CHECK_NEED_EXCHANGE_RULE_REVIEW,OBSERVED_DELIST_OR_LAST_TRADE_DATES_AVAILABLE,NA_NOT_APPLICABLE_OR_CHECK_BY_EXCHANGE,OBSERVED_LAST_EXERCISE_DATES_AVAILABLE,美式,CHECK_NEED_EXCHANGE_RULE_REVIEW,5.0,5.0,1,人民币元/吨,CHECK_DYNAMIC_BY_EXCHANGE_NOTICE,CHECK_DYNAMIC_BY_EXCHANGE_NOTICE,CHECK_NEED_EXCHANGE_RULE_REVIEW,CHECK_NEED_EXCHANGE_RULE_REVIEW,CHECK_DYNAMIC_BY_EXCHANGE_NOTICE,CHECK_NEED_EXCHANGE_RULE_REVIEW,Y,Tushare,AKShare,TqSdk,OPTION_RULE_TUSHARE_PRIMARY_NEED_REVIEW,2026-05-22,基于 Tushare opt_basic 自动生成期权规则草稿；正式到期日规则、挂牌合约数量规则、行权规则需交易所规则复核。,FUT_SHFE_ZN,ZN,ZINC
OPT_SSE_510050,510050,510050ETF期权,OPTION,ETF_OPTION,SSE,上海证券交易所,CN,CNY,OBSERVED_EXPIRY_MONTHS_AVAILABLE,CHECK_NEED_EXCHANGE_RULE_REVIEW,CHECK_NEED_EXCHANGE_RULE_REVIEW,CHECK_NEED_EXCHANGE_RULE_REVIEW,OBSERVED_EXPIRY_MONTHS_AVAILABLE,OBSERVED_MATURITY_DATES_AVAILABLE,CHECK_NEED_EXCHANGE_RULE_REVIEW,OBSERVED_DELIST_OR_LAST_TRADE_DATES_AVAILABLE,NA_NOT_APPLICABLE_OR_CHECK_BY_EXCHANGE,OBSERVED_LAST_EXERCISE_DATES_AVAILABLE,欧式,CHECK_NEED_EXCHANGE_RULE_REVIEW,10000.0,10000.0,0.0001,人民币元,CHECK_DYNAMIC_BY_EXCHANGE_NOTICE,CHECK_DYNAMIC_BY_EXCHANGE_NOTICE,CHECK_NEED_EXCHANGE_RULE_REVIEW,CHECK_NEED_EXCHANGE_RULE_REVIEW,CHECK_DYNAMIC_BY_EXCHANGE_NOTICE,CHECK_NEED_EXCHANGE_RULE_REVIEW,Y,Tushare,AKShare,TqSdk,OPTION_RULE_TUSHARE_PRIMARY_NEED_REVIEW,2026-05-22,基于 Tushare opt_basic 自动生成期权规则草稿；正式到期日规则、挂牌合约数量规则、行权规则需交易所规则复核。,CHECK_WAIT_ETF_MASTER,510050,SSE50
OPT_SSE_510300,510300,510300ETF期权,OPTION,ETF_OPTION,SSE,上海证券交易所,CN,CNY,OBSERVED_EXPIRY_MONTHS_AVAILABLE,CHECK_NEED_EXCHANGE_RULE_REVIEW,CHECK_NEED_EXCHANGE_RULE_REVIEW,CHECK_NEED_EXCHANGE_RULE_REVIEW,OBSERVED_EXPIRY_MONTHS_AVAILABLE,OBSERVED_MATURITY_DATES_AVAILABLE,CHECK_NEED_EXCHANGE_RULE_REVIEW,OBSERVED_DELIST_OR_LAST_TRADE_DATES_AVAILABLE,NA_NOT_APPLICABLE_OR_CHECK_BY_EXCHANGE,OBSERVED_LAST_EXERCISE_DATES_AVAILABLE,欧式,CHECK_NEED_EXCHANGE_RULE_REVIEW,10000.0,10000.0,0.0001,人民币元,CHECK_DYNAMIC_BY_EXCHANGE_NOTICE,CHECK_DYNAMIC_BY_EXCHANGE_NOTICE,CHECK_NEED_EXCHANGE_RULE_REVIEW,CHECK_NEED_EXCHANGE_RULE_REVIEW,CHECK_DYNAMIC_BY_EXCHANGE_NOTICE,CHECK_NEED_EXCHANGE_RULE_REVIEW,Y,Tushare,AKShare,TqSdk,OPTION_RULE_TUSHARE_PRIMARY_NEED_REVIEW,2026-05-22,基于 Tushare opt_basic 自动生成期权规则草稿；正式到期日规则、挂牌合约数量规则、行权规则需交易所规则复核。,CHECK_WAIT_ETF_MASTER,510300,CSI300
OPT_SSE_510500,510500,510500ETF期权,OPTION,ETF_OPTION,SSE,上海证券交易所,CN,CNY,OBSERVED_EXPIRY_MONTHS_AVAILABLE,CHECK_NEED_EXCHANGE_RULE_REVIEW,CHECK_NEED_EXCHANGE_RULE_REVIEW,CHECK_NEED_EXCHANGE_RULE_REVIEW,OBSERVED_EXPIRY_MONTHS_AVAILABLE,OBSERVED_MATURITY_DATES_AVAILABLE,CHECK_NEED_EXCHANGE_RULE_REVIEW,OBSERVED_DELIST_OR_LAST_TRADE_DATES_AVAILABLE,NA_NOT_APPLICABLE_OR_CHECK_BY_EXCHANGE,OBSERVED_LAST_EXERCISE_DATES_AVAILABLE,欧式,CHECK_NEED_EXCHANGE_RULE_REVIEW,10000.0,10000.0,0.0001,人民币元,CHECK_DYNAMIC_BY_EXCHANGE_NOTICE,CHECK_DYNAMIC_BY_EXCHANGE_NOTICE,CHECK_NEED_EXCHANGE_RULE_REVIEW,CHECK_NEED_EXCHANGE_RULE_REVIEW,CHECK_DYNAMIC_BY_EXCHANGE_NOTICE,CHECK_NEED_EXCHANGE_RULE_REVIEW,Y,Tushare,AKShare,TqSdk,OPTION_RULE_TUSHARE_PRIMARY_NEED_REVIEW,2026-05-22,基于 Tushare opt_basic 自动生成期权规则草稿；正式到期日规则、挂牌合约数量规则、行权规则需交易所规则复核。,CHECK_WAIT_ETF_MASTER,510500,CSI500
OPT_SSE_588000,588000,588000ETF期权,OPTION,ETF_OPTION,SSE,上海证券交易所,CN,CNY,OBSERVED_EXPIRY_MONTHS_AVAILABLE,CHECK_NEED_EXCHANGE_RULE_REVIEW,CHECK_NEED_EXCHANGE_RULE_REVIEW,CHECK_NEED_EXCHANGE_RULE_REVIEW,OBSERVED_EXPIRY_MONTHS_AVAILABLE,OBSERVED_MATURITY_DATES_AVAILABLE,CHECK_NEED_EXCHANGE_RULE_REVIEW,OBSERVED_DELIST_OR_LAST_TRADE_DATES_AVAILABLE,NA_NOT_APPLICABLE_OR_CHECK_BY_EXCHANGE,OBSERVED_LAST_EXERCISE_DATES_AVAILABLE,欧式,CHECK_NEED_EXCHANGE_RULE_REVIEW,10000.0,10000.0,0.0001,人民币元,CHECK_DYNAMIC_BY_EXCHANGE_NOTICE,CHECK_DYNAMIC_BY_EXCHANGE_NOTICE,CHECK_NEED_EXCHANGE_RULE_REVIEW,CHECK_NEED_EXCHANGE_RULE_REVIEW,CHECK_DYNAMIC_BY_EXCHANGE_NOTICE,CHECK_NEED_EXCHANGE_RULE_REVIEW,Y,Tushare,AKShare,TqSdk,OPTION_RULE_TUSHARE_PRIMARY_NEED_REVIEW,2026-05-22,基于 Tushare opt_basic 自动生成期权规则草稿；正式到期日规则、挂牌合约数量规则、行权规则需交易所规则复核。,CHECK_WAIT_ETF_MASTER,588000,STAR50
OPT_SSE_588080,588080,588080ETF期权,OPTION,ETF_OPTION,SSE,上海证券交易所,CN,CNY,OBSERVED_EXPIRY_MONTHS_AVAILABLE,CHECK_NEED_EXCHANGE_RULE_REVIEW,CHECK_NEED_EXCHANGE_RULE_REVIEW,CHECK_NEED_EXCHANGE_RULE_REVIEW,OBSERVED_EXPIRY_MONTHS_AVAILABLE,OBSERVED_MATURITY_DATES_AVAILABLE,CHECK_NEED_EXCHANGE_RULE_REVIEW,OBSERVED_DELIST_OR_LAST_TRADE_DATES_AVAILABLE,NA_NOT_APPLICABLE_OR_CHECK_BY_EXCHANGE,OBSERVED_LAST_EXERCISE_DATES_AVAILABLE,欧式,CHECK_NEED_EXCHANGE_RULE_REVIEW,10000.0,10000.0,0.0001,人民币元,CHECK_DYNAMIC_BY_EXCHANGE_NOTICE,CHECK_DYNAMIC_BY_EXCHANGE_NOTICE,CHECK_NEED_EXCHANGE_RULE_REVIEW,CHECK_NEED_EXCHANGE_RULE_REVIEW,CHECK_DYNAMIC_BY_EXCHANGE_NOTICE,CHECK_NEED_EXCHANGE_RULE_REVIEW,Y,Tushare,AKShare,TqSdk,OPTION_RULE_TUSHARE_PRIMARY_NEED_REVIEW,2026-05-22,基于 Tushare opt_basic 自动生成期权规则草稿；正式到期日规则、挂牌合约数量规则、行权规则需交易所规则复核。,CHECK_WAIT_ETF_MASTER,588080,STAR50
OPT_SZSE_159901,159901,159901ETF期权,OPTION,ETF_OPTION,SZSE,深圳证券交易所,CN,CNY,OBSERVED_EXPIRY_MONTHS_AVAILABLE,CHECK_NEED_EXCHANGE_RULE_REVIEW,CHECK_NEED_EXCHANGE_RULE_REVIEW,CHECK_NEED_EXCHANGE_RULE_REVIEW,OBSERVED_EXPIRY_MONTHS_AVAILABLE,OBSERVED_MATURITY_DATES_AVAILABLE,CHECK_NEED_EXCHANGE_RULE_REVIEW,OBSERVED_DELIST_OR_LAST_TRADE_DATES_AVAILABLE,NA_NOT_APPLICABLE_OR_CHECK_BY_EXCHANGE,OBSERVED_LAST_EXERCISE_DATES_AVAILABLE,欧式,CHECK_NEED_EXCHANGE_RULE_REVIEW,10000.0,10000.0,0.0001,人民币元,CHECK_DYNAMIC_BY_EXCHANGE_NOTICE,CHECK_DYNAMIC_BY_EXCHANGE_NOTICE,CHECK_NEED_EXCHANGE_RULE_REVIEW,CHECK_NEED_EXCHANGE_RULE_REVIEW,CHECK_DYNAMIC_BY_EXCHANGE_NOTICE,CHECK_NEED_EXCHANGE_RULE_REVIEW,Y,Tushare,AKShare,TqSdk,OPTION_RULE_TUSHARE_PRIMARY_NEED_REVIEW,2026-05-22,基于 Tushare opt_basic 自动生成期权规则草稿；正式到期日规则、挂牌合约数量规则、行权规则需交易所规则复核。,CHECK_WAIT_ETF_MASTER,159901,SZSE100
OPT_SZSE_159915,159915,159915ETF期权,OPTION,ETF_OPTION,SZSE,深圳证券交易所,CN,CNY,OBSERVED_EXPIRY_MONTHS_AVAILABLE,CHECK_NEED_EXCHANGE_RULE_REVIEW,CHECK_NEED_EXCHANGE_RULE_REVIEW,CHECK_NEED_EXCHANGE_RULE_REVIEW,OBSERVED_EXPIRY_MONTHS_AVAILABLE,OBSERVED_MATURITY_DATES_AVAILABLE,CHECK_NEED_EXCHANGE_RULE_REVIEW,OBSERVED_DELIST_OR_LAST_TRADE_DATES_AVAILABLE,NA_NOT_APPLICABLE_OR_CHECK_BY_EXCHANGE,OBSERVED_LAST_EXERCISE_DATES_AVAILABLE,欧式,CHECK_NEED_EXCHANGE_RULE_REVIEW,10000.0,10000.0,0.0001,人民币元,CHECK_DYNAMIC_BY_EXCHANGE_NOTICE,CHECK_DYNAMIC_BY_EXCHANGE_NOTICE,CHECK_NEED_EXCHANGE_RULE_REVIEW,CHECK_NEED_EXCHANGE_RULE_REVIEW,CHECK_DYNAMIC_BY_EXCHANGE_NOTICE,CHECK_NEED_EXCHANGE_RULE_REVIEW,Y,Tushare,AKShare,TqSdk,OPTION_RULE_TUSHARE_PRIMARY_NEED_REVIEW,2026-05-22,基于 Tushare opt_basic 自动生成期权规则草稿；正式到期日规则、挂牌合约数量规则、行权规则需交易所规则复核。,CHECK_WAIT_ETF_MASTER,159915,CHINEXT
OPT_SZSE_159919,159919,159919ETF期权,OPTION,ETF_OPTION,SZSE,深圳证券交易所,CN,CNY,OBSERVED_EXPIRY_MONTHS_AVAILABLE,CHECK_NEED_EXCHANGE_RULE_REVIEW,CHECK_NEED_EXCHANGE_RULE_REVIEW,CHECK_NEED_EXCHANGE_RULE_REVIEW,OBSERVED_EXPIRY_MONTHS_AVAILABLE,OBSERVED_MATURITY_DATES_AVAILABLE,CHECK_NEED_EXCHANGE_RULE_REVIEW,OBSERVED_DELIST_OR_LAST_TRADE_DATES_AVAILABLE,NA_NOT_APPLICABLE_OR_CHECK_BY_EXCHANGE,OBSERVED_LAST_EXERCISE_DATES_AVAILABLE,欧式,CHECK_NEED_EXCHANGE_RULE_REVIEW,10000.0,10000.0,0.0001,人民币元,CHECK_DYNAMIC_BY_EXCHANGE_NOTICE,CHECK_DYNAMIC_BY_EXCHANGE_NOTICE,CHECK_NEED_EXCHANGE_RULE_REVIEW,CHECK_NEED_EXCHANGE_RULE_REVIEW,CHECK_DYNAMIC_BY_EXCHANGE_NOTICE,CHECK_NEED_EXCHANGE_RULE_REVIEW,Y,Tushare,AKShare,TqSdk,OPTION_RULE_TUSHARE_PRIMARY_NEED_REVIEW,2026-05-22,基于 Tushare opt_basic 自动生成期权规则草稿；正式到期日规则、挂牌合约数量规则、行权规则需交易所规则复核。,CHECK_WAIT_ETF_MASTER,159919,CSI300
OPT_SZSE_159922,159922,159922ETF期权,OPTION,ETF_OPTION,SZSE,深圳证券交易所,CN,CNY,OBSERVED_EXPIRY_MONTHS_AVAILABLE,CHECK_NEED_EXCHANGE_RULE_REVIEW,CHECK_NEED_EXCHANGE_RULE_REVIEW,CHECK_NEED_EXCHANGE_RULE_REVIEW,OBSERVED_EXPIRY_MONTHS_AVAILABLE,OBSERVED_MATURITY_DATES_AVAILABLE,CHECK_NEED_EXCHANGE_RULE_REVIEW,OBSERVED_DELIST_OR_LAST_TRADE_DATES_AVAILABLE,NA_NOT_APPLICABLE_OR_CHECK_BY_EXCHANGE,OBSERVED_LAST_EXERCISE_DATES_AVAILABLE,欧式,CHECK_NEED_EXCHANGE_RULE_REVIEW,10000.0,10000.0,0.0001,人民币元,CHECK_DYNAMIC_BY_EXCHANGE_NOTICE,CHECK_DYNAMIC_BY_EXCHANGE_NOTICE,CHECK_NEED_EXCHANGE_RULE_REVIEW,CHECK_NEED_EXCHANGE_RULE_REVIEW,CHECK_DYNAMIC_BY_EXCHANGE_NOTICE,CHECK_NEED_EXCHANGE_RULE_REVIEW,Y,Tushare,AKShare,TqSdk,OPTION_RULE_TUSHARE_PRIMARY_NEED_REVIEW,2026-05-22,基于 Tushare opt_basic 自动生成期权规则草稿；正式到期日规则、挂牌合约数量规则、行权规则需交易所规则复核。,CHECK_WAIT_ETF_MASTER,159922,CSI500
