asset_id,asset_type,subtype,option_symbol,option_name_cn,option_name_en,option_type,exchange_code,exchange_name,country,currency,underlying_asset_id,underlying_symbol,underlying_name,underlying_group,call_put_supported,exercise_type,settlement_type,contract_multiplier,tick_size,quote_unit,contract_unit,listed_contract_rule,expiry_rule,last_trading_day_rule,exercise_rule,tradable,can_long,can_short,data_source_1,data_source_2,data_source_3,source_status,update_date,notes
OPT_CFFEX_HO,OPTION,INDEX_OPTION,HO,上证50股指期权,TODO,INDEX_OPTION,CFFEX,中国金融期货交易所,CN,CNY,FUT_CFFEX_IH,SSE50,CHECK,SSE50,CALL_AND_PUT,欧式,CHECK_NEED_EXCHANGE_RULE_REVIEW,100.0,0.2,指数点,100.0,OBSERVED_EXPIRY_MONTHS_AVAILABLE,OBSERVED_MATURITY_DATES_AVAILABLE,OBSERVED_DELIST_OR_LAST_TRADE_DATES_AVAILABLE,OBSERVED_LAST_EXERCISE_DATES_AVAILABLE,Y,Y,Y,Tushare,AKShare,TqSdk,TUSHARE_PRIMARY_UNDERLYING_MAPPED_NEED_REVIEW,2026-05-22,基于 Tushare opt_basic 合约维度数据聚合到期权品种维度；正式期权挂牌规则、到期日规则、行权规则仍需交易所规则复核；期权卖方开仓涉及保证金和权限约束。 | index option underlying mapped by CFFEX option code rule
OPT_CFFEX_IO,OPTION,INDEX_OPTION,IO,沪深300股指期权,TODO,INDEX_OPTION,CFFEX,中国金融期货交易所,CN,CNY,FUT_CFFEX_IF,CSI300,CHECK,CSI300,CALL_AND_PUT,欧式,CHECK_NEED_EXCHANGE_RULE_REVIEW,100.0,0.2,指数点,100.0,OBSERVED_EXPIRY_MONTHS_AVAILABLE,OBSERVED_MATURITY_DATES_AVAILABLE,OBSERVED_DELIST_OR_LAST_TRADE_DATES_AVAILABLE,OBSERVED_LAST_EXERCISE_DATES_AVAILABLE,Y,Y,Y,Tushare,AKShare,TqSdk,TUSHARE_PRIMARY_UNDERLYING_MAPPED_NEED_REVIEW,2026-05-22,基于 Tushare opt_basic 合约维度数据聚合到期权品种维度；正式期权挂牌规则、到期日规则、行权规则仍需交易所规则复核；期权卖方开仓涉及保证金和权限约束。 | index option underlying mapped by CFFEX option code rule
OPT_CFFEX_MO,OPTION,INDEX_OPTION,MO,中证1000股指期权,TODO,INDEX_OPTION,CFFEX,中国金融期货交易所,CN,CNY,FUT_CFFEX_IM,CSI1000,CHECK,CSI1000,CALL_AND_PUT,欧式,CHECK_NEED_EXCHANGE_RULE_REVIEW,100.0,0.2,指数点,100.0,OBSERVED_EXPIRY_MONTHS_AVAILABLE,OBSERVED_MATURITY_DATES_AVAILABLE,OBSERVED_DELIST_OR_LAST_TRADE_DATES_AVAILABLE,OBSERVED_LAST_EXERCISE_DATES_AVAILABLE,Y,Y,Y,Tushare,AKShare,TqSdk,TUSHARE_PRIMARY_UNDERLYING_MAPPED_NEED_REVIEW,2026-05-22,基于 Tushare opt_basic 合约维度数据聚合到期权品种维度；正式期权挂牌规则、到期日规则、行权规则仍需交易所规则复核；期权卖方开仓涉及保证金和权限约束。 | index option underlying mapped by CFFEX option code rule
OPT_CZCE_AP,OPTION,COMMODITY_OPTION,AP,苹果期权,TODO,COMMODITY_OPTION,CZCE,郑州商品交易所,CN,CNY,FUT_CZCE_AP,AP,苹果,APPLE,CALL_AND_PUT,美式,CHECK_NEED_EXCHANGE_RULE_REVIEW,10.0,0.5,人民币元/吨,10.0,OBSERVED_EXPIRY_MONTHS_AVAILABLE,OBSERVED_MATURITY_DATES_AVAILABLE,OBSERVED_DELIST_OR_LAST_TRADE_DATES_AVAILABLE,OBSERVED_LAST_EXERCISE_DATES_AVAILABLE,Y,Y,Y,Tushare,AKShare,TqSdk,TUSHARE_PRIMARY_UNDERLYING_GROUP_PATCHED_NEED_REVIEW,2026-05-22,"基于 Tushare opt_basic 合约维度数据聚合到期权品种维度；正式期权挂牌规则、到期日规则、行权规则仍需交易所规则复核；期权卖方开仓涉及保证金和权限约束。 | commodity option underlying matched by exchange + symbol in futures_master | underlying_group patched by conservative option symbol mapping, need review"
OPT_CZCE_CF,OPTION,COMMODITY_OPTION,CF,棉花期权,TODO,COMMODITY_OPTION,CZCE,郑州商品交易所,CN,CNY,FUT_CZCE_CF,CF,郑棉,COTTON,CALL_AND_PUT,美式,CHECK_NEED_EXCHANGE_RULE_REVIEW,5.0,1,人民币元/吨,5.0,OBSERVED_EXPIRY_MONTHS_AVAILABLE,OBSERVED_MATURITY_DATES_AVAILABLE,OBSERVED_DELIST_OR_LAST_TRADE_DATES_AVAILABLE,OBSERVED_LAST_EXERCISE_DATES_AVAILABLE,Y,Y,Y,Tushare,AKShare,TqSdk,TUSHARE_PRIMARY_UNDERLYING_MAPPED_NEED_REVIEW,2026-05-22,基于 Tushare opt_basic 合约维度数据聚合到期权品种维度；正式期权挂牌规则、到期日规则、行权规则仍需交易所规则复核；期权卖方开仓涉及保证金和权限约束。 | commodity option underlying matched by exchange + symbol in futures_master
OPT_CZCE_CJ,OPTION,COMMODITY_OPTION,CJ,红枣期权,TODO,COMMODITY_OPTION,CZCE,郑州商品交易所,CN,CNY,FUT_CZCE_CJ,CJ,红枣,JUJUBE,CALL_AND_PUT,美式,CHECK_NEED_EXCHANGE_RULE_REVIEW,5.0,1,人民币元/吨,5.0,OBSERVED_EXPIRY_MONTHS_AVAILABLE,OBSERVED_MATURITY_DATES_AVAILABLE,OBSERVED_DELIST_OR_LAST_TRADE_DATES_AVAILABLE,OBSERVED_LAST_EXERCISE_DATES_AVAILABLE,Y,Y,Y,Tushare,AKShare,TqSdk,TUSHARE_PRIMARY_UNDERLYING_GROUP_PATCHED_NEED_REVIEW,2026-05-22,"基于 Tushare opt_basic 合约维度数据聚合到期权品种维度；正式期权挂牌规则、到期日规则、行权规则仍需交易所规则复核；期权卖方开仓涉及保证金和权限约束。 | commodity option underlying matched by exchange + symbol in futures_master | underlying_group patched by conservative option symbol mapping, need review"
OPT_CZCE_FG,OPTION,COMMODITY_OPTION,FG,玻璃期权,TODO,COMMODITY_OPTION,CZCE,郑州商品交易所,CN,CNY,FUT_CZCE_FG,FG,玻璃,GLASS,CALL_AND_PUT,美式,CHECK_NEED_EXCHANGE_RULE_REVIEW,20.0,0.5,人民币元/吨,20.0,OBSERVED_EXPIRY_MONTHS_AVAILABLE,OBSERVED_MATURITY_DATES_AVAILABLE,OBSERVED_DELIST_OR_LAST_TRADE_DATES_AVAILABLE,OBSERVED_LAST_EXERCISE_DATES_AVAILABLE,Y,Y,Y,Tushare,AKShare,TqSdk,TUSHARE_PRIMARY_UNDERLYING_GROUP_PATCHED_NEED_REVIEW,2026-05-22,"基于 Tushare opt_basic 合约维度数据聚合到期权品种维度；正式期权挂牌规则、到期日规则、行权规则仍需交易所规则复核；期权卖方开仓涉及保证金和权限约束。 | commodity option underlying matched by exchange + symbol in futures_master | underlying_group patched by conservative option symbol mapping, need review"
OPT_CZCE_MA,OPTION,COMMODITY_OPTION,MA,甲醇期权,TODO,COMMODITY_OPTION,CZCE,郑州商品交易所,CN,CNY,FUT_CZCE_MA,MA,甲醇,METHANOL,CALL_AND_PUT,美式,CHECK_NEED_EXCHANGE_RULE_REVIEW,10.0,0.5,人民币元/吨,10.0,OBSERVED_EXPIRY_MONTHS_AVAILABLE,OBSERVED_MATURITY_DATES_AVAILABLE,OBSERVED_DELIST_OR_LAST_TRADE_DATES_AVAILABLE,OBSERVED_LAST_EXERCISE_DATES_AVAILABLE,Y,Y,Y,Tushare,AKShare,TqSdk,TUSHARE_PRIMARY_UNDERLYING_MAPPED_NEED_REVIEW,2026-05-22,基于 Tushare opt_basic 合约维度数据聚合到期权品种维度；正式期权挂牌规则、到期日规则、行权规则仍需交易所规则复核；期权卖方开仓涉及保证金和权限约束。 | commodity option underlying matched by exchange + symbol in futures_master
OPT_CZCE_OI,OPTION,COMMODITY_OPTION,OI,菜籽油期权,TODO,COMMODITY_OPTION,CZCE,郑州商品交易所,CN,CNY,FUT_CZCE_OI,OI,菜油,RAPESEED_OIL,CALL_AND_PUT,美式,CHECK_NEED_EXCHANGE_RULE_REVIEW,10.0,0.5,人民币元/吨,10.0,OBSERVED_EXPIRY_MONTHS_AVAILABLE,OBSERVED_MATURITY_DATES_AVAILABLE,OBSERVED_DELIST_OR_LAST_TRADE_DATES_AVAILABLE,OBSERVED_LAST_EXERCISE_DATES_AVAILABLE,Y,Y,Y,Tushare,AKShare,TqSdk,TUSHARE_PRIMARY_UNDERLYING_GROUP_PATCHED_NEED_REVIEW,2026-05-22,"基于 Tushare opt_basic 合约维度数据聚合到期权品种维度；正式期权挂牌规则、到期日规则、行权规则仍需交易所规则复核；期权卖方开仓涉及保证金和权限约束。 | commodity option underlying matched by exchange + symbol in futures_master | underlying_group patched by conservative option symbol mapping, need review"
OPT_CZCE_PF,OPTION,COMMODITY_OPTION,PF,短纤期权,TODO,COMMODITY_OPTION,CZCE,郑州商品交易所,CN,CNY,FUT_CZCE_PF,PF,短纤,POLYESTER_STAPLE_FIBER,CALL_AND_PUT,美式,CHECK_NEED_EXCHANGE_RULE_REVIEW,5.0,0.5,人民币元/吨,5.0,OBSERVED_EXPIRY_MONTHS_AVAILABLE,OBSERVED_MATURITY_DATES_AVAILABLE,OBSERVED_DELIST_OR_LAST_TRADE_DATES_AVAILABLE,OBSERVED_LAST_EXERCISE_DATES_AVAILABLE,Y,Y,Y,Tushare,AKShare,TqSdk,TUSHARE_PRIMARY_UNDERLYING_MAPPED_NEED_REVIEW,2026-05-22,基于 Tushare opt_basic 合约维度数据聚合到期权品种维度；正式期权挂牌规则、到期日规则、行权规则仍需交易所规则复核；期权卖方开仓涉及保证金和权限约束。 | commodity option underlying matched by exchange + symbol in futures_master
OPT_CZCE_PK,OPTION,COMMODITY_OPTION,PK,花生期权,TODO,COMMODITY_OPTION,CZCE,郑州商品交易所,CN,CNY,FUT_CZCE_PK,PK,花生,PEANUT,CALL_AND_PUT,美式,CHECK_NEED_EXCHANGE_RULE_REVIEW,5.0,0.5,人民币元/吨,5.0,OBSERVED_EXPIRY_MONTHS_AVAILABLE,OBSERVED_MATURITY_DATES_AVAILABLE,OBSERVED_DELIST_OR_LAST_TRADE_DATES_AVAILABLE,OBSERVED_LAST_EXERCISE_DATES_AVAILABLE,Y,Y,Y,Tushare,AKShare,TqSdk,TUSHARE_PRIMARY_UNDERLYING_GROUP_PATCHED_NEED_REVIEW,2026-05-22,"基于 Tushare opt_basic 合约维度数据聚合到期权品种维度；正式期权挂牌规则、到期日规则、行权规则仍需交易所规则复核；期权卖方开仓涉及保证金和权限约束。 | commodity option underlying matched by exchange + symbol in futures_master | underlying_group patched by conservative option symbol mapping, need review"
OPT_CZCE_PL,OPTION,COMMODITY_OPTION,PL,丙烯期权,TODO,COMMODITY_OPTION,CZCE,郑州商品交易所,CN,CNY,FUT_CZCE_PL,PL,丙烯,PROPYLENE,CALL_AND_PUT,美式,CHECK_NEED_EXCHANGE_RULE_REVIEW,20.0,0.5,人民币元/吨,20.0,OBSERVED_EXPIRY_MONTHS_AVAILABLE,OBSERVED_MATURITY_DATES_AVAILABLE,OBSERVED_DELIST_OR_LAST_TRADE_DATES_AVAILABLE,OBSERVED_LAST_EXERCISE_DATES_AVAILABLE,Y,Y,Y,Tushare,AKShare,TqSdk,TUSHARE_PRIMARY_UNDERLYING_GROUP_PATCHED_NEED_REVIEW,2026-05-22,"基于 Tushare opt_basic 合约维度数据聚合到期权品种维度；正式期权挂牌规则、到期日规则、行权规则仍需交易所规则复核；期权卖方开仓涉及保证金和权限约束。 | commodity option underlying matched by exchange + symbol in futures_master | underlying_group patched by conservative option symbol mapping, need review"
OPT_CZCE_PR,OPTION,COMMODITY_OPTION,PR,瓶片期权,TODO,COMMODITY_OPTION,CZCE,郑州商品交易所,CN,CNY,FUT_CZCE_PR,PR,瓶片,BOTTLE_GRADE_PET,CALL_AND_PUT,美式,CHECK_NEED_EXCHANGE_RULE_REVIEW,15.0,0.5,人民币元/吨,15.0,OBSERVED_EXPIRY_MONTHS_AVAILABLE,OBSERVED_MATURITY_DATES_AVAILABLE,OBSERVED_DELIST_OR_LAST_TRADE_DATES_AVAILABLE,OBSERVED_LAST_EXERCISE_DATES_AVAILABLE,Y,Y,Y,Tushare,AKShare,TqSdk,TUSHARE_PRIMARY_UNDERLYING_GROUP_PATCHED_NEED_REVIEW,2026-05-22,"基于 Tushare opt_basic 合约维度数据聚合到期权品种维度；正式期权挂牌规则、到期日规则、行权规则仍需交易所规则复核；期权卖方开仓涉及保证金和权限约束。 | commodity option underlying matched by exchange + symbol in futures_master | underlying_group patched by conservative option symbol mapping, need review"
OPT_CZCE_PX,OPTION,COMMODITY_OPTION,PX,对二甲苯期权,TODO,COMMODITY_OPTION,CZCE,郑州商品交易所,CN,CNY,FUT_CZCE_PX,PX,对二甲苯,PARAXYLENE,CALL_AND_PUT,美式,CHECK_NEED_EXCHANGE_RULE_REVIEW,5.0,0.5,人民币元/吨,5.0,OBSERVED_EXPIRY_MONTHS_AVAILABLE,OBSERVED_MATURITY_DATES_AVAILABLE,OBSERVED_DELIST_OR_LAST_TRADE_DATES_AVAILABLE,OBSERVED_LAST_EXERCISE_DATES_AVAILABLE,Y,Y,Y,Tushare,AKShare,TqSdk,TUSHARE_PRIMARY_UNDERLYING_GROUP_PATCHED_NEED_REVIEW,2026-05-22,"基于 Tushare opt_basic 合约维度数据聚合到期权品种维度；正式期权挂牌规则、到期日规则、行权规则仍需交易所规则复核；期权卖方开仓涉及保证金和权限约束。 | commodity option underlying matched by exchange + symbol in futures_master | underlying_group patched by conservative option symbol mapping, need review"
OPT_CZCE_RM,OPTION,COMMODITY_OPTION,RM,菜粕期权,TODO,COMMODITY_OPTION,CZCE,郑州商品交易所,CN,CNY,FUT_CZCE_RM,RM,菜粕,RAPESEED_MEAL,CALL_AND_PUT,美式,CHECK_NEED_EXCHANGE_RULE_REVIEW,10.0,0.5,人民币元/吨,10.0,OBSERVED_EXPIRY_MONTHS_AVAILABLE,OBSERVED_MATURITY_DATES_AVAILABLE,OBSERVED_DELIST_OR_LAST_TRADE_DATES_AVAILABLE,OBSERVED_LAST_EXERCISE_DATES_AVAILABLE,Y,Y,Y,Tushare,AKShare,TqSdk,TUSHARE_PRIMARY_UNDERLYING_GROUP_PATCHED_NEED_REVIEW,2026-05-22,"基于 Tushare opt_basic 合约维度数据聚合到期权品种维度；正式期权挂牌规则、到期日规则、行权规则仍需交易所规则复核；期权卖方开仓涉及保证金和权限约束。 | commodity option underlying matched by exchange + symbol in futures_master | underlying_group patched by conservative option symbol mapping, need review"
OPT_CZCE_SA,OPTION,COMMODITY_OPTION,SA,纯碱期权,TODO,COMMODITY_OPTION,CZCE,郑州商品交易所,CN,CNY,FUT_CZCE_SA,SA,纯碱,SODA_ASH,CALL_AND_PUT,美式,CHECK_NEED_EXCHANGE_RULE_REVIEW,20.0,0.5,人民币元/吨,20.0,OBSERVED_EXPIRY_MONTHS_AVAILABLE,OBSERVED_MATURITY_DATES_AVAILABLE,OBSERVED_DELIST_OR_LAST_TRADE_DATES_AVAILABLE,OBSERVED_LAST_EXERCISE_DATES_AVAILABLE,Y,Y,Y,Tushare,AKShare,TqSdk,TUSHARE_PRIMARY_UNDERLYING_MAPPED_NEED_REVIEW,2026-05-22,基于 Tushare opt_basic 合约维度数据聚合到期权品种维度；正式期权挂牌规则、到期日规则、行权规则仍需交易所规则复核；期权卖方开仓涉及保证金和权限约束。 | commodity option underlying matched by exchange + symbol in futures_master
OPT_CZCE_SF,OPTION,COMMODITY_OPTION,SF,硅铁期权,TODO,COMMODITY_OPTION,CZCE,郑州商品交易所,CN,CNY,FUT_CZCE_SF,SF,硅铁,FERROSILICON,CALL_AND_PUT,美式,CHECK_NEED_EXCHANGE_RULE_REVIEW,5.0,1,人民币元/吨,5.0,OBSERVED_EXPIRY_MONTHS_AVAILABLE,OBSERVED_MATURITY_DATES_AVAILABLE,OBSERVED_DELIST_OR_LAST_TRADE_DATES_AVAILABLE,OBSERVED_LAST_EXERCISE_DATES_AVAILABLE,Y,Y,Y,Tushare,AKShare,TqSdk,TUSHARE_PRIMARY_UNDERLYING_GROUP_PATCHED_NEED_REVIEW,2026-05-22,"基于 Tushare opt_basic 合约维度数据聚合到期权品种维度；正式期权挂牌规则、到期日规则、行权规则仍需交易所规则复核；期权卖方开仓涉及保证金和权限约束。 | commodity option underlying matched by exchange + symbol in futures_master | underlying_group patched by conservative option symbol mapping, need review"
OPT_CZCE_SH,OPTION,COMMODITY_OPTION,SH,烧碱期权,TODO,COMMODITY_OPTION,CZCE,郑州商品交易所,CN,CNY,FUT_CZCE_SH,SH,烧碱,CAUSTIC_SODA,CALL_AND_PUT,美式,CHECK_NEED_EXCHANGE_RULE_REVIEW,30.0,0.5,人民币元/吨,30.0,OBSERVED_EXPIRY_MONTHS_AVAILABLE,OBSERVED_MATURITY_DATES_AVAILABLE,OBSERVED_DELIST_OR_LAST_TRADE_DATES_AVAILABLE,OBSERVED_LAST_EXERCISE_DATES_AVAILABLE,Y,Y,Y,Tushare,AKShare,TqSdk,TUSHARE_PRIMARY_UNDERLYING_GROUP_PATCHED_NEED_REVIEW,2026-05-22,"基于 Tushare opt_basic 合约维度数据聚合到期权品种维度；正式期权挂牌规则、到期日规则、行权规则仍需交易所规则复核；期权卖方开仓涉及保证金和权限约束。 | commodity option underlying matched by exchange + symbol in futures_master | underlying_group patched by conservative option symbol mapping, need review"
OPT_CZCE_SM,OPTION,COMMODITY_OPTION,SM,锰硅期权,TODO,COMMODITY_OPTION,CZCE,郑州商品交易所,CN,CNY,FUT_CZCE_SM,SM,锰硅,SILICOMANGANESE,CALL_AND_PUT,美式,CHECK_NEED_EXCHANGE_RULE_REVIEW,5.0,1,人民币元/吨,5.0,OBSERVED_EXPIRY_MONTHS_AVAILABLE,OBSERVED_MATURITY_DATES_AVAILABLE,OBSERVED_DELIST_OR_LAST_TRADE_DATES_AVAILABLE,OBSERVED_LAST_EXERCISE_DATES_AVAILABLE,Y,Y,Y,Tushare,AKShare,TqSdk,TUSHARE_PRIMARY_UNDERLYING_GROUP_PATCHED_NEED_REVIEW,2026-05-22,"基于 Tushare opt_basic 合约维度数据聚合到期权品种维度；正式期权挂牌规则、到期日规则、行权规则仍需交易所规则复核；期权卖方开仓涉及保证金和权限约束。 | commodity option underlying matched by exchange + symbol in futures_master | underlying_group patched by conservative option symbol mapping, need review"
OPT_CZCE_SR,OPTION,COMMODITY_OPTION,SR,白糖期权,TODO,COMMODITY_OPTION,CZCE,郑州商品交易所,CN,CNY,FUT_CZCE_SR,SR,白糖,SUGAR,CALL_AND_PUT,美式,CHECK_NEED_EXCHANGE_RULE_REVIEW,10.0,0.5,人民币元/吨,10.0,OBSERVED_EXPIRY_MONTHS_AVAILABLE,OBSERVED_MATURITY_DATES_AVAILABLE,OBSERVED_DELIST_OR_LAST_TRADE_DATES_AVAILABLE,OBSERVED_LAST_EXERCISE_DATES_AVAILABLE,Y,Y,Y,Tushare,AKShare,TqSdk,TUSHARE_PRIMARY_UNDERLYING_MAPPED_NEED_REVIEW,2026-05-22,基于 Tushare opt_basic 合约维度数据聚合到期权品种维度；正式期权挂牌规则、到期日规则、行权规则仍需交易所规则复核；期权卖方开仓涉及保证金和权限约束。 | commodity option underlying matched by exchange + symbol in futures_master
OPT_CZCE_TA,OPTION,COMMODITY_OPTION,TA,PTA期权,TODO,COMMODITY_OPTION,CZCE,郑州商品交易所,CN,CNY,FUT_CZCE_TA,TA,PTA,PTA,CALL_AND_PUT,美式,CHECK_NEED_EXCHANGE_RULE_REVIEW,5.0,0.5,人民币元/吨,5.0,OBSERVED_EXPIRY_MONTHS_AVAILABLE,OBSERVED_MATURITY_DATES_AVAILABLE,OBSERVED_DELIST_OR_LAST_TRADE_DATES_AVAILABLE,OBSERVED_LAST_EXERCISE_DATES_AVAILABLE,Y,Y,Y,Tushare,AKShare,TqSdk,TUSHARE_PRIMARY_UNDERLYING_MAPPED_NEED_REVIEW,2026-05-22,基于 Tushare opt_basic 合约维度数据聚合到期权品种维度；正式期权挂牌规则、到期日规则、行权规则仍需交易所规则复核；期权卖方开仓涉及保证金和权限约束。 | commodity option underlying matched by exchange + symbol in futures_master
OPT_CZCE_UR,OPTION,COMMODITY_OPTION,UR,尿素期权,TODO,COMMODITY_OPTION,CZCE,郑州商品交易所,CN,CNY,FUT_CZCE_UR,UR,尿素,UREA,CALL_AND_PUT,美式,CHECK_NEED_EXCHANGE_RULE_REVIEW,20.0,0.5,人民币元/吨,20.0,OBSERVED_EXPIRY_MONTHS_AVAILABLE,OBSERVED_MATURITY_DATES_AVAILABLE,OBSERVED_DELIST_OR_LAST_TRADE_DATES_AVAILABLE,OBSERVED_LAST_EXERCISE_DATES_AVAILABLE,Y,Y,Y,Tushare,AKShare,TqSdk,TUSHARE_PRIMARY_UNDERLYING_MAPPED_NEED_REVIEW,2026-05-22,基于 Tushare opt_basic 合约维度数据聚合到期权品种维度；正式期权挂牌规则、到期日规则、行权规则仍需交易所规则复核；期权卖方开仓涉及保证金和权限约束。 | commodity option underlying matched by exchange + symbol in futures_master
OPT_CZCE_ZC,OPTION,COMMODITY_OPTION,ZC,动力煤期权,TODO,COMMODITY_OPTION,CZCE,郑州商品交易所,CN,CNY,FUT_CZCE_ZC,ZC,动力煤,THERMAL_COAL,CALL_AND_PUT,美式,CHECK_NEED_EXCHANGE_RULE_REVIEW,100.0,0.1,人民币元/吨,100.0,OBSERVED_EXPIRY_MONTHS_AVAILABLE,OBSERVED_MATURITY_DATES_AVAILABLE,OBSERVED_DELIST_OR_LAST_TRADE_DATES_AVAILABLE,OBSERVED_LAST_EXERCISE_DATES_AVAILABLE,Y,Y,Y,Tushare,AKShare,TqSdk,TUSHARE_PRIMARY_UNDERLYING_GROUP_PATCHED_NEED_REVIEW,2026-05-22,"基于 Tushare opt_basic 合约维度数据聚合到期权品种维度；正式期权挂牌规则、到期日规则、行权规则仍需交易所规则复核；期权卖方开仓涉及保证金和权限约束。 | commodity option underlying matched by exchange + symbol in futures_master | underlying_group patched by conservative option symbol mapping, need review"
OPT_DCE_A,OPTION,COMMODITY_OPTION,A,豆一期权,TODO,COMMODITY_OPTION,DCE,大连商品交易所,CN,CNY,FUT_DCE_A,A,豆一,SOYBEAN,CALL_AND_PUT,美式,CHECK_NEED_EXCHANGE_RULE_REVIEW,10.0,0.5,人民币元/吨,10.0,OBSERVED_EXPIRY_MONTHS_AVAILABLE,OBSERVED_MATURITY_DATES_AVAILABLE,OBSERVED_DELIST_OR_LAST_TRADE_DATES_AVAILABLE,OBSERVED_LAST_EXERCISE_DATES_AVAILABLE,Y,Y,Y,Tushare,AKShare,TqSdk,TUSHARE_PRIMARY_UNDERLYING_MAPPED_NEED_REVIEW,2026-05-22,基于 Tushare opt_basic 合约维度数据聚合到期权品种维度；正式期权挂牌规则、到期日规则、行权规则仍需交易所规则复核；期权卖方开仓涉及保证金和权限约束。 | commodity option underlying matched by exchange + symbol in futures_master
OPT_DCE_B,OPTION,COMMODITY_OPTION,B,豆二期权,TODO,COMMODITY_OPTION,DCE,大连商品交易所,CN,CNY,FUT_DCE_B,B,豆二,SOYBEAN,CALL_AND_PUT,美式,CHECK_NEED_EXCHANGE_RULE_REVIEW,10.0,0.5,人民币元/吨,10.0,OBSERVED_EXPIRY_MONTHS_AVAILABLE,OBSERVED_MATURITY_DATES_AVAILABLE,OBSERVED_DELIST_OR_LAST_TRADE_DATES_AVAILABLE,OBSERVED_LAST_EXERCISE_DATES_AVAILABLE,Y,Y,Y,Tushare,AKShare,TqSdk,TUSHARE_PRIMARY_UNDERLYING_MAPPED_NEED_REVIEW,2026-05-22,基于 Tushare opt_basic 合约维度数据聚合到期权品种维度；正式期权挂牌规则、到期日规则、行权规则仍需交易所规则复核；期权卖方开仓涉及保证金和权限约束。 | commodity option underlying matched by exchange + symbol in futures_master
OPT_DCE_BZ,OPTION,COMMODITY_OPTION,BZ,纯苯期权,TODO,COMMODITY_OPTION,DCE,大连商品交易所,CN,CNY,FUT_DCE_BZ,BZ,纯苯,BENZENE,CALL_AND_PUT,美式,CHECK_NEED_EXCHANGE_RULE_REVIEW,30.0,0.5,人民币元/吨,30.0,OBSERVED_EXPIRY_MONTHS_AVAILABLE,OBSERVED_MATURITY_DATES_AVAILABLE,OBSERVED_DELIST_OR_LAST_TRADE_DATES_AVAILABLE,OBSERVED_LAST_EXERCISE_DATES_AVAILABLE,Y,Y,Y,Tushare,AKShare,TqSdk,TUSHARE_PRIMARY_UNDERLYING_GROUP_PATCHED_NEED_REVIEW,2026-05-22,"基于 Tushare opt_basic 合约维度数据聚合到期权品种维度；正式期权挂牌规则、到期日规则、行权规则仍需交易所规则复核；期权卖方开仓涉及保证金和权限约束。 | commodity option underlying matched by exchange + symbol in futures_master | underlying_group patched by conservative option symbol mapping, need review"
OPT_DCE_C,OPTION,COMMODITY_OPTION,C,玉米期权,TODO,COMMODITY_OPTION,DCE,大连商品交易所,CN,CNY,FUT_DCE_C,C,玉米,CORN,CALL_AND_PUT,美式,CHECK_NEED_EXCHANGE_RULE_REVIEW,10.0,0.5,人民币元/吨,10.0,OBSERVED_EXPIRY_MONTHS_AVAILABLE,OBSERVED_MATURITY_DATES_AVAILABLE,OBSERVED_DELIST_OR_LAST_TRADE_DATES_AVAILABLE,OBSERVED_LAST_EXERCISE_DATES_AVAILABLE,Y,Y,Y,Tushare,AKShare,TqSdk,TUSHARE_PRIMARY_UNDERLYING_MAPPED_NEED_REVIEW,2026-05-22,基于 Tushare opt_basic 合约维度数据聚合到期权品种维度；正式期权挂牌规则、到期日规则、行权规则仍需交易所规则复核；期权卖方开仓涉及保证金和权限约束。 | commodity option underlying matched by exchange + symbol in futures_master
OPT_DCE_CS,OPTION,COMMODITY_OPTION,CS,玉米淀粉期权,TODO,COMMODITY_OPTION,DCE,大连商品交易所,CN,CNY,FUT_DCE_CS,CS,玉米淀粉,CORN_STARCH,CALL_AND_PUT,美式,CHECK_NEED_EXCHANGE_RULE_REVIEW,10.0,0.5,人民币元/吨,10.0,OBSERVED_EXPIRY_MONTHS_AVAILABLE,OBSERVED_MATURITY_DATES_AVAILABLE,OBSERVED_DELIST_OR_LAST_TRADE_DATES_AVAILABLE,OBSERVED_LAST_EXERCISE_DATES_AVAILABLE,Y,Y,Y,Tushare,AKShare,TqSdk,TUSHARE_PRIMARY_UNDERLYING_MAPPED_NEED_REVIEW,2026-05-22,基于 Tushare opt_basic 合约维度数据聚合到期权品种维度；正式期权挂牌规则、到期日规则、行权规则仍需交易所规则复核；期权卖方开仓涉及保证金和权限约束。 | commodity option underlying matched by exchange + symbol in futures_master
OPT_DCE_EB,OPTION,COMMODITY_OPTION,EB,苯乙烯期权,TODO,COMMODITY_OPTION,DCE,大连商品交易所,CN,CNY,FUT_DCE_EB,EB,苯乙烯,STYRENE,CALL_AND_PUT,美式,CHECK_NEED_EXCHANGE_RULE_REVIEW,5.0,0.5,人民币元/吨,5.0,OBSERVED_EXPIRY_MONTHS_AVAILABLE,OBSERVED_MATURITY_DATES_AVAILABLE,OBSERVED_DELIST_OR_LAST_TRADE_DATES_AVAILABLE,OBSERVED_LAST_EXERCISE_DATES_AVAILABLE,Y,Y,Y,Tushare,AKShare,TqSdk,TUSHARE_PRIMARY_UNDERLYING_MAPPED_NEED_REVIEW,2026-05-22,基于 Tushare opt_basic 合约维度数据聚合到期权品种维度；正式期权挂牌规则、到期日规则、行权规则仍需交易所规则复核；期权卖方开仓涉及保证金和权限约束。 | commodity option underlying matched by exchange + symbol in futures_master
OPT_DCE_EG,OPTION,COMMODITY_OPTION,EG,乙二醇期权,TODO,COMMODITY_OPTION,DCE,大连商品交易所,CN,CNY,FUT_DCE_EG,EG,乙二醇,ETHYLENE_GLYCOL,CALL_AND_PUT,美式,CHECK_NEED_EXCHANGE_RULE_REVIEW,10.0,0.5,人民币元/吨,10.0,OBSERVED_EXPIRY_MONTHS_AVAILABLE,OBSERVED_MATURITY_DATES_AVAILABLE,OBSERVED_DELIST_OR_LAST_TRADE_DATES_AVAILABLE,OBSERVED_LAST_EXERCISE_DATES_AVAILABLE,Y,Y,Y,Tushare,AKShare,TqSdk,TUSHARE_PRIMARY_UNDERLYING_MAPPED_NEED_REVIEW,2026-05-22,基于 Tushare opt_basic 合约维度数据聚合到期权品种维度；正式期权挂牌规则、到期日规则、行权规则仍需交易所规则复核；期权卖方开仓涉及保证金和权限约束。 | commodity option underlying matched by exchange + symbol in futures_master
OPT_DCE_I,OPTION,COMMODITY_OPTION,I,铁矿石期权,TODO,COMMODITY_OPTION,DCE,大连商品交易所,CN,CNY,FUT_DCE_I,I,铁矿石,IRON_ORE,CALL_AND_PUT,美式,CHECK_NEED_EXCHANGE_RULE_REVIEW,100.0,0.1,人民币元/吨,100.0,OBSERVED_EXPIRY_MONTHS_AVAILABLE,OBSERVED_MATURITY_DATES_AVAILABLE,OBSERVED_DELIST_OR_LAST_TRADE_DATES_AVAILABLE,OBSERVED_LAST_EXERCISE_DATES_AVAILABLE,Y,Y,Y,Tushare,AKShare,TqSdk,TUSHARE_PRIMARY_UNDERLYING_MAPPED_NEED_REVIEW,2026-05-22,基于 Tushare opt_basic 合约维度数据聚合到期权品种维度；正式期权挂牌规则、到期日规则、行权规则仍需交易所规则复核；期权卖方开仓涉及保证金和权限约束。 | commodity option underlying matched by exchange + symbol in futures_master
OPT_DCE_JD,OPTION,COMMODITY_OPTION,JD,鸡蛋期权,TODO,COMMODITY_OPTION,DCE,大连商品交易所,CN,CNY,FUT_DCE_JD,JD,鸡蛋,EGG,CALL_AND_PUT,美式,CHECK_NEED_EXCHANGE_RULE_REVIEW,10.0,0.5,人民币元/500千克,10.0,OBSERVED_EXPIRY_MONTHS_AVAILABLE,OBSERVED_MATURITY_DATES_AVAILABLE,OBSERVED_DELIST_OR_LAST_TRADE_DATES_AVAILABLE,OBSERVED_LAST_EXERCISE_DATES_AVAILABLE,Y,Y,Y,Tushare,AKShare,TqSdk,TUSHARE_PRIMARY_UNDERLYING_MAPPED_NEED_REVIEW,2026-05-22,基于 Tushare opt_basic 合约维度数据聚合到期权品种维度；正式期权挂牌规则、到期日规则、行权规则仍需交易所规则复核；期权卖方开仓涉及保证金和权限约束。 | commodity option underlying matched by exchange + symbol in futures_master
OPT_DCE_JM,OPTION,COMMODITY_OPTION,JM,焦煤期权,TODO,COMMODITY_OPTION,DCE,大连商品交易所,CN,CNY,FUT_DCE_JM,JM,焦煤,COKING_COAL,CALL_AND_PUT,美式,CHECK_NEED_EXCHANGE_RULE_REVIEW,60.0,0.1,人民币元/吨,60.0,OBSERVED_EXPIRY_MONTHS_AVAILABLE,OBSERVED_MATURITY_DATES_AVAILABLE,OBSERVED_DELIST_OR_LAST_TRADE_DATES_AVAILABLE,OBSERVED_LAST_EXERCISE_DATES_AVAILABLE,Y,Y,Y,Tushare,AKShare,TqSdk,TUSHARE_PRIMARY_UNDERLYING_MAPPED_NEED_REVIEW,2026-05-22,基于 Tushare opt_basic 合约维度数据聚合到期权品种维度；正式期权挂牌规则、到期日规则、行权规则仍需交易所规则复核；期权卖方开仓涉及保证金和权限约束。 | commodity option underlying matched by exchange + symbol in futures_master
OPT_DCE_L,OPTION,COMMODITY_OPTION,L,塑料期权,TODO,COMMODITY_OPTION,DCE,大连商品交易所,CN,CNY,FUT_DCE_L,L,塑料,LLDPE,CALL_AND_PUT,美式,CHECK_NEED_EXCHANGE_RULE_REVIEW,5.0,0.5,人民币元/吨,5.0,OBSERVED_EXPIRY_MONTHS_AVAILABLE,OBSERVED_MATURITY_DATES_AVAILABLE,OBSERVED_DELIST_OR_LAST_TRADE_DATES_AVAILABLE,OBSERVED_LAST_EXERCISE_DATES_AVAILABLE,Y,Y,Y,Tushare,AKShare,TqSdk,TUSHARE_PRIMARY_UNDERLYING_MAPPED_NEED_REVIEW,2026-05-22,基于 Tushare opt_basic 合约维度数据聚合到期权品种维度；正式期权挂牌规则、到期日规则、行权规则仍需交易所规则复核；期权卖方开仓涉及保证金和权限约束。 | commodity option underlying matched by exchange + symbol in futures_master
OPT_DCE_LG,OPTION,COMMODITY_OPTION,LG,原木期权,TODO,COMMODITY_OPTION,DCE,大连商品交易所,CN,CNY,FUT_DCE_LG,LG,原木,LOG,CALL_AND_PUT,美式,CHECK_NEED_EXCHANGE_RULE_REVIEW,90.0,0.25,人民币元/立方米,90.0,OBSERVED_EXPIRY_MONTHS_AVAILABLE,OBSERVED_MATURITY_DATES_AVAILABLE,OBSERVED_DELIST_OR_LAST_TRADE_DATES_AVAILABLE,OBSERVED_LAST_EXERCISE_DATES_AVAILABLE,Y,Y,Y,Tushare,AKShare,TqSdk,TUSHARE_PRIMARY_UNDERLYING_GROUP_PATCHED_NEED_REVIEW,2026-05-22,"基于 Tushare opt_basic 合约维度数据聚合到期权品种维度；正式期权挂牌规则、到期日规则、行权规则仍需交易所规则复核；期权卖方开仓涉及保证金和权限约束。 | commodity option underlying matched by exchange + symbol in futures_master | underlying_group patched by conservative option symbol mapping, need review"
OPT_DCE_LH,OPTION,COMMODITY_OPTION,LH,生猪期权,TODO,COMMODITY_OPTION,DCE,大连商品交易所,CN,CNY,FUT_DCE_LH,LH,生猪,LIVE_HOG,CALL_AND_PUT,美式,CHECK_NEED_EXCHANGE_RULE_REVIEW,16.0,2.5,人民币元/吨,16.0,OBSERVED_EXPIRY_MONTHS_AVAILABLE,OBSERVED_MATURITY_DATES_AVAILABLE,OBSERVED_DELIST_OR_LAST_TRADE_DATES_AVAILABLE,OBSERVED_LAST_EXERCISE_DATES_AVAILABLE,Y,Y,Y,Tushare,AKShare,TqSdk,TUSHARE_PRIMARY_UNDERLYING_MAPPED_NEED_REVIEW,2026-05-22,基于 Tushare opt_basic 合约维度数据聚合到期权品种维度；正式期权挂牌规则、到期日规则、行权规则仍需交易所规则复核；期权卖方开仓涉及保证金和权限约束。 | commodity option underlying matched by exchange + symbol in futures_master
OPT_DCE_M,OPTION,COMMODITY_OPTION,M,豆粕期权,TODO,COMMODITY_OPTION,DCE,大连商品交易所,CN,CNY,FUT_DCE_M,M,豆粕,SOYBEAN_MEAL,CALL_AND_PUT,美式,CHECK_NEED_EXCHANGE_RULE_REVIEW,10.0,0.5,人民币元/吨,10.0,OBSERVED_EXPIRY_MONTHS_AVAILABLE,OBSERVED_MATURITY_DATES_AVAILABLE,OBSERVED_DELIST_OR_LAST_TRADE_DATES_AVAILABLE,OBSERVED_LAST_EXERCISE_DATES_AVAILABLE,Y,Y,Y,Tushare,AKShare,TqSdk,TUSHARE_PRIMARY_UNDERLYING_MAPPED_NEED_REVIEW,2026-05-22,基于 Tushare opt_basic 合约维度数据聚合到期权品种维度；正式期权挂牌规则、到期日规则、行权规则仍需交易所规则复核；期权卖方开仓涉及保证金和权限约束。 | commodity option underlying matched by exchange + symbol in futures_master
OPT_DCE_P,OPTION,COMMODITY_OPTION,P,棕榈油期权,TODO,COMMODITY_OPTION,DCE,大连商品交易所,CN,CNY,FUT_DCE_P,P,棕榈油,PALM_OIL,CALL_AND_PUT,美式,CHECK_NEED_EXCHANGE_RULE_REVIEW,10.0,0.5,人民币元/吨,10.0,OBSERVED_EXPIRY_MONTHS_AVAILABLE,OBSERVED_MATURITY_DATES_AVAILABLE,OBSERVED_DELIST_OR_LAST_TRADE_DATES_AVAILABLE,OBSERVED_LAST_EXERCISE_DATES_AVAILABLE,Y,Y,Y,Tushare,AKShare,TqSdk,TUSHARE_PRIMARY_UNDERLYING_MAPPED_NEED_REVIEW,2026-05-22,基于 Tushare opt_basic 合约维度数据聚合到期权品种维度；正式期权挂牌规则、到期日规则、行权规则仍需交易所规则复核；期权卖方开仓涉及保证金和权限约束。 | commodity option underlying matched by exchange + symbol in futures_master
OPT_DCE_PG,OPTION,COMMODITY_OPTION,PG,LPG期权,TODO,COMMODITY_OPTION,DCE,大连商品交易所,CN,CNY,FUT_DCE_PG,PG,LPG,LPG,CALL_AND_PUT,美式,CHECK_NEED_EXCHANGE_RULE_REVIEW,20.0,0.2,人民币元/吨,20.0,OBSERVED_EXPIRY_MONTHS_AVAILABLE,OBSERVED_MATURITY_DATES_AVAILABLE,OBSERVED_DELIST_OR_LAST_TRADE_DATES_AVAILABLE,OBSERVED_LAST_EXERCISE_DATES_AVAILABLE,Y,Y,Y,Tushare,AKShare,TqSdk,TUSHARE_PRIMARY_UNDERLYING_GROUP_PATCHED_NEED_REVIEW,2026-05-22,"基于 Tushare opt_basic 合约维度数据聚合到期权品种维度；正式期权挂牌规则、到期日规则、行权规则仍需交易所规则复核；期权卖方开仓涉及保证金和权限约束。 | commodity option underlying matched by exchange + symbol in futures_master | underlying_group patched by conservative option symbol mapping, need review"
OPT_DCE_PP,OPTION,COMMODITY_OPTION,PP,聚丙烯期权,TODO,COMMODITY_OPTION,DCE,大连商品交易所,CN,CNY,FUT_DCE_PP,PP,聚丙烯,POLYPROPYLENE,CALL_AND_PUT,美式,CHECK_NEED_EXCHANGE_RULE_REVIEW,5.0,0.5,人民币元/吨,5.0,OBSERVED_EXPIRY_MONTHS_AVAILABLE,OBSERVED_MATURITY_DATES_AVAILABLE,OBSERVED_DELIST_OR_LAST_TRADE_DATES_AVAILABLE,OBSERVED_LAST_EXERCISE_DATES_AVAILABLE,Y,Y,Y,Tushare,AKShare,TqSdk,TUSHARE_PRIMARY_UNDERLYING_MAPPED_NEED_REVIEW,2026-05-22,基于 Tushare opt_basic 合约维度数据聚合到期权品种维度；正式期权挂牌规则、到期日规则、行权规则仍需交易所规则复核；期权卖方开仓涉及保证金和权限约束。 | commodity option underlying matched by exchange + symbol in futures_master
OPT_DCE_V,OPTION,COMMODITY_OPTION,V,PVC期权,TODO,COMMODITY_OPTION,DCE,大连商品交易所,CN,CNY,FUT_DCE_V,V,PVC,PVC,CALL_AND_PUT,美式,CHECK_NEED_EXCHANGE_RULE_REVIEW,5.0,0.5,人民币元/吨,5.0,OBSERVED_EXPIRY_MONTHS_AVAILABLE,OBSERVED_MATURITY_DATES_AVAILABLE,OBSERVED_DELIST_OR_LAST_TRADE_DATES_AVAILABLE,OBSERVED_LAST_EXERCISE_DATES_AVAILABLE,Y,Y,Y,Tushare,AKShare,TqSdk,TUSHARE_PRIMARY_UNDERLYING_MAPPED_NEED_REVIEW,2026-05-22,基于 Tushare opt_basic 合约维度数据聚合到期权品种维度；正式期权挂牌规则、到期日规则、行权规则仍需交易所规则复核；期权卖方开仓涉及保证金和权限约束。 | commodity option underlying matched by exchange + symbol in futures_master
OPT_DCE_Y,OPTION,COMMODITY_OPTION,Y,豆油期权,TODO,COMMODITY_OPTION,DCE,大连商品交易所,CN,CNY,FUT_DCE_Y,Y,豆油,SOYBEAN_OIL,CALL_AND_PUT,美式,CHECK_NEED_EXCHANGE_RULE_REVIEW,10.0,0.5,人民币元/吨,10.0,OBSERVED_EXPIRY_MONTHS_AVAILABLE,OBSERVED_MATURITY_DATES_AVAILABLE,OBSERVED_DELIST_OR_LAST_TRADE_DATES_AVAILABLE,OBSERVED_LAST_EXERCISE_DATES_AVAILABLE,Y,Y,Y,Tushare,AKShare,TqSdk,TUSHARE_PRIMARY_UNDERLYING_MAPPED_NEED_REVIEW,2026-05-22,基于 Tushare opt_basic 合约维度数据聚合到期权品种维度；正式期权挂牌规则、到期日规则、行权规则仍需交易所规则复核；期权卖方开仓涉及保证金和权限约束。 | commodity option underlying matched by exchange + symbol in futures_master
OPT_GFEX_LC,OPTION,COMMODITY_OPTION,LC,碳酸锂期权,TODO,COMMODITY_OPTION,GFEX,广州期货交易所,CN,CNY,FUT_GFEX_LC,LC,碳酸锂,LITHIUM_CARBONATE,CALL_AND_PUT,美式,CHECK_NEED_EXCHANGE_RULE_REVIEW,1.0,10.0,人民币元/吨,1.0,OBSERVED_EXPIRY_MONTHS_AVAILABLE,OBSERVED_MATURITY_DATES_AVAILABLE,OBSERVED_DELIST_OR_LAST_TRADE_DATES_AVAILABLE,OBSERVED_LAST_EXERCISE_DATES_AVAILABLE,Y,Y,Y,Tushare,AKShare,TqSdk,TUSHARE_PRIMARY_UNDERLYING_MAPPED_NEED_REVIEW,2026-05-22,基于 Tushare opt_basic 合约维度数据聚合到期权品种维度；正式期权挂牌规则、到期日规则、行权规则仍需交易所规则复核；期权卖方开仓涉及保证金和权限约束。 | commodity option underlying matched by exchange + symbol in futures_master
OPT_GFEX_PD,OPTION,COMMODITY_OPTION,PD,钯期权,TODO,COMMODITY_OPTION,GFEX,广州期货交易所,CN,CNY,FUT_GFEX_PD,PD,钯,PALLADIUM,CALL_AND_PUT,美式,CHECK_NEED_EXCHANGE_RULE_REVIEW,1000.0,0.05,人民币元/克,1000.0,OBSERVED_EXPIRY_MONTHS_AVAILABLE,OBSERVED_MATURITY_DATES_AVAILABLE,OBSERVED_DELIST_OR_LAST_TRADE_DATES_AVAILABLE,OBSERVED_LAST_EXERCISE_DATES_AVAILABLE,Y,Y,Y,Tushare,AKShare,TqSdk,TUSHARE_PRIMARY_UNDERLYING_GROUP_PATCHED_NEED_REVIEW,2026-05-22,"基于 Tushare opt_basic 合约维度数据聚合到期权品种维度；正式期权挂牌规则、到期日规则、行权规则仍需交易所规则复核；期权卖方开仓涉及保证金和权限约束。 | commodity option underlying matched by exchange + symbol in futures_master | underlying_group patched by conservative option symbol mapping, need review"
OPT_GFEX_PS,OPTION,COMMODITY_OPTION,PS,多晶硅期权,TODO,COMMODITY_OPTION,GFEX,广州期货交易所,CN,CNY,FUT_GFEX_PS,PS,多晶硅,POLYSILICON,CALL_AND_PUT,美式,CHECK_NEED_EXCHANGE_RULE_REVIEW,3.0,1.0,人民币元/吨,3.0,OBSERVED_EXPIRY_MONTHS_AVAILABLE,OBSERVED_MATURITY_DATES_AVAILABLE,OBSERVED_DELIST_OR_LAST_TRADE_DATES_AVAILABLE,OBSERVED_LAST_EXERCISE_DATES_AVAILABLE,Y,Y,Y,Tushare,AKShare,TqSdk,TUSHARE_PRIMARY_UNDERLYING_GROUP_PATCHED_NEED_REVIEW,2026-05-22,"基于 Tushare opt_basic 合约维度数据聚合到期权品种维度；正式期权挂牌规则、到期日规则、行权规则仍需交易所规则复核；期权卖方开仓涉及保证金和权限约束。 | commodity option underlying matched by exchange + symbol in futures_master | underlying_group patched by conservative option symbol mapping, need review"
OPT_GFEX_PT,OPTION,COMMODITY_OPTION,PT,铂期权,TODO,COMMODITY_OPTION,GFEX,广州期货交易所,CN,CNY,FUT_GFEX_PT,PT,铂,PLATINUM,CALL_AND_PUT,美式,CHECK_NEED_EXCHANGE_RULE_REVIEW,1000.0,0.05,人民币元/克,1000.0,OBSERVED_EXPIRY_MONTHS_AVAILABLE,OBSERVED_MATURITY_DATES_AVAILABLE,OBSERVED_DELIST_OR_LAST_TRADE_DATES_AVAILABLE,OBSERVED_LAST_EXERCISE_DATES_AVAILABLE,Y,Y,Y,Tushare,AKShare,TqSdk,TUSHARE_PRIMARY_UNDERLYING_GROUP_PATCHED_NEED_REVIEW,2026-05-22,"基于 Tushare opt_basic 合约维度数据聚合到期权品种维度；正式期权挂牌规则、到期日规则、行权规则仍需交易所规则复核；期权卖方开仓涉及保证金和权限约束。 | commodity option underlying matched by exchange + symbol in futures_master | underlying_group patched by conservative option symbol mapping, need review"
OPT_GFEX_SI,OPTION,COMMODITY_OPTION,SI,工业硅期权,TODO,COMMODITY_OPTION,GFEX,广州期货交易所,CN,CNY,FUT_GFEX_SI,SI,工业硅,INDUSTRIAL_SILICON,CALL_AND_PUT,美式,CHECK_NEED_EXCHANGE_RULE_REVIEW,5.0,1.0,人民币元/吨,5.0,OBSERVED_EXPIRY_MONTHS_AVAILABLE,OBSERVED_MATURITY_DATES_AVAILABLE,OBSERVED_DELIST_OR_LAST_TRADE_DATES_AVAILABLE,OBSERVED_LAST_EXERCISE_DATES_AVAILABLE,Y,Y,Y,Tushare,AKShare,TqSdk,TUSHARE_PRIMARY_UNDERLYING_MAPPED_NEED_REVIEW,2026-05-22,基于 Tushare opt_basic 合约维度数据聚合到期权品种维度；正式期权挂牌规则、到期日规则、行权规则仍需交易所规则复核；期权卖方开仓涉及保证金和权限约束。 | commodity option underlying matched by exchange + symbol in futures_master
OPT_INE_BC,OPTION,COMMODITY_OPTION,BC,国际铜期权,TODO,COMMODITY_OPTION,INE,上海国际能源交易中心,CN,CNY,FUT_INE_BC,BC,国际铜,COPPER,CALL_AND_PUT,美式,CHECK_NEED_EXCHANGE_RULE_REVIEW,5.0,2,人民币元/吨,5.0,OBSERVED_EXPIRY_MONTHS_AVAILABLE,OBSERVED_MATURITY_DATES_AVAILABLE,OBSERVED_DELIST_OR_LAST_TRADE_DATES_AVAILABLE,OBSERVED_LAST_EXERCISE_DATES_AVAILABLE,Y,Y,Y,Tushare,AKShare,TqSdk,TUSHARE_PRIMARY_UNDERLYING_MAPPED_NEED_REVIEW,2026-05-22,基于 Tushare opt_basic 合约维度数据聚合到期权品种维度；正式期权挂牌规则、到期日规则、行权规则仍需交易所规则复核；期权卖方开仓涉及保证金和权限约束。 | commodity option underlying matched by exchange + symbol in futures_master
OPT_INE_NR,OPTION,COMMODITY_OPTION,NR,号胶期权,TODO,COMMODITY_OPTION,INE,上海国际能源交易中心,CN,CNY,FUT_INE_NR,NR,号胶,NATURAL_RUBBER,CALL_AND_PUT,美式,CHECK_NEED_EXCHANGE_RULE_REVIEW,10.0,1,人民币元/吨,10.0,OBSERVED_EXPIRY_MONTHS_AVAILABLE,OBSERVED_MATURITY_DATES_AVAILABLE,OBSERVED_DELIST_OR_LAST_TRADE_DATES_AVAILABLE,OBSERVED_LAST_EXERCISE_DATES_AVAILABLE,Y,Y,Y,Tushare,AKShare,TqSdk,TUSHARE_PRIMARY_UNDERLYING_MAPPED_NEED_REVIEW,2026-05-22,基于 Tushare opt_basic 合约维度数据聚合到期权品种维度；正式期权挂牌规则、到期日规则、行权规则仍需交易所规则复核；期权卖方开仓涉及保证金和权限约束。 | commodity option underlying matched by exchange + symbol in futures_master
OPT_INE_SC,OPTION,COMMODITY_OPTION,SC,原油期权,TODO,COMMODITY_OPTION,INE,上海国际能源交易中心,CN,CNY,FUT_INE_SC,SC,原油,CRUDE_OIL,CALL_AND_PUT,美式,CHECK_NEED_EXCHANGE_RULE_REVIEW,1000.0,0.05,人民币元/桶,1000.0,OBSERVED_EXPIRY_MONTHS_AVAILABLE,OBSERVED_MATURITY_DATES_AVAILABLE,OBSERVED_DELIST_OR_LAST_TRADE_DATES_AVAILABLE,OBSERVED_LAST_EXERCISE_DATES_AVAILABLE,Y,Y,Y,Tushare,AKShare,TqSdk,TUSHARE_PRIMARY_UNDERLYING_MAPPED_NEED_REVIEW,2026-05-22,基于 Tushare opt_basic 合约维度数据聚合到期权品种维度；正式期权挂牌规则、到期日规则、行权规则仍需交易所规则复核；期权卖方开仓涉及保证金和权限约束。 | commodity option underlying matched by exchange + symbol in futures_master
OPT_SHFE_AD,OPTION,COMMODITY_OPTION,AD,铸造铝合金期权,TODO,COMMODITY_OPTION,SHFE,上海期货交易所,CN,CNY,FUT_SHFE_AD,AD,铸造铝合金,CAST_ALUMINUM_ALLOY,CALL_AND_PUT,美式,CHECK_NEED_EXCHANGE_RULE_REVIEW,10.0,1,人民币元/吨,10.0,OBSERVED_EXPIRY_MONTHS_AVAILABLE,OBSERVED_MATURITY_DATES_AVAILABLE,OBSERVED_DELIST_OR_LAST_TRADE_DATES_AVAILABLE,OBSERVED_LAST_EXERCISE_DATES_AVAILABLE,Y,Y,Y,Tushare,AKShare,TqSdk,TUSHARE_PRIMARY_UNDERLYING_GROUP_PATCHED_NEED_REVIEW,2026-05-22,"基于 Tushare opt_basic 合约维度数据聚合到期权品种维度；正式期权挂牌规则、到期日规则、行权规则仍需交易所规则复核；期权卖方开仓涉及保证金和权限约束。 | commodity option underlying matched by exchange + symbol in futures_master | underlying_group patched by conservative option symbol mapping, need review"
OPT_SHFE_AG,OPTION,COMMODITY_OPTION,AG,白银期权,TODO,COMMODITY_OPTION,SHFE,上海期货交易所,CN,CNY,FUT_SHFE_AG,AG,沪银,SILVER,CALL_AND_PUT,美式,CHECK_NEED_EXCHANGE_RULE_REVIEW,15.0,0.5,人民币元/千克,15.0,OBSERVED_EXPIRY_MONTHS_AVAILABLE,OBSERVED_MATURITY_DATES_AVAILABLE,OBSERVED_DELIST_OR_LAST_TRADE_DATES_AVAILABLE,OBSERVED_LAST_EXERCISE_DATES_AVAILABLE,Y,Y,Y,Tushare,AKShare,TqSdk,TUSHARE_PRIMARY_UNDERLYING_MAPPED_NEED_REVIEW,2026-05-22,基于 Tushare opt_basic 合约维度数据聚合到期权品种维度；正式期权挂牌规则、到期日规则、行权规则仍需交易所规则复核；期权卖方开仓涉及保证金和权限约束。 | commodity option underlying matched by exchange + symbol in futures_master
OPT_SHFE_AL,OPTION,COMMODITY_OPTION,AL,铝期权,TODO,COMMODITY_OPTION,SHFE,上海期货交易所,CN,CNY,FUT_SHFE_AL,AL,沪铝,ALUMINUM,CALL_AND_PUT,美式,CHECK_NEED_EXCHANGE_RULE_REVIEW,5.0,1,人民币元/吨,5.0,OBSERVED_EXPIRY_MONTHS_AVAILABLE,OBSERVED_MATURITY_DATES_AVAILABLE,OBSERVED_DELIST_OR_LAST_TRADE_DATES_AVAILABLE,OBSERVED_LAST_EXERCISE_DATES_AVAILABLE,Y,Y,Y,Tushare,AKShare,TqSdk,TUSHARE_PRIMARY_UNDERLYING_MAPPED_NEED_REVIEW,2026-05-22,基于 Tushare opt_basic 合约维度数据聚合到期权品种维度；正式期权挂牌规则、到期日规则、行权规则仍需交易所规则复核；期权卖方开仓涉及保证金和权限约束。 | commodity option underlying matched by exchange + symbol in futures_master
OPT_SHFE_AO,OPTION,COMMODITY_OPTION,AO,氧化铝期权,TODO,COMMODITY_OPTION,SHFE,上海期货交易所,CN,CNY,FUT_SHFE_AO,AO,氧化铝,ALUMINA,CALL_AND_PUT,美式,CHECK_NEED_EXCHANGE_RULE_REVIEW,20.0,0.5,人民币元/吨,20.0,OBSERVED_EXPIRY_MONTHS_AVAILABLE,OBSERVED_MATURITY_DATES_AVAILABLE,OBSERVED_DELIST_OR_LAST_TRADE_DATES_AVAILABLE,OBSERVED_LAST_EXERCISE_DATES_AVAILABLE,Y,Y,Y,Tushare,AKShare,TqSdk,TUSHARE_PRIMARY_UNDERLYING_GROUP_PATCHED_NEED_REVIEW,2026-05-22,"基于 Tushare opt_basic 合约维度数据聚合到期权品种维度；正式期权挂牌规则、到期日规则、行权规则仍需交易所规则复核；期权卖方开仓涉及保证金和权限约束。 | commodity option underlying matched by exchange + symbol in futures_master | underlying_group patched by conservative option symbol mapping, need review"
OPT_SHFE_AU,OPTION,COMMODITY_OPTION,AU,黄金期权,TODO,COMMODITY_OPTION,SHFE,上海期货交易所,CN,CNY,FUT_SHFE_AU,AU,沪金,GOLD,CALL_AND_PUT,美式,CHECK_NEED_EXCHANGE_RULE_REVIEW,1000.0,0.02,人民币元/克,1000.0,OBSERVED_EXPIRY_MONTHS_AVAILABLE,OBSERVED_MATURITY_DATES_AVAILABLE,OBSERVED_DELIST_OR_LAST_TRADE_DATES_AVAILABLE,OBSERVED_LAST_EXERCISE_DATES_AVAILABLE,Y,Y,Y,Tushare,AKShare,TqSdk,TUSHARE_PRIMARY_UNDERLYING_MAPPED_NEED_REVIEW,2026-05-22,基于 Tushare opt_basic 合约维度数据聚合到期权品种维度；正式期权挂牌规则、到期日规则、行权规则仍需交易所规则复核；期权卖方开仓涉及保证金和权限约束。 | commodity option underlying matched by exchange + symbol in futures_master
OPT_SHFE_BR,OPTION,COMMODITY_OPTION,BR,丁二烯橡胶期权,TODO,COMMODITY_OPTION,SHFE,上海期货交易所,CN,CNY,FUT_SHFE_BR,BR,丁二烯橡胶,BUTADIENE_RUBBER,CALL_AND_PUT,美式,CHECK_NEED_EXCHANGE_RULE_REVIEW,5.0,1,人民币元/吨,5.0,OBSERVED_EXPIRY_MONTHS_AVAILABLE,OBSERVED_MATURITY_DATES_AVAILABLE,OBSERVED_DELIST_OR_LAST_TRADE_DATES_AVAILABLE,OBSERVED_LAST_EXERCISE_DATES_AVAILABLE,Y,Y,Y,Tushare,AKShare,TqSdk,TUSHARE_PRIMARY_UNDERLYING_GROUP_PATCHED_NEED_REVIEW,2026-05-22,"基于 Tushare opt_basic 合约维度数据聚合到期权品种维度；正式期权挂牌规则、到期日规则、行权规则仍需交易所规则复核；期权卖方开仓涉及保证金和权限约束。 | commodity option underlying matched by exchange + symbol in futures_master | underlying_group patched by conservative option symbol mapping, need review"
OPT_SHFE_BU,OPTION,COMMODITY_OPTION,BU,石油沥青期权,TODO,COMMODITY_OPTION,SHFE,上海期货交易所,CN,CNY,FUT_SHFE_BU,BU,沥青,BITUMEN,CALL_AND_PUT,美式,CHECK_NEED_EXCHANGE_RULE_REVIEW,10.0,0.5,人民币元/吨,10.0,OBSERVED_EXPIRY_MONTHS_AVAILABLE,OBSERVED_MATURITY_DATES_AVAILABLE,OBSERVED_DELIST_OR_LAST_TRADE_DATES_AVAILABLE,OBSERVED_LAST_EXERCISE_DATES_AVAILABLE,Y,Y,Y,Tushare,AKShare,TqSdk,TUSHARE_PRIMARY_UNDERLYING_MAPPED_NEED_REVIEW,2026-05-22,基于 Tushare opt_basic 合约维度数据聚合到期权品种维度；正式期权挂牌规则、到期日规则、行权规则仍需交易所规则复核；期权卖方开仓涉及保证金和权限约束。 | commodity option underlying matched by exchange + symbol in futures_master
OPT_SHFE_CU,OPTION,COMMODITY_OPTION,CU,铜期权,TODO,COMMODITY_OPTION,SHFE,上海期货交易所,CN,CNY,FUT_SHFE_CU,CU,沪铜,COPPER,CALL_AND_PUT,美式,CHECK_NEED_EXCHANGE_RULE_REVIEW,5.0,2,人民币元/吨,5.0,OBSERVED_EXPIRY_MONTHS_AVAILABLE,OBSERVED_MATURITY_DATES_AVAILABLE,OBSERVED_DELIST_OR_LAST_TRADE_DATES_AVAILABLE,OBSERVED_LAST_EXERCISE_DATES_AVAILABLE,Y,Y,Y,Tushare,AKShare,TqSdk,TUSHARE_PRIMARY_UNDERLYING_MAPPED_NEED_REVIEW,2026-05-22,基于 Tushare opt_basic 合约维度数据聚合到期权品种维度；正式期权挂牌规则、到期日规则、行权规则仍需交易所规则复核；期权卖方开仓涉及保证金和权限约束。 | commodity option underlying matched by exchange + symbol in futures_master
OPT_SHFE_FU,OPTION,COMMODITY_OPTION,FU,燃料油期权,TODO,COMMODITY_OPTION,SHFE,上海期货交易所,CN,CNY,FUT_SHFE_FU,FU,燃油,FUEL_OIL,CALL_AND_PUT,美式,CHECK_NEED_EXCHANGE_RULE_REVIEW,10.0,0.5,人民币元/吨,10.0,OBSERVED_EXPIRY_MONTHS_AVAILABLE,OBSERVED_MATURITY_DATES_AVAILABLE,OBSERVED_DELIST_OR_LAST_TRADE_DATES_AVAILABLE,OBSERVED_LAST_EXERCISE_DATES_AVAILABLE,Y,Y,Y,Tushare,AKShare,TqSdk,TUSHARE_PRIMARY_UNDERLYING_MAPPED_NEED_REVIEW,2026-05-22,基于 Tushare opt_basic 合约维度数据聚合到期权品种维度；正式期权挂牌规则、到期日规则、行权规则仍需交易所规则复核；期权卖方开仓涉及保证金和权限约束。 | commodity option underlying matched by exchange + symbol in futures_master
OPT_SHFE_NI,OPTION,COMMODITY_OPTION,NI,镍期权,TODO,COMMODITY_OPTION,SHFE,上海期货交易所,CN,CNY,FUT_SHFE_NI,NI,沪镍,NICKEL,CALL_AND_PUT,美式,CHECK_NEED_EXCHANGE_RULE_REVIEW,1.0,2,人民币元/吨,1.0,OBSERVED_EXPIRY_MONTHS_AVAILABLE,OBSERVED_MATURITY_DATES_AVAILABLE,OBSERVED_DELIST_OR_LAST_TRADE_DATES_AVAILABLE,OBSERVED_LAST_EXERCISE_DATES_AVAILABLE,Y,Y,Y,Tushare,AKShare,TqSdk,TUSHARE_PRIMARY_UNDERLYING_MAPPED_NEED_REVIEW,2026-05-22,基于 Tushare opt_basic 合约维度数据聚合到期权品种维度；正式期权挂牌规则、到期日规则、行权规则仍需交易所规则复核；期权卖方开仓涉及保证金和权限约束。 | commodity option underlying matched by exchange + symbol in futures_master
OPT_SHFE_OP,OPTION,COMMODITY_OPTION,OP,双胶纸期权,TODO,COMMODITY_OPTION,SHFE,上海期货交易所,CN,CNY,FUT_SHFE_OP,OP,双胶纸,OFFSET_PAPER,CALL_AND_PUT,美式,CHECK_NEED_EXCHANGE_RULE_REVIEW,40.0,1,人民币元/吨,40.0,OBSERVED_EXPIRY_MONTHS_AVAILABLE,OBSERVED_MATURITY_DATES_AVAILABLE,OBSERVED_DELIST_OR_LAST_TRADE_DATES_AVAILABLE,OBSERVED_LAST_EXERCISE_DATES_AVAILABLE,Y,Y,Y,Tushare,AKShare,TqSdk,TUSHARE_PRIMARY_UNDERLYING_GROUP_PATCHED_NEED_REVIEW,2026-05-22,"基于 Tushare opt_basic 合约维度数据聚合到期权品种维度；正式期权挂牌规则、到期日规则、行权规则仍需交易所规则复核；期权卖方开仓涉及保证金和权限约束。 | commodity option underlying matched by exchange + symbol in futures_master | underlying_group patched by conservative option symbol mapping, need review"
OPT_SHFE_PB,OPTION,COMMODITY_OPTION,PB,铅期权,TODO,COMMODITY_OPTION,SHFE,上海期货交易所,CN,CNY,FUT_SHFE_PB,PB,沪铅,LEAD,CALL_AND_PUT,美式,CHECK_NEED_EXCHANGE_RULE_REVIEW,5.0,1,人民币元/吨,5.0,OBSERVED_EXPIRY_MONTHS_AVAILABLE,OBSERVED_MATURITY_DATES_AVAILABLE,OBSERVED_DELIST_OR_LAST_TRADE_DATES_AVAILABLE,OBSERVED_LAST_EXERCISE_DATES_AVAILABLE,Y,Y,Y,Tushare,AKShare,TqSdk,TUSHARE_PRIMARY_UNDERLYING_MAPPED_NEED_REVIEW,2026-05-22,基于 Tushare opt_basic 合约维度数据聚合到期权品种维度；正式期权挂牌规则、到期日规则、行权规则仍需交易所规则复核；期权卖方开仓涉及保证金和权限约束。 | commodity option underlying matched by exchange + symbol in futures_master
OPT_SHFE_RB,OPTION,COMMODITY_OPTION,RB,螺纹钢期权,TODO,COMMODITY_OPTION,SHFE,上海期货交易所,CN,CNY,FUT_SHFE_RB,RB,螺纹钢,REBAR,CALL_AND_PUT,美式,CHECK_NEED_EXCHANGE_RULE_REVIEW,10.0,0.5,人民币元/吨,10.0,OBSERVED_EXPIRY_MONTHS_AVAILABLE,OBSERVED_MATURITY_DATES_AVAILABLE,OBSERVED_DELIST_OR_LAST_TRADE_DATES_AVAILABLE,OBSERVED_LAST_EXERCISE_DATES_AVAILABLE,Y,Y,Y,Tushare,AKShare,TqSdk,TUSHARE_PRIMARY_UNDERLYING_MAPPED_NEED_REVIEW,2026-05-22,基于 Tushare opt_basic 合约维度数据聚合到期权品种维度；正式期权挂牌规则、到期日规则、行权规则仍需交易所规则复核；期权卖方开仓涉及保证金和权限约束。 | commodity option underlying matched by exchange + symbol in futures_master
OPT_SHFE_RU,OPTION,COMMODITY_OPTION,RU,天然橡胶期权,TODO,COMMODITY_OPTION,SHFE,上海期货交易所,CN,CNY,FUT_SHFE_RU,RU,橡胶,NATURAL_RUBBER,CALL_AND_PUT,美式,CHECK_NEED_EXCHANGE_RULE_REVIEW,10.0,1,人民币元/吨,10.0,OBSERVED_EXPIRY_MONTHS_AVAILABLE,OBSERVED_MATURITY_DATES_AVAILABLE,OBSERVED_DELIST_OR_LAST_TRADE_DATES_AVAILABLE,OBSERVED_LAST_EXERCISE_DATES_AVAILABLE,Y,Y,Y,Tushare,AKShare,TqSdk,TUSHARE_PRIMARY_UNDERLYING_MAPPED_NEED_REVIEW,2026-05-22,基于 Tushare opt_basic 合约维度数据聚合到期权品种维度；正式期权挂牌规则、到期日规则、行权规则仍需交易所规则复核；期权卖方开仓涉及保证金和权限约束。 | commodity option underlying matched by exchange + symbol in futures_master
OPT_SHFE_SN,OPTION,COMMODITY_OPTION,SN,锡期权,TODO,COMMODITY_OPTION,SHFE,上海期货交易所,CN,CNY,FUT_SHFE_SN,SN,沪锡,TIN,CALL_AND_PUT,美式,CHECK_NEED_EXCHANGE_RULE_REVIEW,1.0,2,人民币元/吨,1.0,OBSERVED_EXPIRY_MONTHS_AVAILABLE,OBSERVED_MATURITY_DATES_AVAILABLE,OBSERVED_DELIST_OR_LAST_TRADE_DATES_AVAILABLE,OBSERVED_LAST_EXERCISE_DATES_AVAILABLE,Y,Y,Y,Tushare,AKShare,TqSdk,TUSHARE_PRIMARY_UNDERLYING_MAPPED_NEED_REVIEW,2026-05-22,基于 Tushare opt_basic 合约维度数据聚合到期权品种维度；正式期权挂牌规则、到期日规则、行权规则仍需交易所规则复核；期权卖方开仓涉及保证金和权限约束。 | commodity option underlying matched by exchange + symbol in futures_master
OPT_SHFE_SP,OPTION,COMMODITY_OPTION,SP,纸浆期权,TODO,COMMODITY_OPTION,SHFE,上海期货交易所,CN,CNY,FUT_SHFE_SP,SP,纸浆,PULP,CALL_AND_PUT,美式,CHECK_NEED_EXCHANGE_RULE_REVIEW,10.0,1,人民币元/吨,10.0,OBSERVED_EXPIRY_MONTHS_AVAILABLE,OBSERVED_MATURITY_DATES_AVAILABLE,OBSERVED_DELIST_OR_LAST_TRADE_DATES_AVAILABLE,OBSERVED_LAST_EXERCISE_DATES_AVAILABLE,Y,Y,Y,Tushare,AKShare,TqSdk,TUSHARE_PRIMARY_UNDERLYING_GROUP_PATCHED_NEED_REVIEW,2026-05-22,"基于 Tushare opt_basic 合约维度数据聚合到期权品种维度；正式期权挂牌规则、到期日规则、行权规则仍需交易所规则复核；期权卖方开仓涉及保证金和权限约束。 | commodity option underlying matched by exchange + symbol in futures_master | underlying_group patched by conservative option symbol mapping, need review"
OPT_SHFE_ZN,OPTION,COMMODITY_OPTION,ZN,锌期权,TODO,COMMODITY_OPTION,SHFE,上海期货交易所,CN,CNY,FUT_SHFE_ZN,ZN,沪锌,ZINC,CALL_AND_PUT,美式,CHECK_NEED_EXCHANGE_RULE_REVIEW,5.0,1,人民币元/吨,5.0,OBSERVED_EXPIRY_MONTHS_AVAILABLE,OBSERVED_MATURITY_DATES_AVAILABLE,OBSERVED_DELIST_OR_LAST_TRADE_DATES_AVAILABLE,OBSERVED_LAST_EXERCISE_DATES_AVAILABLE,Y,Y,Y,Tushare,AKShare,TqSdk,TUSHARE_PRIMARY_UNDERLYING_MAPPED_NEED_REVIEW,2026-05-22,基于 Tushare opt_basic 合约维度数据聚合到期权品种维度；正式期权挂牌规则、到期日规则、行权规则仍需交易所规则复核；期权卖方开仓涉及保证金和权限约束。 | commodity option underlying matched by exchange + symbol in futures_master
OPT_SSE_510050,OPTION,ETF_OPTION,510050,510050ETF期权,TODO,ETF_OPTION,SSE,上海证券交易所,CN,CNY,CHECK_WAIT_ETF_MASTER,510050,CHECK,SSE50,CALL_AND_PUT,欧式,CHECK_NEED_EXCHANGE_RULE_REVIEW,10000.0,0.0001,人民币元,10000.0,OBSERVED_EXPIRY_MONTHS_AVAILABLE,OBSERVED_MATURITY_DATES_AVAILABLE,OBSERVED_DELIST_OR_LAST_TRADE_DATES_AVAILABLE,OBSERVED_LAST_EXERCISE_DATES_AVAILABLE,Y,Y,Y,Tushare,AKShare,TqSdk,TUSHARE_PRIMARY_UNDERLYING_MAPPED_NEED_REVIEW,2026-05-22,基于 Tushare opt_basic 合约维度数据聚合到期权品种维度；正式期权挂牌规则、到期日规则、行权规则仍需交易所规则复核；期权卖方开仓涉及保证金和权限约束。 | ETF期权标的资产ID将在ETF现货阶段补充。
OPT_SSE_510300,OPTION,ETF_OPTION,510300,510300ETF期权,TODO,ETF_OPTION,SSE,上海证券交易所,CN,CNY,CHECK_WAIT_ETF_MASTER,510300,CHECK,CSI300,CALL_AND_PUT,欧式,CHECK_NEED_EXCHANGE_RULE_REVIEW,10000.0,0.0001,人民币元,10000.0,OBSERVED_EXPIRY_MONTHS_AVAILABLE,OBSERVED_MATURITY_DATES_AVAILABLE,OBSERVED_DELIST_OR_LAST_TRADE_DATES_AVAILABLE,OBSERVED_LAST_EXERCISE_DATES_AVAILABLE,Y,Y,Y,Tushare,AKShare,TqSdk,TUSHARE_PRIMARY_UNDERLYING_MAPPED_NEED_REVIEW,2026-05-22,基于 Tushare opt_basic 合约维度数据聚合到期权品种维度；正式期权挂牌规则、到期日规则、行权规则仍需交易所规则复核；期权卖方开仓涉及保证金和权限约束。 | ETF期权标的资产ID将在ETF现货阶段补充。
OPT_SSE_510500,OPTION,ETF_OPTION,510500,510500ETF期权,TODO,ETF_OPTION,SSE,上海证券交易所,CN,CNY,CHECK_WAIT_ETF_MASTER,510500,CHECK,CSI500,CALL_AND_PUT,欧式,CHECK_NEED_EXCHANGE_RULE_REVIEW,10000.0,0.0001,人民币元,10000.0,OBSERVED_EXPIRY_MONTHS_AVAILABLE,OBSERVED_MATURITY_DATES_AVAILABLE,OBSERVED_DELIST_OR_LAST_TRADE_DATES_AVAILABLE,OBSERVED_LAST_EXERCISE_DATES_AVAILABLE,Y,Y,Y,Tushare,AKShare,TqSdk,TUSHARE_PRIMARY_UNDERLYING_MAPPED_NEED_REVIEW,2026-05-22,基于 Tushare opt_basic 合约维度数据聚合到期权品种维度；正式期权挂牌规则、到期日规则、行权规则仍需交易所规则复核；期权卖方开仓涉及保证金和权限约束。 | ETF期权标的资产ID将在ETF现货阶段补充。
OPT_SSE_588000,OPTION,ETF_OPTION,588000,588000ETF期权,TODO,ETF_OPTION,SSE,上海证券交易所,CN,CNY,CHECK_WAIT_ETF_MASTER,588000,CHECK,STAR50,CALL_AND_PUT,欧式,CHECK_NEED_EXCHANGE_RULE_REVIEW,10000.0,0.0001,人民币元,10000.0,OBSERVED_EXPIRY_MONTHS_AVAILABLE,OBSERVED_MATURITY_DATES_AVAILABLE,OBSERVED_DELIST_OR_LAST_TRADE_DATES_AVAILABLE,OBSERVED_LAST_EXERCISE_DATES_AVAILABLE,Y,Y,Y,Tushare,AKShare,TqSdk,TUSHARE_PRIMARY_UNDERLYING_MAPPED_NEED_REVIEW,2026-05-22,基于 Tushare opt_basic 合约维度数据聚合到期权品种维度；正式期权挂牌规则、到期日规则、行权规则仍需交易所规则复核；期权卖方开仓涉及保证金和权限约束。 | ETF期权标的资产ID将在ETF现货阶段补充。
OPT_SSE_588080,OPTION,ETF_OPTION,588080,588080ETF期权,TODO,ETF_OPTION,SSE,上海证券交易所,CN,CNY,CHECK_WAIT_ETF_MASTER,588080,CHECK,STAR50,CALL_AND_PUT,欧式,CHECK_NEED_EXCHANGE_RULE_REVIEW,10000.0,0.0001,人民币元,10000.0,OBSERVED_EXPIRY_MONTHS_AVAILABLE,OBSERVED_MATURITY_DATES_AVAILABLE,OBSERVED_DELIST_OR_LAST_TRADE_DATES_AVAILABLE,OBSERVED_LAST_EXERCISE_DATES_AVAILABLE,Y,Y,Y,Tushare,AKShare,TqSdk,TUSHARE_PRIMARY_UNDERLYING_MAPPED_NEED_REVIEW,2026-05-22,基于 Tushare opt_basic 合约维度数据聚合到期权品种维度；正式期权挂牌规则、到期日规则、行权规则仍需交易所规则复核；期权卖方开仓涉及保证金和权限约束。 | ETF期权标的资产ID将在ETF现货阶段补充。
OPT_SZSE_159901,OPTION,ETF_OPTION,159901,159901ETF期权,TODO,ETF_OPTION,SZSE,深圳证券交易所,CN,CNY,CHECK_WAIT_ETF_MASTER,159901,CHECK,SZSE100,CALL_AND_PUT,欧式,CHECK_NEED_EXCHANGE_RULE_REVIEW,10000.0,0.0001,人民币元,10000.0,OBSERVED_EXPIRY_MONTHS_AVAILABLE,OBSERVED_MATURITY_DATES_AVAILABLE,OBSERVED_DELIST_OR_LAST_TRADE_DATES_AVAILABLE,OBSERVED_LAST_EXERCISE_DATES_AVAILABLE,Y,Y,Y,Tushare,AKShare,TqSdk,TUSHARE_PRIMARY_UNDERLYING_MAPPED_NEED_REVIEW,2026-05-22,基于 Tushare opt_basic 合约维度数据聚合到期权品种维度；正式期权挂牌规则、到期日规则、行权规则仍需交易所规则复核；期权卖方开仓涉及保证金和权限约束。 | ETF期权标的资产ID将在ETF现货阶段补充。
OPT_SZSE_159915,OPTION,ETF_OPTION,159915,159915ETF期权,TODO,ETF_OPTION,SZSE,深圳证券交易所,CN,CNY,CHECK_WAIT_ETF_MASTER,159915,CHECK,CHINEXT,CALL_AND_PUT,欧式,CHECK_NEED_EXCHANGE_RULE_REVIEW,10000.0,0.0001,人民币元,10000.0,OBSERVED_EXPIRY_MONTHS_AVAILABLE,OBSERVED_MATURITY_DATES_AVAILABLE,OBSERVED_DELIST_OR_LAST_TRADE_DATES_AVAILABLE,OBSERVED_LAST_EXERCISE_DATES_AVAILABLE,Y,Y,Y,Tushare,AKShare,TqSdk,TUSHARE_PRIMARY_UNDERLYING_MAPPED_NEED_REVIEW,2026-05-22,基于 Tushare opt_basic 合约维度数据聚合到期权品种维度；正式期权挂牌规则、到期日规则、行权规则仍需交易所规则复核；期权卖方开仓涉及保证金和权限约束。 | ETF期权标的资产ID将在ETF现货阶段补充。
OPT_SZSE_159919,OPTION,ETF_OPTION,159919,159919ETF期权,TODO,ETF_OPTION,SZSE,深圳证券交易所,CN,CNY,CHECK_WAIT_ETF_MASTER,159919,CHECK,CSI300,CALL_AND_PUT,欧式,CHECK_NEED_EXCHANGE_RULE_REVIEW,10000.0,0.0001,人民币元,10000.0,OBSERVED_EXPIRY_MONTHS_AVAILABLE,OBSERVED_MATURITY_DATES_AVAILABLE,OBSERVED_DELIST_OR_LAST_TRADE_DATES_AVAILABLE,OBSERVED_LAST_EXERCISE_DATES_AVAILABLE,Y,Y,Y,Tushare,AKShare,TqSdk,TUSHARE_PRIMARY_UNDERLYING_MAPPED_NEED_REVIEW,2026-05-22,基于 Tushare opt_basic 合约维度数据聚合到期权品种维度；正式期权挂牌规则、到期日规则、行权规则仍需交易所规则复核；期权卖方开仓涉及保证金和权限约束。 | ETF期权标的资产ID将在ETF现货阶段补充。
OPT_SZSE_159922,OPTION,ETF_OPTION,159922,159922ETF期权,TODO,ETF_OPTION,SZSE,深圳证券交易所,CN,CNY,CHECK_WAIT_ETF_MASTER,159922,CHECK,CSI500,CALL_AND_PUT,欧式,CHECK_NEED_EXCHANGE_RULE_REVIEW,10000.0,0.0001,人民币元,10000.0,OBSERVED_EXPIRY_MONTHS_AVAILABLE,OBSERVED_MATURITY_DATES_AVAILABLE,OBSERVED_DELIST_OR_LAST_TRADE_DATES_AVAILABLE,OBSERVED_LAST_EXERCISE_DATES_AVAILABLE,Y,Y,Y,Tushare,AKShare,TqSdk,TUSHARE_PRIMARY_UNDERLYING_MAPPED_NEED_REVIEW,2026-05-22,基于 Tushare opt_basic 合约维度数据聚合到期权品种维度；正式期权挂牌规则、到期日规则、行权规则仍需交易所规则复核；期权卖方开仓涉及保证金和权限约束。 | ETF期权标的资产ID将在ETF现货阶段补充。
