asset_id,asset_type,subtype,symbol,name_cn,name_en,exchange_code,exchange_name,country,currency,sector,underlying_group,tradable,can_long,can_short,contract_multiplier,contract_unit,quote_unit,tick_size,list_date_min,delist_date_max,sample_ts_code,sample_contract_name,data_source_1,data_source_2,source_status,update_date,notes
FUT_CFFEX_IC,FUTURE,INDEX_FUTURE,IC,中证500股指期货,TODO,CFFEX,中国金融期货交易所,CN,CNY,金融-股指,CSI500,Y,Y,Y,200,张,指数点,TODO,20150416,20261218,IC1809.CFX,IC1809,Tushare,ExchangeOfficialWebsite,MIXED,2026-05-22,从 Tushare fut_basic 合约维度原始数据聚合到期货品种维度，待人工复核。 CFFEX中文名按品种代码规则补充。
FUT_CFFEX_IF,FUTURE,INDEX_FUTURE,IF,沪深300股指期货,TODO,CFFEX,中国金融期货交易所,CN,CNY,金融-股指,CSI300,Y,Y,Y,300,张,指数点,TODO,20100416,20261218,IF1507.CFX,IF1507,Tushare,ExchangeOfficialWebsite,MIXED,2026-05-22,从 Tushare fut_basic 合约维度原始数据聚合到期货品种维度，待人工复核。 CFFEX中文名按品种代码规则补充。
FUT_CFFEX_IH,FUTURE,INDEX_FUTURE,IH,上证50股指期货,TODO,CFFEX,中国金融期货交易所,CN,CNY,金融-股指,SSE50,Y,Y,Y,300,张,指数点,TODO,20150416,20261218,IH1809.CFX,IH1809,Tushare,ExchangeOfficialWebsite,MIXED,2026-05-22,从 Tushare fut_basic 合约维度原始数据聚合到期货品种维度，待人工复核。 CFFEX中文名按品种代码规则补充。
FUT_CFFEX_IM,FUTURE,INDEX_FUTURE,IM,中证1000股指期货,TODO,CFFEX,中国金融期货交易所,CN,CNY,金融-股指,CSI1000,Y,Y,Y,200,张,指数点,TODO,20220722,20261218,IM2505.CFX,IM2505,Tushare,ExchangeOfficialWebsite,MIXED,2026-05-22,从 Tushare fut_basic 合约维度原始数据聚合到期货品种维度，待人工复核。 CFFEX中文名按品种代码规则补充。
FUT_CFFEX_T,FUTURE,TREASURY_FUTURE,T,10年期国债期货,TODO,CFFEX,中国金融期货交易所,CN,CNY,金融-国债,CGB_10Y,Y,Y,Y,10000,张,人民币元,TODO,20150320,20261211,T1906.CFX,T1906,Tushare,ExchangeOfficialWebsite,MIXED,2026-05-22,从 Tushare fut_basic 合约维度原始数据聚合到期货品种维度，待人工复核。 CFFEX中文名按品种代码规则补充。
FUT_CFFEX_TF,FUTURE,TREASURY_FUTURE,TF,5年期国债期货,TODO,CFFEX,中国金融期货交易所,CN,CNY,金融-国债,CGB_5Y,Y,Y,Y,10000,张,人民币元,TODO,20130906,20261211,TF1906.CFX,TF1906,Tushare,ExchangeOfficialWebsite,MIXED,2026-05-22,从 Tushare fut_basic 合约维度原始数据聚合到期货品种维度，待人工复核。 CFFEX中文名按品种代码规则补充。
FUT_CFFEX_TL,FUTURE,TREASURY_FUTURE,TL,30年期国债期货,TODO,CFFEX,中国金融期货交易所,CN,CNY,金融-国债,CGB_30Y,Y,Y,Y,10000,张,人民币元,TODO,20230421,20261211,TL2512.CFX,TL2512,Tushare,ExchangeOfficialWebsite,MIXED,2026-05-22,从 Tushare fut_basic 合约维度原始数据聚合到期货品种维度，待人工复核。 CFFEX中文名按品种代码规则补充。
FUT_CFFEX_TS,FUTURE,TREASURY_FUTURE,TS,2年期国债期货,TODO,CFFEX,中国金融期货交易所,CN,CNY,金融-国债,CGB_2Y,Y,Y,Y,20000,张,人民币元,TODO,20180817,20261211,TS2112.CFX,TS2112,Tushare,ExchangeOfficialWebsite,MIXED,2026-05-22,从 Tushare fut_basic 合约维度原始数据聚合到期货品种维度，待人工复核。 CFFEX中文名按品种代码规则补充。
FUT_CZCE_AP,FUTURE,COMMODITY_FUTURE,AP,苹果,TODO,CZCE,郑州商品交易所,CN,CNY,农产品,CHECK,Y,Y,Y,TODO,吨,人民币元/吨,TODO,20171222,20270514,AP2203.ZCE,苹果2203,Tushare,ExchangeOfficialWebsite,MIXED,2026-05-22,从 Tushare fut_basic 合约维度原始数据聚合到期货品种维度，待人工复核。
FUT_CZCE_CF,FUTURE,COMMODITY_FUTURE,CF,郑棉,TODO,CZCE,郑州商品交易所,CN,CNY,农产品,COTTON,Y,Y,Y,TODO,吨,人民币元/吨,TODO,20040601,20270514,CF2309.ZCE,郑棉2309,Tushare,ExchangeOfficialWebsite,MIXED,2026-05-22,从 Tushare fut_basic 合约维度原始数据聚合到期货品种维度，待人工复核。
FUT_CZCE_CJ,FUTURE,COMMODITY_FUTURE,CJ,红枣,TODO,CZCE,郑州商品交易所,CN,CNY,农产品,CHECK,Y,Y,Y,TODO,吨,人民币元/吨,TODO,20190430,20270514,CJ2609.ZCE,红枣2609,Tushare,ExchangeOfficialWebsite,MIXED,2026-05-22,从 Tushare fut_basic 合约维度原始数据聚合到期货品种维度，待人工复核。
FUT_CZCE_CY,FUTURE,COMMODITY_FUTURE,CY,棉纱,TODO,CZCE,郑州商品交易所,CN,CNY,CHECK,CHECK,Y,Y,Y,TODO,吨,人民币元/吨,TODO,20170818,20270514,CY2309.ZCE,棉纱2309,Tushare,ExchangeOfficialWebsite,MIXED,2026-05-22,从 Tushare fut_basic 合约维度原始数据聚合到期货品种维度，待人工复核。
FUT_CZCE_ER,FUTURE,COMMODITY_FUTURE,ER,早籼稻,TODO,CZCE,郑州商品交易所,CN,CNY,CHECK,CHECK,Y,Y,Y,TODO,吨,人民币元/吨,TODO,20090420,20130523,ER1107.ZCE,早籼稻1107,Tushare,ExchangeOfficialWebsite,MIXED,2026-05-22,从 Tushare fut_basic 合约维度原始数据聚合到期货品种维度，待人工复核。
FUT_CZCE_FG,FUTURE,COMMODITY_FUTURE,FG,玻璃,TODO,CZCE,郑州商品交易所,CN,CNY,CHECK,CHECK,Y,Y,Y,TODO,吨,人民币元/吨,TODO,20121203,20270514,FG2309.ZCE,玻璃2309,Tushare,ExchangeOfficialWebsite,MIXED,2026-05-22,从 Tushare fut_basic 合约维度原始数据聚合到期货品种维度，待人工复核。
FUT_CZCE_JR,FUTURE,COMMODITY_FUTURE,JR,粳稻,TODO,CZCE,郑州商品交易所,CN,CNY,CHECK,CHECK,Y,Y,Y,TODO,吨,人民币元/吨,TODO,20131118,20270514,JR2309.ZCE,粳稻2309,Tushare,ExchangeOfficialWebsite,MIXED,2026-05-22,从 Tushare fut_basic 合约维度原始数据聚合到期货品种维度，待人工复核。
FUT_CZCE_LR,FUTURE,COMMODITY_FUTURE,LR,晚籼稻,TODO,CZCE,郑州商品交易所,CN,CNY,CHECK,CHECK,Y,Y,Y,TODO,吨,人民币元/吨,TODO,20140708,20260116,LR2309.ZCE,晚籼稻2309,Tushare,ExchangeOfficialWebsite,MIXED,2026-05-22,从 Tushare fut_basic 合约维度原始数据聚合到期货品种维度，待人工复核。
FUT_CZCE_MA,FUTURE,COMMODITY_FUTURE,MA,甲醇,TODO,CZCE,郑州商品交易所,CN,CNY,能源化工,METHANOL,Y,Y,Y,TODO,吨,人民币元/吨,TODO,20140617,20270514,MA2309.ZCE,甲醇2309,Tushare,ExchangeOfficialWebsite,MIXED,2026-05-22,从 Tushare fut_basic 合约维度原始数据聚合到期货品种维度，待人工复核。
FUT_CZCE_ME,FUTURE,COMMODITY_FUTURE,ME,甲醇,TODO,CZCE,郑州商品交易所,CN,CNY,CHECK,CHECK,Y,Y,Y,TODO,吨,人民币元/吨,TODO,20111028,20150515,ME1402.ZCE,甲醇1402,Tushare,ExchangeOfficialWebsite,MIXED,2026-05-22,从 Tushare fut_basic 合约维度原始数据聚合到期货品种维度，待人工复核。
FUT_CZCE_OI,FUTURE,COMMODITY_FUTURE,OI,菜油,TODO,CZCE,郑州商品交易所,CN,CNY,农产品,CHECK,Y,Y,Y,TODO,吨,人民币元/吨,TODO,20120716,20270514,OI2309.ZCE,菜油2309,Tushare,ExchangeOfficialWebsite,MIXED,2026-05-22,从 Tushare fut_basic 合约维度原始数据聚合到期货品种维度，待人工复核。
FUT_CZCE_PF,FUTURE,COMMODITY_FUTURE,PF,短纤,TODO,CZCE,郑州商品交易所,CN,CNY,能源化工,POLYESTER_STAPLE_FIBER,Y,Y,Y,TODO,吨,人民币元/吨,TODO,20201012,20270514,PF2309.ZCE,短纤2309,Tushare,ExchangeOfficialWebsite,MIXED,2026-05-22,从 Tushare fut_basic 合约维度原始数据聚合到期货品种维度，待人工复核。
FUT_CZCE_PK,FUTURE,COMMODITY_FUTURE,PK,花生,TODO,CZCE,郑州商品交易所,CN,CNY,农产品,CHECK,Y,Y,Y,TODO,吨,人民币元/吨,TODO,20210201,20270514,PK2505.ZCE,花生2505,Tushare,ExchangeOfficialWebsite,MIXED,2026-05-22,从 Tushare fut_basic 合约维度原始数据聚合到期货品种维度，待人工复核。
FUT_CZCE_PL,FUTURE,COMMODITY_FUTURE,PL,丙烯,TODO,CZCE,郑州商品交易所,CN,CNY,CHECK,CHECK,Y,Y,Y,TODO,吨,人民币元/吨,TODO,20250722,20270514,PL2702.ZCE,丙烯2702,Tushare,ExchangeOfficialWebsite,MIXED,2026-05-22,从 Tushare fut_basic 合约维度原始数据聚合到期货品种维度，待人工复核。
FUT_CZCE_PM,FUTURE,COMMODITY_FUTURE,PM,普麦,TODO,CZCE,郑州商品交易所,CN,CNY,CHECK,CHECK,Y,Y,Y,TODO,吨,人民币元/吨,TODO,20120117,20270514,PM2309.ZCE,普麦2309,Tushare,ExchangeOfficialWebsite,MIXED,2026-05-22,从 Tushare fut_basic 合约维度原始数据聚合到期货品种维度，待人工复核。
FUT_CZCE_PR,FUTURE,COMMODITY_FUTURE,PR,瓶片,TODO,CZCE,郑州商品交易所,CN,CNY,CHECK,CHECK,Y,Y,Y,TODO,吨,人民币元/吨,TODO,20240830,20270514,PR2702.ZCE,瓶片2702,Tushare,ExchangeOfficialWebsite,MIXED,2026-05-22,从 Tushare fut_basic 合约维度原始数据聚合到期货品种维度，待人工复核。
FUT_CZCE_PX,FUTURE,COMMODITY_FUTURE,PX,对二甲苯,TODO,CZCE,郑州商品交易所,CN,CNY,CHECK,CHECK,Y,Y,Y,TODO,吨,人民币元/吨,TODO,20230915,20270514,PX2604.ZCE,对二甲苯2604,Tushare,ExchangeOfficialWebsite,MIXED,2026-05-22,从 Tushare fut_basic 合约维度原始数据聚合到期货品种维度，待人工复核。
FUT_CZCE_RI,FUTURE,COMMODITY_FUTURE,RI,早籼稻,TODO,CZCE,郑州商品交易所,CN,CNY,CHECK,CHECK,Y,Y,Y,TODO,吨,人民币元/吨,TODO,20120724,20270514,RI2309.ZCE,早籼稻2309,Tushare,ExchangeOfficialWebsite,MIXED,2026-05-22,从 Tushare fut_basic 合约维度原始数据聚合到期货品种维度，待人工复核。
FUT_CZCE_RM,FUTURE,COMMODITY_FUTURE,RM,菜粕,TODO,CZCE,郑州商品交易所,CN,CNY,农产品,CHECK,Y,Y,Y,TODO,吨,人民币元/吨,TODO,20121228,20270514,RM2309.ZCE,菜粕2309,Tushare,ExchangeOfficialWebsite,MIXED,2026-05-22,从 Tushare fut_basic 合约维度原始数据聚合到期货品种维度，待人工复核。
FUT_CZCE_RO,FUTURE,COMMODITY_FUTURE,RO,菜油,TODO,CZCE,郑州商品交易所,CN,CNY,CHECK,CHECK,Y,Y,Y,TODO,吨,人民币元/吨,TODO,20070608,20130515,RO1101.ZCE,菜油1101,Tushare,ExchangeOfficialWebsite,MIXED,2026-05-22,从 Tushare fut_basic 合约维度原始数据聚合到期货品种维度，待人工复核。
FUT_CZCE_RS,FUTURE,COMMODITY_FUTURE,RS,菜籽,TODO,CZCE,郑州商品交易所,CN,CNY,CHECK,CHECK,Y,Y,Y,TODO,吨,人民币元/吨,TODO,20121228,20261113,RS2309.ZCE,菜籽2309,Tushare,ExchangeOfficialWebsite,MIXED,2026-05-22,从 Tushare fut_basic 合约维度原始数据聚合到期货品种维度，待人工复核。
FUT_CZCE_SA,FUTURE,COMMODITY_FUTURE,SA,纯碱,TODO,CZCE,郑州商品交易所,CN,CNY,能源化工,SODA_ASH,Y,Y,Y,TODO,吨,人民币元/吨,TODO,20191206,20270514,SA2309.ZCE,纯碱2309,Tushare,ExchangeOfficialWebsite,MIXED,2026-05-22,从 Tushare fut_basic 合约维度原始数据聚合到期货品种维度，待人工复核。
FUT_CZCE_SF,FUTURE,COMMODITY_FUTURE,SF,硅铁,TODO,CZCE,郑州商品交易所,CN,CNY,黑色系,CHECK,Y,Y,Y,TODO,吨,人民币元/吨,TODO,20140808,20270514,SF2309.ZCE,硅铁2309,Tushare,ExchangeOfficialWebsite,MIXED,2026-05-22,从 Tushare fut_basic 合约维度原始数据聚合到期货品种维度，待人工复核。
FUT_CZCE_SH,FUTURE,COMMODITY_FUTURE,SH,烧碱,TODO,CZCE,郑州商品交易所,CN,CNY,CHECK,CHECK,Y,Y,Y,TODO,吨,人民币元/吨,TODO,20230915,20270514,SH2609.ZCE,烧碱2609,Tushare,ExchangeOfficialWebsite,MIXED,2026-05-22,从 Tushare fut_basic 合约维度原始数据聚合到期货品种维度，待人工复核。
FUT_CZCE_SM,FUTURE,COMMODITY_FUTURE,SM,锰硅,TODO,CZCE,郑州商品交易所,CN,CNY,黑色系,CHECK,Y,Y,Y,TODO,吨,人民币元/吨,TODO,20140808,20270514,SM2309.ZCE,锰硅2309,Tushare,ExchangeOfficialWebsite,MIXED,2026-05-22,从 Tushare fut_basic 合约维度原始数据聚合到期货品种维度，待人工复核。
FUT_CZCE_SR,FUTURE,COMMODITY_FUTURE,SR,白糖,TODO,CZCE,郑州商品交易所,CN,CNY,农产品,SUGAR,Y,Y,Y,TODO,吨,人民币元/吨,TODO,20060106,20270514,SR2503.ZCE,白糖2503,Tushare,ExchangeOfficialWebsite,MIXED,2026-05-22,从 Tushare fut_basic 合约维度原始数据聚合到期货品种维度，待人工复核。
FUT_CZCE_TA,FUTURE,COMMODITY_FUTURE,TA,PTA,TODO,CZCE,郑州商品交易所,CN,CNY,能源化工,PTA,Y,Y,Y,TODO,吨,人民币元/吨,TODO,20061218,20270514,TA1001.ZCE,PTA1001,Tushare,ExchangeOfficialWebsite,MIXED,2026-05-22,从 Tushare fut_basic 合约维度原始数据聚合到期货品种维度，待人工复核。
FUT_CZCE_TC,FUTURE,COMMODITY_FUTURE,TC,动力煤,TODO,CZCE,郑州商品交易所,CN,CNY,CHECK,CHECK,Y,Y,Y,TODO,吨,人民币元/吨,TODO,20130926,20160408,TC1604.ZCE,动力煤1604,Tushare,ExchangeOfficialWebsite,MIXED,2026-05-22,从 Tushare fut_basic 合约维度原始数据聚合到期货品种维度，待人工复核。
FUT_CZCE_UR,FUTURE,COMMODITY_FUTURE,UR,尿素,TODO,CZCE,郑州商品交易所,CN,CNY,能源化工,UREA,Y,Y,Y,TODO,吨,人民币元/吨,TODO,20190809,20270514,UR2309.ZCE,尿素2309,Tushare,ExchangeOfficialWebsite,MIXED,2026-05-22,从 Tushare fut_basic 合约维度原始数据聚合到期货品种维度，待人工复核。
FUT_CZCE_WH,FUTURE,COMMODITY_FUTURE,WH,强麦,TODO,CZCE,郑州商品交易所,CN,CNY,CHECK,CHECK,Y,Y,Y,TODO,吨,人民币元/吨,TODO,20120724,20270514,WH2309.ZCE,强麦2309,Tushare,ExchangeOfficialWebsite,MIXED,2026-05-22,从 Tushare fut_basic 合约维度原始数据聚合到期货品种维度，待人工复核。
FUT_CZCE_WS,FUTURE,COMMODITY_FUTURE,WS,强麦,TODO,CZCE,郑州商品交易所,CN,CNY,CHECK,CHECK,Y,Y,Y,TODO,吨,人民币元/吨,TODO,20030328,20130523,WS0607.ZCE,强麦0607,Tushare,ExchangeOfficialWebsite,MIXED,2026-05-22,从 Tushare fut_basic 合约维度原始数据聚合到期货品种维度，待人工复核。
FUT_CZCE_WT,FUTURE,COMMODITY_FUTURE,WT,硬麦,TODO,CZCE,郑州商品交易所,CN,CNY,CHECK,CHECK,Y,Y,Y,TODO,吨,人民币元/吨,TODO,19990104,20121122,WT0601.ZCE,硬麦0601,Tushare,ExchangeOfficialWebsite,MIXED,2026-05-22,从 Tushare fut_basic 合约维度原始数据聚合到期货品种维度，待人工复核。
FUT_CZCE_ZC,FUTURE,COMMODITY_FUTURE,ZC,动力煤,TODO,CZCE,郑州商品交易所,CN,CNY,CHECK,CHECK,Y,Y,Y,TODO,吨,人民币元/吨,TODO,20150518,20270507,ZC2506.ZCE,动力煤2506,Tushare,ExchangeOfficialWebsite,MIXED,2026-05-22,从 Tushare fut_basic 合约维度原始数据聚合到期货品种维度，待人工复核。
FUT_DCE_A,FUTURE,COMMODITY_FUTURE,A,豆一,TODO,DCE,大连商品交易所,CN,CNY,农产品,SOYBEAN,Y,Y,Y,TODO,吨,人民币元/吨,TODO,19990104,20270519,A2203.DCE,豆一2203,Tushare,ExchangeOfficialWebsite,MIXED,2026-05-22,从 Tushare fut_basic 合约维度原始数据聚合到期货品种维度，待人工复核。
FUT_DCE_B,FUTURE,COMMODITY_FUTURE,B,豆二,TODO,DCE,大连商品交易所,CN,CNY,农产品,SOYBEAN,Y,Y,Y,TODO,吨,人民币元/吨,TODO,20041222,20270519,B2203.DCE,豆二2203,Tushare,ExchangeOfficialWebsite,MIXED,2026-05-22,从 Tushare fut_basic 合约维度原始数据聚合到期货品种维度，待人工复核。
FUT_DCE_BB,FUTURE,COMMODITY_FUTURE,BB,胶合板,TODO,DCE,大连商品交易所,CN,CNY,CHECK,CHECK,Y,Y,Y,TODO,张,人民币元/张,TODO,20131206,20270519,BB2203.DCE,胶合板2203,Tushare,ExchangeOfficialWebsite,MIXED,2026-05-22,从 Tushare fut_basic 合约维度原始数据聚合到期货品种维度，待人工复核。
FUT_DCE_BZ,FUTURE,COMMODITY_FUTURE,BZ,纯苯,TODO,DCE,大连商品交易所,CN,CNY,CHECK,CHECK,Y,Y,Y,TODO,吨,人民币元/吨,TODO,20250708,20270427,BZ2701.DCE,纯苯2701,Tushare,ExchangeOfficialWebsite,MIXED,2026-05-22,从 Tushare fut_basic 合约维度原始数据聚合到期货品种维度，待人工复核。
FUT_DCE_C,FUTURE,COMMODITY_FUTURE,C,玉米,TODO,DCE,大连商品交易所,CN,CNY,农产品,CORN,Y,Y,Y,TODO,吨,人民币元/吨,TODO,20040922,20270519,C1003.DCE,玉米1003,Tushare,ExchangeOfficialWebsite,MIXED,2026-05-22,从 Tushare fut_basic 合约维度原始数据聚合到期货品种维度，待人工复核。
FUT_DCE_CS,FUTURE,COMMODITY_FUTURE,CS,玉米淀粉,TODO,DCE,大连商品交易所,CN,CNY,农产品,CORN_STARCH,Y,Y,Y,TODO,吨,人民币元/吨,TODO,20141219,20270519,CS1505.DCE,玉米淀粉1505,Tushare,ExchangeOfficialWebsite,MIXED,2026-05-22,从 Tushare fut_basic 合约维度原始数据聚合到期货品种维度，待人工复核。
FUT_DCE_EB,FUTURE,COMMODITY_FUTURE,EB,苯乙烯,TODO,DCE,大连商品交易所,CN,CNY,能源化工,STYRENE,Y,Y,Y,TODO,吨,人民币元/吨,TODO,20190926,20270427,EB2103.DCE,苯乙烯2103,Tushare,ExchangeOfficialWebsite,MIXED,2026-05-22,从 Tushare fut_basic 合约维度原始数据聚合到期货品种维度，待人工复核。
FUT_DCE_EG,FUTURE,COMMODITY_FUTURE,EG,乙二醇,TODO,DCE,大连商品交易所,CN,CNY,能源化工,ETHYLENE_GLYCOL,Y,Y,Y,TODO,吨,人民币元/吨,TODO,20181210,20270427,EG2103.DCE,乙二醇2103,Tushare,ExchangeOfficialWebsite,MIXED,2026-05-22,从 Tushare fut_basic 合约维度原始数据聚合到期货品种维度，待人工复核。
FUT_DCE_FB,FUTURE,COMMODITY_FUTURE,FB,纤维板,TODO,DCE,大连商品交易所,CN,CNY,CHECK,CHECK,Y,Y,Y,TODO,立方米,人民币元/立方米,TODO,20131206,20270519,FB2503.DCE,纤维板2503,Tushare,ExchangeOfficialWebsite,MIXED,2026-05-22,从 Tushare fut_basic 合约维度原始数据聚合到期货品种维度，待人工复核。
FUT_DCE_I,FUTURE,COMMODITY_FUTURE,I,铁矿石,TODO,DCE,大连商品交易所,CN,CNY,黑色系,IRON_ORE,Y,Y,Y,TODO,吨,人民币元/吨,TODO,20131018,20270519,I2203.DCE,铁矿石2203,Tushare,ExchangeOfficialWebsite,MIXED,2026-05-22,从 Tushare fut_basic 合约维度原始数据聚合到期货品种维度，待人工复核。
FUT_DCE_J,FUTURE,COMMODITY_FUTURE,J,焦炭,TODO,DCE,大连商品交易所,CN,CNY,黑色系,COKE,Y,Y,Y,TODO,吨,人民币元/吨,TODO,20110415,20270519,J2203.DCE,焦炭2203,Tushare,ExchangeOfficialWebsite,MIXED,2026-05-22,从 Tushare fut_basic 合约维度原始数据聚合到期货品种维度，待人工复核。
FUT_DCE_JD,FUTURE,COMMODITY_FUTURE,JD,鸡蛋,TODO,DCE,大连商品交易所,CN,CNY,农产品,EGG,Y,Y,Y,TODO,吨,人民币元/500千克,TODO,20131108,20270427,JD1907.DCE,鸡蛋1907,Tushare,ExchangeOfficialWebsite,MIXED,2026-05-22,从 Tushare fut_basic 合约维度原始数据聚合到期货品种维度，待人工复核。
FUT_DCE_JM,FUTURE,COMMODITY_FUTURE,JM,焦煤,TODO,DCE,大连商品交易所,CN,CNY,黑色系,COKING_COAL,Y,Y,Y,TODO,吨,人民币元/吨,TODO,20130322,20270519,JM2304.DCE,焦煤2304,Tushare,ExchangeOfficialWebsite,MIXED,2026-05-22,从 Tushare fut_basic 合约维度原始数据聚合到期货品种维度，待人工复核。
FUT_DCE_L,FUTURE,COMMODITY_FUTURE,L,塑料,TODO,DCE,大连商品交易所,CN,CNY,能源化工,LLDPE,Y,Y,Y,TODO,吨,人民币元/吨,TODO,20070731,20270519,L2508.DCE,塑料2508,Tushare,ExchangeOfficialWebsite,MIXED,2026-05-22,从 Tushare fut_basic 合约维度原始数据聚合到期货品种维度，待人工复核。
FUT_DCE_LG,FUTURE,COMMODITY_FUTURE,LG,原木,TODO,DCE,大连商品交易所,CN,CNY,CHECK,CHECK,Y,Y,Y,TODO,立方米,人民币元/立方米,TODO,20241118,20270326,LG2611.DCE,原木2611,Tushare,ExchangeOfficialWebsite,MIXED,2026-05-22,从 Tushare fut_basic 合约维度原始数据聚合到期货品种维度，待人工复核。
FUT_DCE_LH,FUTURE,COMMODITY_FUTURE,LH,生猪,TODO,DCE,大连商品交易所,CN,CNY,农产品,LIVE_HOG,Y,Y,Y,TODO,吨,人民币元/吨,TODO,20210108,20270326,LH2109.DCE,生猪2109,Tushare,ExchangeOfficialWebsite,MIXED,2026-05-22,从 Tushare fut_basic 合约维度原始数据聚合到期货品种维度，待人工复核。
FUT_DCE_L_F,FUTURE,COMMODITY_FUTURE,L_F,塑料月均价F,TODO,DCE,大连商品交易所,CN,CNY,CHECK,CHECK,Y,Y,Y,TODO,吨,人民币元/吨,TODO,20251029,20261030,L2605F.DCE,塑料月均价2605F,Tushare,ExchangeOfficialWebsite,MIXED,2026-05-22,从 Tushare fut_basic 合约维度原始数据聚合到期货品种维度，待人工复核。
FUT_DCE_M,FUTURE,COMMODITY_FUTURE,M,豆粕,TODO,DCE,大连商品交易所,CN,CNY,农产品,SOYBEAN_MEAL,Y,Y,Y,TODO,吨,人民币元/吨,TODO,20000717,20270519,M1708.DCE,豆粕1708,Tushare,ExchangeOfficialWebsite,MIXED,2026-05-22,从 Tushare fut_basic 合约维度原始数据聚合到期货品种维度，待人工复核。
FUT_DCE_P,FUTURE,COMMODITY_FUTURE,P,棕榈油,TODO,DCE,大连商品交易所,CN,CNY,农产品,PALM_OIL,Y,Y,Y,TODO,吨,人民币元/吨,TODO,20071029,20270519,P2501.DCE,棕榈油2501,Tushare,ExchangeOfficialWebsite,MIXED,2026-05-22,从 Tushare fut_basic 合约维度原始数据聚合到期货品种维度，待人工复核。
FUT_DCE_PG,FUTURE,COMMODITY_FUTURE,PG,LPG,TODO,DCE,大连商品交易所,CN,CNY,CHECK,CHECK,Y,Y,Y,TODO,吨,人民币元/吨,TODO,20200330,20270427,PG2405.DCE,LPG2405,Tushare,ExchangeOfficialWebsite,MIXED,2026-05-22,从 Tushare fut_basic 合约维度原始数据聚合到期货品种维度，待人工复核。
FUT_DCE_PP,FUTURE,COMMODITY_FUTURE,PP,聚丙烯,TODO,DCE,大连商品交易所,CN,CNY,能源化工,POLYPROPYLENE,Y,Y,Y,TODO,吨,人民币元/吨,TODO,20140228,20270519,PP2203.DCE,聚丙烯2203,Tushare,ExchangeOfficialWebsite,MIXED,2026-05-22,从 Tushare fut_basic 合约维度原始数据聚合到期货品种维度，待人工复核。
FUT_DCE_PP_F,FUTURE,COMMODITY_FUTURE,PP_F,聚丙烯月均价F,TODO,DCE,大连商品交易所,CN,CNY,CHECK,CHECK,Y,Y,Y,TODO,吨,人民币元/吨,TODO,20251029,20261030,PP2605F.DCE,聚丙烯月均价2605F,Tushare,ExchangeOfficialWebsite,MIXED,2026-05-22,从 Tushare fut_basic 合约维度原始数据聚合到期货品种维度，待人工复核。
FUT_DCE_RR,FUTURE,COMMODITY_FUTURE,RR,粳米,TODO,DCE,大连商品交易所,CN,CNY,CHECK,CHECK,Y,Y,Y,TODO,吨,人民币元/吨,TODO,20190816,20270519,RR2203.DCE,粳米2203,Tushare,ExchangeOfficialWebsite,MIXED,2026-05-22,从 Tushare fut_basic 合约维度原始数据聚合到期货品种维度，待人工复核。
FUT_DCE_V,FUTURE,COMMODITY_FUTURE,V,PVC,TODO,DCE,大连商品交易所,CN,CNY,能源化工,PVC,Y,Y,Y,TODO,吨,人民币元/吨,TODO,20090525,20270519,V1603.DCE,PVC1603,Tushare,ExchangeOfficialWebsite,MIXED,2026-05-22,从 Tushare fut_basic 合约维度原始数据聚合到期货品种维度，待人工复核。
FUT_DCE_V_F,FUTURE,COMMODITY_FUTURE,V_F,PVC月均价F,TODO,DCE,大连商品交易所,CN,CNY,CHECK,CHECK,Y,Y,Y,TODO,吨,人民币元/吨,TODO,20251029,20261030,V2605F.DCE,PVC月均价2605F,Tushare,ExchangeOfficialWebsite,MIXED,2026-05-22,从 Tushare fut_basic 合约维度原始数据聚合到期货品种维度，待人工复核。
FUT_DCE_Y,FUTURE,COMMODITY_FUTURE,Y,豆油,TODO,DCE,大连商品交易所,CN,CNY,农产品,SOYBEAN_OIL,Y,Y,Y,TODO,吨,人民币元/吨,TODO,20060109,20270519,Y1508.DCE,豆油1508,Tushare,ExchangeOfficialWebsite,MIXED,2026-05-22,从 Tushare fut_basic 合约维度原始数据聚合到期货品种维度，待人工复核。
FUT_GFEX_LC,FUTURE,COMMODITY_FUTURE,LC,碳酸锂,TODO,GFEX,广州期货交易所,CN,CNY,新能源,LITHIUM_CARBONATE,Y,Y,Y,TODO,吨,人民币元/吨,TODO,20230721,20270519,LC2602.GFE,碳酸锂2602,Tushare,ExchangeOfficialWebsite,MIXED,2026-05-22,从 Tushare fut_basic 合约维度原始数据聚合到期货品种维度，待人工复核。
FUT_GFEX_PD,FUTURE,COMMODITY_FUTURE,PD,钯,TODO,GFEX,广州期货交易所,CN,CNY,CHECK,CHECK,Y,Y,Y,TODO,克,人民币元/克,TODO,20251127,20270416,PD2606.GFE,钯2606,Tushare,ExchangeOfficialWebsite,MIXED,2026-05-22,从 Tushare fut_basic 合约维度原始数据聚合到期货品种维度，待人工复核。
FUT_GFEX_PS,FUTURE,COMMODITY_FUTURE,PS,多晶硅,TODO,GFEX,广州期货交易所,CN,CNY,CHECK,CHECK,Y,Y,Y,TODO,吨,人民币元/吨,TODO,20241226,20270519,PS2704.GFE,多晶硅2704,Tushare,ExchangeOfficialWebsite,MIXED,2026-05-22,从 Tushare fut_basic 合约维度原始数据聚合到期货品种维度，待人工复核。
FUT_GFEX_PT,FUTURE,COMMODITY_FUTURE,PT,铂,TODO,GFEX,广州期货交易所,CN,CNY,CHECK,CHECK,Y,Y,Y,TODO,克,人民币元/克,TODO,20251127,20270416,PT2606.GFE,铂2606,Tushare,ExchangeOfficialWebsite,MIXED,2026-05-22,从 Tushare fut_basic 合约维度原始数据聚合到期货品种维度，待人工复核。
FUT_GFEX_SI,FUTURE,COMMODITY_FUTURE,SI,工业硅,TODO,GFEX,广州期货交易所,CN,CNY,新能源,INDUSTRIAL_SILICON,Y,Y,Y,TODO,吨,人民币元/吨,TODO,20221222,20270519,SI2506.GFE,工业硅2506,Tushare,ExchangeOfficialWebsite,MIXED,2026-05-22,从 Tushare fut_basic 合约维度原始数据聚合到期货品种维度，待人工复核。
FUT_INE_BC,FUTURE,COMMODITY_FUTURE,BC,国际铜,TODO,INE,上海国际能源交易中心,CN,CNY,有色金属,COPPER,Y,Y,Y,TODO,吨,人民币元/吨,TODO,20201119,20270517,BC2412.INE,国际铜2412,Tushare,ExchangeOfficialWebsite,MIXED,2026-05-22,从 Tushare fut_basic 合约维度原始数据聚合到期货品种维度，待人工复核。
FUT_INE_EC,FUTURE,COMMODITY_FUTURE,EC,集运指数(欧线),TODO,INE,上海国际能源交易中心,CN,CNY,CHECK,CHECK,Y,Y,Y,50,张,指数点,TODO,20230818,20270329,EC2703.INE,集运指数(欧线)2703,Tushare,ExchangeOfficialWebsite,MIXED,2026-05-22,从 Tushare fut_basic 合约维度原始数据聚合到期货品种维度，待人工复核。
FUT_INE_LU,FUTURE,COMMODITY_FUTURE,LU,低硫燃料油,TODO,INE,上海国际能源交易中心,CN,CNY,能源化工,LOW_SULFUR_FUEL_OIL,Y,Y,Y,TODO,吨,人民币元/吨,TODO,20200622,20270430,LU2203.INE,低硫燃料油2203,Tushare,ExchangeOfficialWebsite,MIXED,2026-05-22,从 Tushare fut_basic 合约维度原始数据聚合到期货品种维度，待人工复核。
FUT_INE_NR,FUTURE,COMMODITY_FUTURE,NR,号胶,TODO,INE,上海国际能源交易中心,CN,CNY,能源化工,NATURAL_RUBBER,Y,Y,Y,TODO,吨,人民币元/吨,TODO,20190812,20270517,NR2408.INE,20号胶2408,Tushare,ExchangeOfficialWebsite,MIXED,2026-05-22,从 Tushare fut_basic 合约维度原始数据聚合到期货品种维度，待人工复核。
FUT_INE_SC,FUTURE,COMMODITY_FUTURE,SC,原油,TODO,INE,上海国际能源交易中心,CN,CNY,能源化工,CRUDE_OIL,Y,Y,Y,TODO,桶,人民币元/桶,TODO,20180326,20290228,SC2508.INE,原油2508,Tushare,ExchangeOfficialWebsite,MIXED,2026-05-22,从 Tushare fut_basic 合约维度原始数据聚合到期货品种维度，待人工复核。
FUT_INE_SCTAS,FUTURE,COMMODITY_FUTURE,SCTAS,原油,TODO,INE,上海国际能源交易中心,CN,CNY,CHECK,CHECK,Y,Y,Y,TODO,桶,人民币元/桶,TODO,20200113,20260819,SCTAS2102.INE,原油2102TAS,Tushare,ExchangeOfficialWebsite,MIXED,2026-05-22,从 Tushare fut_basic 合约维度原始数据聚合到期货品种维度，待人工复核。
FUT_SHFE_AD,FUTURE,COMMODITY_FUTURE,AD,铸造铝合金,TODO,SHFE,上海期货交易所,CN,CNY,CHECK,CHECK,Y,Y,Y,TODO,吨,人民币元/吨,TODO,20250610,20270517,AD2703.SHF,铸造铝合金2703,Tushare,ExchangeOfficialWebsite,MIXED,2026-05-22,从 Tushare fut_basic 合约维度原始数据聚合到期货品种维度，待人工复核。
FUT_SHFE_AG,FUTURE,COMMODITY_FUTURE,AG,沪银,TODO,SHFE,上海期货交易所,CN,CNY,贵金属,SILVER,Y,Y,Y,TODO,千克,人民币元/千克,TODO,20120510,20270517,AG1608.SHF,沪银1608,Tushare,ExchangeOfficialWebsite,MIXED,2026-05-22,从 Tushare fut_basic 合约维度原始数据聚合到期货品种维度，待人工复核。
FUT_SHFE_AL,FUTURE,COMMODITY_FUTURE,AL,沪铝,TODO,SHFE,上海期货交易所,CN,CNY,有色金属,ALUMINUM,Y,Y,Y,TODO,吨,人民币元/吨,TODO,19950417,20270517,AL1405.SHF,沪铝1405,Tushare,ExchangeOfficialWebsite,MIXED,2026-05-22,从 Tushare fut_basic 合约维度原始数据聚合到期货品种维度，待人工复核。
FUT_SHFE_AO,FUTURE,COMMODITY_FUTURE,AO,氧化铝,TODO,SHFE,上海期货交易所,CN,CNY,CHECK,CHECK,Y,Y,Y,TODO,吨,人民币元/吨,TODO,20230619,20270517,AO2507.SHF,氧化铝2507,Tushare,ExchangeOfficialWebsite,MIXED,2026-05-22,从 Tushare fut_basic 合约维度原始数据聚合到期货品种维度，待人工复核。
FUT_SHFE_AU,FUTURE,COMMODITY_FUTURE,AU,沪金,TODO,SHFE,上海期货交易所,CN,CNY,贵金属,GOLD,Y,Y,Y,TODO,克,人民币元/克,TODO,20080109,20270615,AU1610.SHF,沪金1610,Tushare,ExchangeOfficialWebsite,MIXED,2026-05-22,从 Tushare fut_basic 合约维度原始数据聚合到期货品种维度，待人工复核。
FUT_SHFE_BR,FUTURE,COMMODITY_FUTURE,BR,丁二烯橡胶,TODO,SHFE,上海期货交易所,CN,CNY,CHECK,CHECK,Y,Y,Y,TODO,吨,人民币元/吨,TODO,20230728,20270517,BR2705.SHF,丁二烯橡胶2705,Tushare,ExchangeOfficialWebsite,MIXED,2026-05-22,从 Tushare fut_basic 合约维度原始数据聚合到期货品种维度，待人工复核。
FUT_SHFE_BU,FUTURE,COMMODITY_FUTURE,BU,沥青,TODO,SHFE,上海期货交易所,CN,CNY,能源化工,BITUMEN,Y,Y,Y,TODO,吨,人民币元/吨,TODO,20131009,20280315,BU1511.SHF,沥青1511,Tushare,ExchangeOfficialWebsite,MIXED,2026-05-22,从 Tushare fut_basic 合约维度原始数据聚合到期货品种维度，待人工复核。
FUT_SHFE_CU,FUTURE,COMMODITY_FUTURE,CU,沪铜,TODO,SHFE,上海期货交易所,CN,CNY,有色金属,COPPER,Y,Y,Y,TODO,吨,人民币元/吨,TODO,19950417,20270517,CU2404.SHF,沪铜2404,Tushare,ExchangeOfficialWebsite,MIXED,2026-05-22,从 Tushare fut_basic 合约维度原始数据聚合到期货品种维度，待人工复核。
FUT_SHFE_FU,FUTURE,COMMODITY_FUTURE,FU,燃油,TODO,SHFE,上海期货交易所,CN,CNY,能源化工,FUEL_OIL,Y,Y,Y,TODO,吨,人民币元/吨,TODO,20040825,20270430,FU1605.SHF,燃油1605,Tushare,ExchangeOfficialWebsite,MIXED,2026-05-22,从 Tushare fut_basic 合约维度原始数据聚合到期货品种维度，待人工复核。
FUT_SHFE_HC,FUTURE,COMMODITY_FUTURE,HC,热轧卷板,TODO,SHFE,上海期货交易所,CN,CNY,黑色系,HOT_ROLLED_COIL,Y,Y,Y,TODO,吨,人民币元/吨,TODO,20140321,20270517,HC1602.SHF,热轧卷板1602,Tushare,ExchangeOfficialWebsite,MIXED,2026-05-22,从 Tushare fut_basic 合约维度原始数据聚合到期货品种维度，待人工复核。
FUT_SHFE_NI,FUTURE,COMMODITY_FUTURE,NI,沪镍,TODO,SHFE,上海期货交易所,CN,CNY,有色金属,NICKEL,Y,Y,Y,TODO,吨,人民币元/吨,TODO,20150327,20270517,NI1612.SHF,沪镍1612,Tushare,ExchangeOfficialWebsite,MIXED,2026-05-22,从 Tushare fut_basic 合约维度原始数据聚合到期货品种维度，待人工复核。
FUT_SHFE_OP,FUTURE,COMMODITY_FUTURE,OP,双胶纸,TODO,SHFE,上海期货交易所,CN,CNY,CHECK,CHECK,Y,Y,Y,TODO,吨,人民币元/吨,TODO,20250910,20270517,OP2703.SHF,双胶纸2703,Tushare,ExchangeOfficialWebsite,MIXED,2026-05-22,从 Tushare fut_basic 合约维度原始数据聚合到期货品种维度，待人工复核。
FUT_SHFE_PB,FUTURE,COMMODITY_FUTURE,PB,沪铅,TODO,SHFE,上海期货交易所,CN,CNY,有色金属,LEAD,Y,Y,Y,TODO,吨,人民币元/吨,TODO,20110324,20270517,PB2506.SHF,沪铅2506,Tushare,ExchangeOfficialWebsite,MIXED,2026-05-22,从 Tushare fut_basic 合约维度原始数据聚合到期货品种维度，待人工复核。
FUT_SHFE_RB,FUTURE,COMMODITY_FUTURE,RB,螺纹钢,TODO,SHFE,上海期货交易所,CN,CNY,黑色系,REBAR,Y,Y,Y,TODO,吨,人民币元/吨,TODO,20090327,20270517,RB2701.SHF,螺纹钢2701,Tushare,ExchangeOfficialWebsite,MIXED,2026-05-22,从 Tushare fut_basic 合约维度原始数据聚合到期货品种维度，待人工复核。
FUT_SHFE_RU,FUTURE,COMMODITY_FUTURE,RU,橡胶,TODO,SHFE,上海期货交易所,CN,CNY,能源化工,NATURAL_RUBBER,Y,Y,Y,TODO,吨,人民币元/吨,TODO,19950516,20270517,RU9804.SHF,橡胶9804,Tushare,ExchangeOfficialWebsite,MIXED,2026-05-22,从 Tushare fut_basic 合约维度原始数据聚合到期货品种维度，待人工复核。
FUT_SHFE_SN,FUTURE,COMMODITY_FUTURE,SN,沪锡,TODO,SHFE,上海期货交易所,CN,CNY,有色金属,TIN,Y,Y,Y,TODO,吨,人民币元/吨,TODO,20150327,20270517,SN1807.SHF,沪锡1807,Tushare,ExchangeOfficialWebsite,MIXED,2026-05-22,从 Tushare fut_basic 合约维度原始数据聚合到期货品种维度，待人工复核。
FUT_SHFE_SP,FUTURE,COMMODITY_FUTURE,SP,纸浆,TODO,SHFE,上海期货交易所,CN,CNY,CHECK,CHECK,Y,Y,Y,TODO,吨,人民币元/吨,TODO,20181127,20270517,SP2612.SHF,纸浆2612,Tushare,ExchangeOfficialWebsite,MIXED,2026-05-22,从 Tushare fut_basic 合约维度原始数据聚合到期货品种维度，待人工复核。
FUT_SHFE_SS,FUTURE,COMMODITY_FUTURE,SS,不锈钢,TODO,SHFE,上海期货交易所,CN,CNY,黑色系,CHECK,Y,Y,Y,TODO,吨,人民币元/吨,TODO,20190925,20270517,SS2505.SHF,不锈钢2505,Tushare,ExchangeOfficialWebsite,MIXED,2026-05-22,从 Tushare fut_basic 合约维度原始数据聚合到期货品种维度，待人工复核。
FUT_SHFE_WR,FUTURE,COMMODITY_FUTURE,WR,线材,TODO,SHFE,上海期货交易所,CN,CNY,CHECK,CHECK,Y,Y,Y,TODO,吨,人民币元/吨,TODO,20090327,20270517,WR1807.SHF,线材1807,Tushare,ExchangeOfficialWebsite,MIXED,2026-05-22,从 Tushare fut_basic 合约维度原始数据聚合到期货品种维度，待人工复核。
FUT_SHFE_ZN,FUTURE,COMMODITY_FUTURE,ZN,沪锌,TODO,SHFE,上海期货交易所,CN,CNY,有色金属,ZINC,Y,Y,Y,TODO,吨,人民币元/吨,TODO,20070326,20270517,ZN2506.SHF,沪锌2506,Tushare,ExchangeOfficialWebsite,MIXED,2026-05-22,从 Tushare fut_basic 合约维度原始数据聚合到期货品种维度，待人工复核。
