mapping_id,future_asset_id,spot_asset_id,future_symbol,spot_symbol,future_name,spot_name,exchange_code,exchange_name,underlying_group,relation_type,strategy_type,mapping_role,tradable_check,direction_supported,price_source_needed,relation_desc_cn
SPOT_MAP_FUT_CZCE_AP_SPOT_CN_APPLE,FUT_CZCE_AP,SPOT_CN_APPLE,AP,APPLE,苹果,苹果现货,CZCE,郑州商品交易所,APPLE,FUTURE_SPOT,FUTURE_SPOT_BASIS,COMMODITY_SPOT,FUTURE_TRADABLE_SPOT_REFERENCE,LONG_SPOT_SHORT_FUTURE_OR_REVERSE_NEED_CASH_MARKET,Y,期货与对应商品现货之间的映射，可用于期现基差、仓单和现货价格联动分析。
SPOT_MAP_FUT_CZCE_CF_SPOT_CN_COTTON,FUT_CZCE_CF,SPOT_CN_COTTON,CF,COTTON,郑棉,棉花现货,CZCE,郑州商品交易所,COTTON,FUTURE_SPOT,FUTURE_SPOT_BASIS,COMMODITY_SPOT,FUTURE_TRADABLE_SPOT_REFERENCE,LONG_SPOT_SHORT_FUTURE_OR_REVERSE_NEED_CASH_MARKET,Y,期货与对应商品现货之间的映射，可用于期现基差、仓单和现货价格联动分析。
SPOT_MAP_FUT_CZCE_CJ_SPOT_CN_JUJUBE,FUT_CZCE_CJ,SPOT_CN_JUJUBE,CJ,JUJUBE,红枣,红枣现货,CZCE,郑州商品交易所,JUJUBE,FUTURE_SPOT,FUTURE_SPOT_BASIS,COMMODITY_SPOT,FUTURE_TRADABLE_SPOT_REFERENCE,LONG_SPOT_SHORT_FUTURE_OR_REVERSE_NEED_CASH_MARKET,Y,期货与对应商品现货之间的映射，可用于期现基差、仓单和现货价格联动分析。
SPOT_MAP_FUT_CZCE_CY_SPOT_CN_COTTON_YARN,FUT_CZCE_CY,SPOT_CN_COTTON_YARN,CY,COTTON_YARN,棉纱,棉纱现货,CZCE,郑州商品交易所,COTTON_YARN,FUTURE_SPOT,FUTURE_SPOT_BASIS,COMMODITY_SPOT,FUTURE_TRADABLE_SPOT_REFERENCE,LONG_SPOT_SHORT_FUTURE_OR_REVERSE_NEED_CASH_MARKET,Y,期货与对应商品现货之间的映射，可用于期现基差、仓单和现货价格联动分析。
SPOT_MAP_FUT_CZCE_ER_SPOT_CN_EARLY_INDICA_RICE,FUT_CZCE_ER,SPOT_CN_EARLY_INDICA_RICE,ER,EARLY_INDICA_RICE,早籼稻,早籼稻现货,CZCE,郑州商品交易所,EARLY_INDICA_RICE,FUTURE_SPOT,FUTURE_SPOT_BASIS,COMMODITY_SPOT,FUTURE_TRADABLE_SPOT_REFERENCE,LONG_SPOT_SHORT_FUTURE_OR_REVERSE_NEED_CASH_MARKET,Y,期货与对应商品现货之间的映射，可用于期现基差、仓单和现货价格联动分析。
SPOT_MAP_FUT_CZCE_FG_SPOT_CN_GLASS,FUT_CZCE_FG,SPOT_CN_GLASS,FG,GLASS,玻璃,玻璃现货,CZCE,郑州商品交易所,GLASS,FUTURE_SPOT,FUTURE_SPOT_BASIS,COMMODITY_SPOT,FUTURE_TRADABLE_SPOT_REFERENCE,LONG_SPOT_SHORT_FUTURE_OR_REVERSE_NEED_CASH_MARKET,Y,期货与对应商品现货之间的映射，可用于期现基差、仓单和现货价格联动分析。
SPOT_MAP_FUT_CZCE_JR_SPOT_CN_JAPONICA_RICE,FUT_CZCE_JR,SPOT_CN_JAPONICA_RICE,JR,JAPONICA_RICE,粳稻,粳米现货,CZCE,郑州商品交易所,JAPONICA_RICE,FUTURE_SPOT,FUTURE_SPOT_BASIS,COMMODITY_SPOT,FUTURE_TRADABLE_SPOT_REFERENCE,LONG_SPOT_SHORT_FUTURE_OR_REVERSE_NEED_CASH_MARKET,Y,期货与对应商品现货之间的映射，可用于期现基差、仓单和现货价格联动分析。
SPOT_MAP_FUT_CZCE_LR_SPOT_CN_LATE_INDICA_RICE,FUT_CZCE_LR,SPOT_CN_LATE_INDICA_RICE,LR,LATE_INDICA_RICE,晚籼稻,晚籼稻现货,CZCE,郑州商品交易所,LATE_INDICA_RICE,FUTURE_SPOT,FUTURE_SPOT_BASIS,COMMODITY_SPOT,FUTURE_TRADABLE_SPOT_REFERENCE,LONG_SPOT_SHORT_FUTURE_OR_REVERSE_NEED_CASH_MARKET,Y,期货与对应商品现货之间的映射，可用于期现基差、仓单和现货价格联动分析。
SPOT_MAP_FUT_CZCE_MA_SPOT_CN_METHANOL,FUT_CZCE_MA,SPOT_CN_METHANOL,MA,METHANOL,甲醇,甲醇现货,CZCE,郑州商品交易所,METHANOL,FUTURE_SPOT,FUTURE_SPOT_BASIS,COMMODITY_SPOT,FUTURE_TRADABLE_SPOT_REFERENCE,LONG_SPOT_SHORT_FUTURE_OR_REVERSE_NEED_CASH_MARKET,Y,期货与对应商品现货之间的映射，可用于期现基差、仓单和现货价格联动分析。
SPOT_MAP_FUT_CZCE_ME_SPOT_CN_METHANOL,FUT_CZCE_ME,SPOT_CN_METHANOL,ME,METHANOL,甲醇,甲醇现货,CZCE,郑州商品交易所,METHANOL,FUTURE_SPOT,FUTURE_SPOT_BASIS,COMMODITY_SPOT,FUTURE_TRADABLE_SPOT_REFERENCE,LONG_SPOT_SHORT_FUTURE_OR_REVERSE_NEED_CASH_MARKET,Y,期货与对应商品现货之间的映射，可用于期现基差、仓单和现货价格联动分析。
SPOT_MAP_FUT_CZCE_OI_SPOT_CN_RAPESEED_OIL,FUT_CZCE_OI,SPOT_CN_RAPESEED_OIL,OI,RAPESEED_OIL,菜油,菜籽油现货,CZCE,郑州商品交易所,RAPESEED_OIL,FUTURE_SPOT,FUTURE_SPOT_BASIS,COMMODITY_SPOT,FUTURE_TRADABLE_SPOT_REFERENCE,LONG_SPOT_SHORT_FUTURE_OR_REVERSE_NEED_CASH_MARKET,Y,期货与对应商品现货之间的映射，可用于期现基差、仓单和现货价格联动分析。
SPOT_MAP_FUT_CZCE_PF_SPOT_CN_POLYESTER_STAPLE_FIBER,FUT_CZCE_PF,SPOT_CN_POLYESTER_STAPLE_FIBER,PF,POLYESTER_STAPLE_FIBER,短纤,短纤现货,CZCE,郑州商品交易所,POLYESTER_STAPLE_FIBER,FUTURE_SPOT,FUTURE_SPOT_BASIS,COMMODITY_SPOT,FUTURE_TRADABLE_SPOT_REFERENCE,LONG_SPOT_SHORT_FUTURE_OR_REVERSE_NEED_CASH_MARKET,Y,期货与对应商品现货之间的映射，可用于期现基差、仓单和现货价格联动分析。
SPOT_MAP_FUT_CZCE_PK_SPOT_CN_PEANUT,FUT_CZCE_PK,SPOT_CN_PEANUT,PK,PEANUT,花生,花生现货,CZCE,郑州商品交易所,PEANUT,FUTURE_SPOT,FUTURE_SPOT_BASIS,COMMODITY_SPOT,FUTURE_TRADABLE_SPOT_REFERENCE,LONG_SPOT_SHORT_FUTURE_OR_REVERSE_NEED_CASH_MARKET,Y,期货与对应商品现货之间的映射，可用于期现基差、仓单和现货价格联动分析。
SPOT_MAP_FUT_CZCE_PL_SPOT_CN_PROPYLENE,FUT_CZCE_PL,SPOT_CN_PROPYLENE,PL,PROPYLENE,丙烯,丙烯现货,CZCE,郑州商品交易所,PROPYLENE,FUTURE_SPOT,FUTURE_SPOT_BASIS,COMMODITY_SPOT,FUTURE_TRADABLE_SPOT_REFERENCE,LONG_SPOT_SHORT_FUTURE_OR_REVERSE_NEED_CASH_MARKET,Y,期货与对应商品现货之间的映射，可用于期现基差、仓单和现货价格联动分析。
SPOT_MAP_FUT_CZCE_PM_SPOT_CN_COMMON_WHEAT,FUT_CZCE_PM,SPOT_CN_COMMON_WHEAT,PM,COMMON_WHEAT,普麦,普麦现货,CZCE,郑州商品交易所,COMMON_WHEAT,FUTURE_SPOT,FUTURE_SPOT_BASIS,COMMODITY_SPOT,FUTURE_TRADABLE_SPOT_REFERENCE,LONG_SPOT_SHORT_FUTURE_OR_REVERSE_NEED_CASH_MARKET,Y,期货与对应商品现货之间的映射，可用于期现基差、仓单和现货价格联动分析。
SPOT_MAP_FUT_CZCE_PR_SPOT_CN_BOTTLE_GRADE_PET,FUT_CZCE_PR,SPOT_CN_BOTTLE_GRADE_PET,PR,BOTTLE_GRADE_PET,瓶片,瓶片现货,CZCE,郑州商品交易所,BOTTLE_GRADE_PET,FUTURE_SPOT,FUTURE_SPOT_BASIS,COMMODITY_SPOT,FUTURE_TRADABLE_SPOT_REFERENCE,LONG_SPOT_SHORT_FUTURE_OR_REVERSE_NEED_CASH_MARKET,Y,期货与对应商品现货之间的映射，可用于期现基差、仓单和现货价格联动分析。
SPOT_MAP_FUT_CZCE_PX_SPOT_CN_PARAXYLENE,FUT_CZCE_PX,SPOT_CN_PARAXYLENE,PX,PARAXYLENE,对二甲苯,对二甲苯现货,CZCE,郑州商品交易所,PARAXYLENE,FUTURE_SPOT,FUTURE_SPOT_BASIS,COMMODITY_SPOT,FUTURE_TRADABLE_SPOT_REFERENCE,LONG_SPOT_SHORT_FUTURE_OR_REVERSE_NEED_CASH_MARKET,Y,期货与对应商品现货之间的映射，可用于期现基差、仓单和现货价格联动分析。
SPOT_MAP_FUT_CZCE_RI_SPOT_CN_EARLY_INDICA_RICE,FUT_CZCE_RI,SPOT_CN_EARLY_INDICA_RICE,RI,EARLY_INDICA_RICE,早籼稻,早籼稻现货,CZCE,郑州商品交易所,EARLY_INDICA_RICE,FUTURE_SPOT,FUTURE_SPOT_BASIS,COMMODITY_SPOT,FUTURE_TRADABLE_SPOT_REFERENCE,LONG_SPOT_SHORT_FUTURE_OR_REVERSE_NEED_CASH_MARKET,Y,期货与对应商品现货之间的映射，可用于期现基差、仓单和现货价格联动分析。
SPOT_MAP_FUT_CZCE_RM_SPOT_CN_RAPESEED_MEAL,FUT_CZCE_RM,SPOT_CN_RAPESEED_MEAL,RM,RAPESEED_MEAL,菜粕,菜粕现货,CZCE,郑州商品交易所,RAPESEED_MEAL,FUTURE_SPOT,FUTURE_SPOT_BASIS,COMMODITY_SPOT,FUTURE_TRADABLE_SPOT_REFERENCE,LONG_SPOT_SHORT_FUTURE_OR_REVERSE_NEED_CASH_MARKET,Y,期货与对应商品现货之间的映射，可用于期现基差、仓单和现货价格联动分析。
SPOT_MAP_FUT_CZCE_RO_SPOT_CN_RAPESEED_OIL,FUT_CZCE_RO,SPOT_CN_RAPESEED_OIL,RO,RAPESEED_OIL,菜油,菜籽油现货,CZCE,郑州商品交易所,RAPESEED_OIL,FUTURE_SPOT,FUTURE_SPOT_BASIS,COMMODITY_SPOT,FUTURE_TRADABLE_SPOT_REFERENCE,LONG_SPOT_SHORT_FUTURE_OR_REVERSE_NEED_CASH_MARKET,Y,期货与对应商品现货之间的映射，可用于期现基差、仓单和现货价格联动分析。
SPOT_MAP_FUT_CZCE_RS_SPOT_CN_RAPESEED,FUT_CZCE_RS,SPOT_CN_RAPESEED,RS,RAPESEED,菜籽,油菜籽现货,CZCE,郑州商品交易所,RAPESEED,FUTURE_SPOT,FUTURE_SPOT_BASIS,COMMODITY_SPOT,FUTURE_TRADABLE_SPOT_REFERENCE,LONG_SPOT_SHORT_FUTURE_OR_REVERSE_NEED_CASH_MARKET,Y,期货与对应商品现货之间的映射，可用于期现基差、仓单和现货价格联动分析。
SPOT_MAP_FUT_CZCE_SA_SPOT_CN_SODA_ASH,FUT_CZCE_SA,SPOT_CN_SODA_ASH,SA,SODA_ASH,纯碱,纯碱现货,CZCE,郑州商品交易所,SODA_ASH,FUTURE_SPOT,FUTURE_SPOT_BASIS,COMMODITY_SPOT,FUTURE_TRADABLE_SPOT_REFERENCE,LONG_SPOT_SHORT_FUTURE_OR_REVERSE_NEED_CASH_MARKET,Y,期货与对应商品现货之间的映射，可用于期现基差、仓单和现货价格联动分析。
SPOT_MAP_FUT_CZCE_SF_SPOT_CN_FERROSILICON,FUT_CZCE_SF,SPOT_CN_FERROSILICON,SF,FERROSILICON,硅铁,硅铁现货,CZCE,郑州商品交易所,FERROSILICON,FUTURE_SPOT,FUTURE_SPOT_BASIS,COMMODITY_SPOT,FUTURE_TRADABLE_SPOT_REFERENCE,LONG_SPOT_SHORT_FUTURE_OR_REVERSE_NEED_CASH_MARKET,Y,期货与对应商品现货之间的映射，可用于期现基差、仓单和现货价格联动分析。
SPOT_MAP_FUT_CZCE_SH_SPOT_CN_CAUSTIC_SODA,FUT_CZCE_SH,SPOT_CN_CAUSTIC_SODA,SH,CAUSTIC_SODA,烧碱,烧碱现货,CZCE,郑州商品交易所,CAUSTIC_SODA,FUTURE_SPOT,FUTURE_SPOT_BASIS,COMMODITY_SPOT,FUTURE_TRADABLE_SPOT_REFERENCE,LONG_SPOT_SHORT_FUTURE_OR_REVERSE_NEED_CASH_MARKET,Y,期货与对应商品现货之间的映射，可用于期现基差、仓单和现货价格联动分析。
SPOT_MAP_FUT_CZCE_SM_SPOT_CN_SILICOMANGANESE,FUT_CZCE_SM,SPOT_CN_SILICOMANGANESE,SM,SILICOMANGANESE,锰硅,锰硅现货,CZCE,郑州商品交易所,SILICOMANGANESE,FUTURE_SPOT,FUTURE_SPOT_BASIS,COMMODITY_SPOT,FUTURE_TRADABLE_SPOT_REFERENCE,LONG_SPOT_SHORT_FUTURE_OR_REVERSE_NEED_CASH_MARKET,Y,期货与对应商品现货之间的映射，可用于期现基差、仓单和现货价格联动分析。
SPOT_MAP_FUT_CZCE_SR_SPOT_CN_SUGAR,FUT_CZCE_SR,SPOT_CN_SUGAR,SR,SUGAR,白糖,白糖现货,CZCE,郑州商品交易所,SUGAR,FUTURE_SPOT,FUTURE_SPOT_BASIS,COMMODITY_SPOT,FUTURE_TRADABLE_SPOT_REFERENCE,LONG_SPOT_SHORT_FUTURE_OR_REVERSE_NEED_CASH_MARKET,Y,期货与对应商品现货之间的映射，可用于期现基差、仓单和现货价格联动分析。
SPOT_MAP_FUT_CZCE_TA_SPOT_CN_PTA,FUT_CZCE_TA,SPOT_CN_PTA,TA,PTA,PTA,PTA现货,CZCE,郑州商品交易所,PTA,FUTURE_SPOT,FUTURE_SPOT_BASIS,COMMODITY_SPOT,FUTURE_TRADABLE_SPOT_REFERENCE,LONG_SPOT_SHORT_FUTURE_OR_REVERSE_NEED_CASH_MARKET,Y,期货与对应商品现货之间的映射，可用于期现基差、仓单和现货价格联动分析。
SPOT_MAP_FUT_CZCE_TC_SPOT_CN_THERMAL_COAL,FUT_CZCE_TC,SPOT_CN_THERMAL_COAL,TC,THERMAL_COAL,动力煤,动力煤现货,CZCE,郑州商品交易所,THERMAL_COAL,FUTURE_SPOT,FUTURE_SPOT_BASIS,COMMODITY_SPOT,FUTURE_TRADABLE_SPOT_REFERENCE,LONG_SPOT_SHORT_FUTURE_OR_REVERSE_NEED_CASH_MARKET,Y,期货与对应商品现货之间的映射，可用于期现基差、仓单和现货价格联动分析。
SPOT_MAP_FUT_CZCE_UR_SPOT_CN_UREA,FUT_CZCE_UR,SPOT_CN_UREA,UR,UREA,尿素,尿素现货,CZCE,郑州商品交易所,UREA,FUTURE_SPOT,FUTURE_SPOT_BASIS,COMMODITY_SPOT,FUTURE_TRADABLE_SPOT_REFERENCE,LONG_SPOT_SHORT_FUTURE_OR_REVERSE_NEED_CASH_MARKET,Y,期货与对应商品现货之间的映射，可用于期现基差、仓单和现货价格联动分析。
SPOT_MAP_FUT_CZCE_WH_SPOT_CN_STRONG_WHEAT,FUT_CZCE_WH,SPOT_CN_STRONG_WHEAT,WH,STRONG_WHEAT,强麦,强麦现货,CZCE,郑州商品交易所,STRONG_WHEAT,FUTURE_SPOT,FUTURE_SPOT_BASIS,COMMODITY_SPOT,FUTURE_TRADABLE_SPOT_REFERENCE,LONG_SPOT_SHORT_FUTURE_OR_REVERSE_NEED_CASH_MARKET,Y,期货与对应商品现货之间的映射，可用于期现基差、仓单和现货价格联动分析。
SPOT_MAP_FUT_CZCE_WS_SPOT_CN_STRONG_WHEAT,FUT_CZCE_WS,SPOT_CN_STRONG_WHEAT,WS,STRONG_WHEAT,强麦,强麦现货,CZCE,郑州商品交易所,STRONG_WHEAT,FUTURE_SPOT,FUTURE_SPOT_BASIS,COMMODITY_SPOT,FUTURE_TRADABLE_SPOT_REFERENCE,LONG_SPOT_SHORT_FUTURE_OR_REVERSE_NEED_CASH_MARKET,Y,期货与对应商品现货之间的映射，可用于期现基差、仓单和现货价格联动分析。
SPOT_MAP_FUT_CZCE_WT_SPOT_CN_HARD_WHEAT,FUT_CZCE_WT,SPOT_CN_HARD_WHEAT,WT,HARD_WHEAT,硬麦,硬麦现货,CZCE,郑州商品交易所,HARD_WHEAT,FUTURE_SPOT,FUTURE_SPOT_BASIS,COMMODITY_SPOT,FUTURE_TRADABLE_SPOT_REFERENCE,LONG_SPOT_SHORT_FUTURE_OR_REVERSE_NEED_CASH_MARKET,Y,期货与对应商品现货之间的映射，可用于期现基差、仓单和现货价格联动分析。
SPOT_MAP_FUT_CZCE_ZC_SPOT_CN_THERMAL_COAL,FUT_CZCE_ZC,SPOT_CN_THERMAL_COAL,ZC,THERMAL_COAL,动力煤,动力煤现货,CZCE,郑州商品交易所,THERMAL_COAL,FUTURE_SPOT,FUTURE_SPOT_BASIS,COMMODITY_SPOT,FUTURE_TRADABLE_SPOT_REFERENCE,LONG_SPOT_SHORT_FUTURE_OR_REVERSE_NEED_CASH_MARKET,Y,期货与对应商品现货之间的映射，可用于期现基差、仓单和现货价格联动分析。
SPOT_MAP_FUT_DCE_A_SPOT_CN_SOYBEAN,FUT_DCE_A,SPOT_CN_SOYBEAN,A,SOYBEAN,豆一,大豆现货,DCE,大连商品交易所,SOYBEAN,FUTURE_SPOT,FUTURE_SPOT_BASIS,COMMODITY_SPOT,FUTURE_TRADABLE_SPOT_REFERENCE,LONG_SPOT_SHORT_FUTURE_OR_REVERSE_NEED_CASH_MARKET,Y,期货与对应商品现货之间的映射，可用于期现基差、仓单和现货价格联动分析。
SPOT_MAP_FUT_DCE_B_SPOT_CN_SOYBEAN,FUT_DCE_B,SPOT_CN_SOYBEAN,B,SOYBEAN,豆二,大豆现货,DCE,大连商品交易所,SOYBEAN,FUTURE_SPOT,FUTURE_SPOT_BASIS,COMMODITY_SPOT,FUTURE_TRADABLE_SPOT_REFERENCE,LONG_SPOT_SHORT_FUTURE_OR_REVERSE_NEED_CASH_MARKET,Y,期货与对应商品现货之间的映射，可用于期现基差、仓单和现货价格联动分析。
SPOT_MAP_FUT_DCE_BB_SPOT_CN_PLYWOOD,FUT_DCE_BB,SPOT_CN_PLYWOOD,BB,PLYWOOD,胶合板,胶合板现货,DCE,大连商品交易所,PLYWOOD,FUTURE_SPOT,FUTURE_SPOT_BASIS,COMMODITY_SPOT,FUTURE_TRADABLE_SPOT_REFERENCE,LONG_SPOT_SHORT_FUTURE_OR_REVERSE_NEED_CASH_MARKET,Y,期货与对应商品现货之间的映射，可用于期现基差、仓单和现货价格联动分析。
SPOT_MAP_FUT_DCE_BZ_SPOT_CN_BENZENE,FUT_DCE_BZ,SPOT_CN_BENZENE,BZ,BENZENE,纯苯,纯苯现货,DCE,大连商品交易所,BENZENE,FUTURE_SPOT,FUTURE_SPOT_BASIS,COMMODITY_SPOT,FUTURE_TRADABLE_SPOT_REFERENCE,LONG_SPOT_SHORT_FUTURE_OR_REVERSE_NEED_CASH_MARKET,Y,期货与对应商品现货之间的映射，可用于期现基差、仓单和现货价格联动分析。
SPOT_MAP_FUT_DCE_C_SPOT_CN_CORN,FUT_DCE_C,SPOT_CN_CORN,C,CORN,玉米,玉米现货,DCE,大连商品交易所,CORN,FUTURE_SPOT,FUTURE_SPOT_BASIS,COMMODITY_SPOT,FUTURE_TRADABLE_SPOT_REFERENCE,LONG_SPOT_SHORT_FUTURE_OR_REVERSE_NEED_CASH_MARKET,Y,期货与对应商品现货之间的映射，可用于期现基差、仓单和现货价格联动分析。
SPOT_MAP_FUT_DCE_CS_SPOT_CN_CORN_STARCH,FUT_DCE_CS,SPOT_CN_CORN_STARCH,CS,CORN_STARCH,玉米淀粉,玉米淀粉现货,DCE,大连商品交易所,CORN_STARCH,FUTURE_SPOT,FUTURE_SPOT_BASIS,COMMODITY_SPOT,FUTURE_TRADABLE_SPOT_REFERENCE,LONG_SPOT_SHORT_FUTURE_OR_REVERSE_NEED_CASH_MARKET,Y,期货与对应商品现货之间的映射，可用于期现基差、仓单和现货价格联动分析。
SPOT_MAP_FUT_DCE_EB_SPOT_CN_STYRENE,FUT_DCE_EB,SPOT_CN_STYRENE,EB,STYRENE,苯乙烯,苯乙烯现货,DCE,大连商品交易所,STYRENE,FUTURE_SPOT,FUTURE_SPOT_BASIS,COMMODITY_SPOT,FUTURE_TRADABLE_SPOT_REFERENCE,LONG_SPOT_SHORT_FUTURE_OR_REVERSE_NEED_CASH_MARKET,Y,期货与对应商品现货之间的映射，可用于期现基差、仓单和现货价格联动分析。
SPOT_MAP_FUT_DCE_EG_SPOT_CN_ETHYLENE_GLYCOL,FUT_DCE_EG,SPOT_CN_ETHYLENE_GLYCOL,EG,ETHYLENE_GLYCOL,乙二醇,乙二醇现货,DCE,大连商品交易所,ETHYLENE_GLYCOL,FUTURE_SPOT,FUTURE_SPOT_BASIS,COMMODITY_SPOT,FUTURE_TRADABLE_SPOT_REFERENCE,LONG_SPOT_SHORT_FUTURE_OR_REVERSE_NEED_CASH_MARKET,Y,期货与对应商品现货之间的映射，可用于期现基差、仓单和现货价格联动分析。
SPOT_MAP_FUT_DCE_FB_SPOT_CN_FIBERBOARD,FUT_DCE_FB,SPOT_CN_FIBERBOARD,FB,FIBERBOARD,纤维板,纤维板现货,DCE,大连商品交易所,FIBERBOARD,FUTURE_SPOT,FUTURE_SPOT_BASIS,COMMODITY_SPOT,FUTURE_TRADABLE_SPOT_REFERENCE,LONG_SPOT_SHORT_FUTURE_OR_REVERSE_NEED_CASH_MARKET,Y,期货与对应商品现货之间的映射，可用于期现基差、仓单和现货价格联动分析。
SPOT_MAP_FUT_DCE_I_SPOT_CN_IRON_ORE,FUT_DCE_I,SPOT_CN_IRON_ORE,I,IRON_ORE,铁矿石,铁矿石现货,DCE,大连商品交易所,IRON_ORE,FUTURE_SPOT,FUTURE_SPOT_BASIS,COMMODITY_SPOT,FUTURE_TRADABLE_SPOT_REFERENCE,LONG_SPOT_SHORT_FUTURE_OR_REVERSE_NEED_CASH_MARKET,Y,期货与对应商品现货之间的映射，可用于期现基差、仓单和现货价格联动分析。
SPOT_MAP_FUT_DCE_J_SPOT_CN_COKE,FUT_DCE_J,SPOT_CN_COKE,J,COKE,焦炭,焦炭现货,DCE,大连商品交易所,COKE,FUTURE_SPOT,FUTURE_SPOT_BASIS,COMMODITY_SPOT,FUTURE_TRADABLE_SPOT_REFERENCE,LONG_SPOT_SHORT_FUTURE_OR_REVERSE_NEED_CASH_MARKET,Y,期货与对应商品现货之间的映射，可用于期现基差、仓单和现货价格联动分析。
SPOT_MAP_FUT_DCE_JD_SPOT_CN_EGG,FUT_DCE_JD,SPOT_CN_EGG,JD,EGG,鸡蛋,鸡蛋现货,DCE,大连商品交易所,EGG,FUTURE_SPOT,FUTURE_SPOT_BASIS,COMMODITY_SPOT,FUTURE_TRADABLE_SPOT_REFERENCE,LONG_SPOT_SHORT_FUTURE_OR_REVERSE_NEED_CASH_MARKET,Y,期货与对应商品现货之间的映射，可用于期现基差、仓单和现货价格联动分析。
SPOT_MAP_FUT_DCE_JM_SPOT_CN_COKING_COAL,FUT_DCE_JM,SPOT_CN_COKING_COAL,JM,COKING_COAL,焦煤,焦煤现货,DCE,大连商品交易所,COKING_COAL,FUTURE_SPOT,FUTURE_SPOT_BASIS,COMMODITY_SPOT,FUTURE_TRADABLE_SPOT_REFERENCE,LONG_SPOT_SHORT_FUTURE_OR_REVERSE_NEED_CASH_MARKET,Y,期货与对应商品现货之间的映射，可用于期现基差、仓单和现货价格联动分析。
SPOT_MAP_FUT_DCE_L_SPOT_CN_LLDPE,FUT_DCE_L,SPOT_CN_LLDPE,L,LLDPE,塑料,线性低密度聚乙烯现货,DCE,大连商品交易所,LLDPE,FUTURE_SPOT,FUTURE_SPOT_BASIS,COMMODITY_SPOT,FUTURE_TRADABLE_SPOT_REFERENCE,LONG_SPOT_SHORT_FUTURE_OR_REVERSE_NEED_CASH_MARKET,Y,期货与对应商品现货之间的映射，可用于期现基差、仓单和现货价格联动分析。
SPOT_MAP_FUT_DCE_LG_SPOT_CN_LOG,FUT_DCE_LG,SPOT_CN_LOG,LG,LOG,原木,原木现货,DCE,大连商品交易所,LOG,FUTURE_SPOT,FUTURE_SPOT_BASIS,COMMODITY_SPOT,FUTURE_TRADABLE_SPOT_REFERENCE,LONG_SPOT_SHORT_FUTURE_OR_REVERSE_NEED_CASH_MARKET,Y,期货与对应商品现货之间的映射，可用于期现基差、仓单和现货价格联动分析。
SPOT_MAP_FUT_DCE_LH_SPOT_CN_LIVE_HOG,FUT_DCE_LH,SPOT_CN_LIVE_HOG,LH,LIVE_HOG,生猪,生猪现货,DCE,大连商品交易所,LIVE_HOG,FUTURE_SPOT,FUTURE_SPOT_BASIS,COMMODITY_SPOT,FUTURE_TRADABLE_SPOT_REFERENCE,LONG_SPOT_SHORT_FUTURE_OR_REVERSE_NEED_CASH_MARKET,Y,期货与对应商品现货之间的映射，可用于期现基差、仓单和现货价格联动分析。
SPOT_MAP_FUT_DCE_L_F_SPOT_CN_LLDPE,FUT_DCE_L_F,SPOT_CN_LLDPE,L_F,LLDPE,塑料月均价F,线性低密度聚乙烯现货,DCE,大连商品交易所,LLDPE,FUTURE_SPOT,FUTURE_SPOT_BASIS,COMMODITY_SPOT,FUTURE_TRADABLE_SPOT_REFERENCE,LONG_SPOT_SHORT_FUTURE_OR_REVERSE_NEED_CASH_MARKET,Y,期货与对应商品现货之间的映射，可用于期现基差、仓单和现货价格联动分析。
SPOT_MAP_FUT_DCE_M_SPOT_CN_SOYBEAN_MEAL,FUT_DCE_M,SPOT_CN_SOYBEAN_MEAL,M,SOYBEAN_MEAL,豆粕,豆粕现货,DCE,大连商品交易所,SOYBEAN_MEAL,FUTURE_SPOT,FUTURE_SPOT_BASIS,COMMODITY_SPOT,FUTURE_TRADABLE_SPOT_REFERENCE,LONG_SPOT_SHORT_FUTURE_OR_REVERSE_NEED_CASH_MARKET,Y,期货与对应商品现货之间的映射，可用于期现基差、仓单和现货价格联动分析。
SPOT_MAP_FUT_DCE_P_SPOT_CN_PALM_OIL,FUT_DCE_P,SPOT_CN_PALM_OIL,P,PALM_OIL,棕榈油,棕榈油现货,DCE,大连商品交易所,PALM_OIL,FUTURE_SPOT,FUTURE_SPOT_BASIS,COMMODITY_SPOT,FUTURE_TRADABLE_SPOT_REFERENCE,LONG_SPOT_SHORT_FUTURE_OR_REVERSE_NEED_CASH_MARKET,Y,期货与对应商品现货之间的映射，可用于期现基差、仓单和现货价格联动分析。
SPOT_MAP_FUT_DCE_PG_SPOT_CN_LPG,FUT_DCE_PG,SPOT_CN_LPG,PG,LPG,LPG,LPG现货,DCE,大连商品交易所,LPG,FUTURE_SPOT,FUTURE_SPOT_BASIS,COMMODITY_SPOT,FUTURE_TRADABLE_SPOT_REFERENCE,LONG_SPOT_SHORT_FUTURE_OR_REVERSE_NEED_CASH_MARKET,Y,期货与对应商品现货之间的映射，可用于期现基差、仓单和现货价格联动分析。
SPOT_MAP_FUT_DCE_PP_SPOT_CN_POLYPROPYLENE,FUT_DCE_PP,SPOT_CN_POLYPROPYLENE,PP,POLYPROPYLENE,聚丙烯,聚丙烯现货,DCE,大连商品交易所,POLYPROPYLENE,FUTURE_SPOT,FUTURE_SPOT_BASIS,COMMODITY_SPOT,FUTURE_TRADABLE_SPOT_REFERENCE,LONG_SPOT_SHORT_FUTURE_OR_REVERSE_NEED_CASH_MARKET,Y,期货与对应商品现货之间的映射，可用于期现基差、仓单和现货价格联动分析。
SPOT_MAP_FUT_DCE_PP_F_SPOT_CN_POLYPROPYLENE,FUT_DCE_PP_F,SPOT_CN_POLYPROPYLENE,PP_F,POLYPROPYLENE,聚丙烯月均价F,聚丙烯现货,DCE,大连商品交易所,POLYPROPYLENE,FUTURE_SPOT,FUTURE_SPOT_BASIS,COMMODITY_SPOT,FUTURE_TRADABLE_SPOT_REFERENCE,LONG_SPOT_SHORT_FUTURE_OR_REVERSE_NEED_CASH_MARKET,Y,期货与对应商品现货之间的映射，可用于期现基差、仓单和现货价格联动分析。
SPOT_MAP_FUT_DCE_RR_SPOT_CN_JAPONICA_RICE,FUT_DCE_RR,SPOT_CN_JAPONICA_RICE,RR,JAPONICA_RICE,粳米,粳米现货,DCE,大连商品交易所,JAPONICA_RICE,FUTURE_SPOT,FUTURE_SPOT_BASIS,COMMODITY_SPOT,FUTURE_TRADABLE_SPOT_REFERENCE,LONG_SPOT_SHORT_FUTURE_OR_REVERSE_NEED_CASH_MARKET,Y,期货与对应商品现货之间的映射，可用于期现基差、仓单和现货价格联动分析。
SPOT_MAP_FUT_DCE_V_SPOT_CN_PVC,FUT_DCE_V,SPOT_CN_PVC,V,PVC,PVC,PVC现货,DCE,大连商品交易所,PVC,FUTURE_SPOT,FUTURE_SPOT_BASIS,COMMODITY_SPOT,FUTURE_TRADABLE_SPOT_REFERENCE,LONG_SPOT_SHORT_FUTURE_OR_REVERSE_NEED_CASH_MARKET,Y,期货与对应商品现货之间的映射，可用于期现基差、仓单和现货价格联动分析。
SPOT_MAP_FUT_DCE_V_F_SPOT_CN_PVC,FUT_DCE_V_F,SPOT_CN_PVC,V_F,PVC,PVC月均价F,PVC现货,DCE,大连商品交易所,PVC,FUTURE_SPOT,FUTURE_SPOT_BASIS,COMMODITY_SPOT,FUTURE_TRADABLE_SPOT_REFERENCE,LONG_SPOT_SHORT_FUTURE_OR_REVERSE_NEED_CASH_MARKET,Y,期货与对应商品现货之间的映射，可用于期现基差、仓单和现货价格联动分析。
SPOT_MAP_FUT_DCE_Y_SPOT_CN_SOYBEAN_OIL,FUT_DCE_Y,SPOT_CN_SOYBEAN_OIL,Y,SOYBEAN_OIL,豆油,豆油现货,DCE,大连商品交易所,SOYBEAN_OIL,FUTURE_SPOT,FUTURE_SPOT_BASIS,COMMODITY_SPOT,FUTURE_TRADABLE_SPOT_REFERENCE,LONG_SPOT_SHORT_FUTURE_OR_REVERSE_NEED_CASH_MARKET,Y,期货与对应商品现货之间的映射，可用于期现基差、仓单和现货价格联动分析。
SPOT_MAP_FUT_GFEX_LC_SPOT_CN_LITHIUM_CARBONATE,FUT_GFEX_LC,SPOT_CN_LITHIUM_CARBONATE,LC,LITHIUM_CARBONATE,碳酸锂,碳酸锂现货,GFEX,广州期货交易所,LITHIUM_CARBONATE,FUTURE_SPOT,FUTURE_SPOT_BASIS,COMMODITY_SPOT,FUTURE_TRADABLE_SPOT_REFERENCE,LONG_SPOT_SHORT_FUTURE_OR_REVERSE_NEED_CASH_MARKET,Y,期货与对应商品现货之间的映射，可用于期现基差、仓单和现货价格联动分析。
SPOT_MAP_FUT_GFEX_PD_SPOT_CN_PALLADIUM,FUT_GFEX_PD,SPOT_CN_PALLADIUM,PD,PALLADIUM,钯,钯现货,GFEX,广州期货交易所,PALLADIUM,FUTURE_SPOT,FUTURE_SPOT_BASIS,COMMODITY_SPOT,FUTURE_TRADABLE_SPOT_REFERENCE,LONG_SPOT_SHORT_FUTURE_OR_REVERSE_NEED_CASH_MARKET,Y,期货与对应商品现货之间的映射，可用于期现基差、仓单和现货价格联动分析。
SPOT_MAP_FUT_GFEX_PS_SPOT_CN_POLYSILICON,FUT_GFEX_PS,SPOT_CN_POLYSILICON,PS,POLYSILICON,多晶硅,多晶硅现货,GFEX,广州期货交易所,POLYSILICON,FUTURE_SPOT,FUTURE_SPOT_BASIS,COMMODITY_SPOT,FUTURE_TRADABLE_SPOT_REFERENCE,LONG_SPOT_SHORT_FUTURE_OR_REVERSE_NEED_CASH_MARKET,Y,期货与对应商品现货之间的映射，可用于期现基差、仓单和现货价格联动分析。
SPOT_MAP_FUT_GFEX_PT_SPOT_CN_PLATINUM,FUT_GFEX_PT,SPOT_CN_PLATINUM,PT,PLATINUM,铂,铂现货,GFEX,广州期货交易所,PLATINUM,FUTURE_SPOT,FUTURE_SPOT_BASIS,COMMODITY_SPOT,FUTURE_TRADABLE_SPOT_REFERENCE,LONG_SPOT_SHORT_FUTURE_OR_REVERSE_NEED_CASH_MARKET,Y,期货与对应商品现货之间的映射，可用于期现基差、仓单和现货价格联动分析。
SPOT_MAP_FUT_GFEX_SI_SPOT_CN_INDUSTRIAL_SILICON,FUT_GFEX_SI,SPOT_CN_INDUSTRIAL_SILICON,SI,INDUSTRIAL_SILICON,工业硅,工业硅现货,GFEX,广州期货交易所,INDUSTRIAL_SILICON,FUTURE_SPOT,FUTURE_SPOT_BASIS,COMMODITY_SPOT,FUTURE_TRADABLE_SPOT_REFERENCE,LONG_SPOT_SHORT_FUTURE_OR_REVERSE_NEED_CASH_MARKET,Y,期货与对应商品现货之间的映射，可用于期现基差、仓单和现货价格联动分析。
SPOT_MAP_FUT_INE_BC_SPOT_CN_COPPER,FUT_INE_BC,SPOT_CN_COPPER,BC,COPPER,国际铜,铜现货,INE,上海国际能源交易中心,COPPER,FUTURE_SPOT,FUTURE_SPOT_BASIS,COMMODITY_SPOT,FUTURE_TRADABLE_SPOT_REFERENCE,LONG_SPOT_SHORT_FUTURE_OR_REVERSE_NEED_CASH_MARKET,Y,期货与对应商品现货之间的映射，可用于期现基差、仓单和现货价格联动分析。
SPOT_MAP_FUT_INE_EC_SPOT_CN_CONTAINER_SHIPPING_INDEX_EUROPE,FUT_INE_EC,SPOT_CN_CONTAINER_SHIPPING_INDEX_EUROPE,EC,CONTAINER_SHIPPING_INDEX_EUROPE,集运指数(欧线),集运欧线现货参考,INE,上海国际能源交易中心,CONTAINER_SHIPPING_INDEX_EUROPE,FUTURE_SPOT,FUTURE_SPOT_BASIS,COMMODITY_SPOT,FUTURE_TRADABLE_SPOT_REFERENCE,LONG_SPOT_SHORT_FUTURE_OR_REVERSE_NEED_CASH_MARKET,Y,期货与对应商品现货之间的映射，可用于期现基差、仓单和现货价格联动分析。
SPOT_MAP_FUT_INE_LU_SPOT_CN_LOW_SULFUR_FUEL_OIL,FUT_INE_LU,SPOT_CN_LOW_SULFUR_FUEL_OIL,LU,LOW_SULFUR_FUEL_OIL,低硫燃料油,低硫燃料油现货,INE,上海国际能源交易中心,LOW_SULFUR_FUEL_OIL,FUTURE_SPOT,FUTURE_SPOT_BASIS,COMMODITY_SPOT,FUTURE_TRADABLE_SPOT_REFERENCE,LONG_SPOT_SHORT_FUTURE_OR_REVERSE_NEED_CASH_MARKET,Y,期货与对应商品现货之间的映射，可用于期现基差、仓单和现货价格联动分析。
SPOT_MAP_FUT_INE_NR_SPOT_CN_NATURAL_RUBBER,FUT_INE_NR,SPOT_CN_NATURAL_RUBBER,NR,NATURAL_RUBBER,号胶,NATURAL_RUBBER现货,INE,上海国际能源交易中心,NATURAL_RUBBER,FUTURE_SPOT,FUTURE_SPOT_BASIS,COMMODITY_SPOT,FUTURE_TRADABLE_SPOT_REFERENCE,LONG_SPOT_SHORT_FUTURE_OR_REVERSE_NEED_CASH_MARKET,Y,期货与对应商品现货之间的映射，可用于期现基差、仓单和现货价格联动分析。
SPOT_MAP_FUT_INE_SC_SPOT_CN_CRUDE_OIL,FUT_INE_SC,SPOT_CN_CRUDE_OIL,SC,CRUDE_OIL,原油,原油现货,INE,上海国际能源交易中心,CRUDE_OIL,FUTURE_SPOT,FUTURE_SPOT_BASIS,COMMODITY_SPOT,FUTURE_TRADABLE_SPOT_REFERENCE,LONG_SPOT_SHORT_FUTURE_OR_REVERSE_NEED_CASH_MARKET,Y,期货与对应商品现货之间的映射，可用于期现基差、仓单和现货价格联动分析。
SPOT_MAP_FUT_INE_SCTAS_SPOT_CN_CRUDE_OIL,FUT_INE_SCTAS,SPOT_CN_CRUDE_OIL,SCTAS,CRUDE_OIL,原油,原油现货,INE,上海国际能源交易中心,CRUDE_OIL,FUTURE_SPOT,FUTURE_SPOT_BASIS,COMMODITY_SPOT,FUTURE_TRADABLE_SPOT_REFERENCE,LONG_SPOT_SHORT_FUTURE_OR_REVERSE_NEED_CASH_MARKET,Y,期货与对应商品现货之间的映射，可用于期现基差、仓单和现货价格联动分析。
SPOT_MAP_FUT_SHFE_AD_SPOT_CN_CAST_ALUMINUM_ALLOY,FUT_SHFE_AD,SPOT_CN_CAST_ALUMINUM_ALLOY,AD,CAST_ALUMINUM_ALLOY,铸造铝合金,铸造铝合金现货,SHFE,上海期货交易所,CAST_ALUMINUM_ALLOY,FUTURE_SPOT,FUTURE_SPOT_BASIS,COMMODITY_SPOT,FUTURE_TRADABLE_SPOT_REFERENCE,LONG_SPOT_SHORT_FUTURE_OR_REVERSE_NEED_CASH_MARKET,Y,期货与对应商品现货之间的映射，可用于期现基差、仓单和现货价格联动分析。
SPOT_MAP_FUT_SHFE_AG_SPOT_CN_SILVER,FUT_SHFE_AG,SPOT_CN_SILVER,AG,SILVER,沪银,白银现货,SHFE,上海期货交易所,SILVER,FUTURE_SPOT,FUTURE_SPOT_BASIS,COMMODITY_SPOT,FUTURE_TRADABLE_SPOT_REFERENCE,LONG_SPOT_SHORT_FUTURE_OR_REVERSE_NEED_CASH_MARKET,Y,期货与对应商品现货之间的映射，可用于期现基差、仓单和现货价格联动分析。
SPOT_MAP_FUT_SHFE_AL_SPOT_CN_ALUMINUM,FUT_SHFE_AL,SPOT_CN_ALUMINUM,AL,ALUMINUM,沪铝,铝现货,SHFE,上海期货交易所,ALUMINUM,FUTURE_SPOT,FUTURE_SPOT_BASIS,COMMODITY_SPOT,FUTURE_TRADABLE_SPOT_REFERENCE,LONG_SPOT_SHORT_FUTURE_OR_REVERSE_NEED_CASH_MARKET,Y,期货与对应商品现货之间的映射，可用于期现基差、仓单和现货价格联动分析。
SPOT_MAP_FUT_SHFE_AO_SPOT_CN_ALUMINA,FUT_SHFE_AO,SPOT_CN_ALUMINA,AO,ALUMINA,氧化铝,氧化铝现货,SHFE,上海期货交易所,ALUMINA,FUTURE_SPOT,FUTURE_SPOT_BASIS,COMMODITY_SPOT,FUTURE_TRADABLE_SPOT_REFERENCE,LONG_SPOT_SHORT_FUTURE_OR_REVERSE_NEED_CASH_MARKET,Y,期货与对应商品现货之间的映射，可用于期现基差、仓单和现货价格联动分析。
SPOT_MAP_FUT_SHFE_AU_SPOT_CN_GOLD,FUT_SHFE_AU,SPOT_CN_GOLD,AU,GOLD,沪金,黄金现货,SHFE,上海期货交易所,GOLD,FUTURE_SPOT,FUTURE_SPOT_BASIS,COMMODITY_SPOT,FUTURE_TRADABLE_SPOT_REFERENCE,LONG_SPOT_SHORT_FUTURE_OR_REVERSE_NEED_CASH_MARKET,Y,期货与对应商品现货之间的映射，可用于期现基差、仓单和现货价格联动分析。
SPOT_MAP_FUT_SHFE_BR_SPOT_CN_BUTADIENE_RUBBER,FUT_SHFE_BR,SPOT_CN_BUTADIENE_RUBBER,BR,BUTADIENE_RUBBER,丁二烯橡胶,丁二烯橡胶现货,SHFE,上海期货交易所,BUTADIENE_RUBBER,FUTURE_SPOT,FUTURE_SPOT_BASIS,COMMODITY_SPOT,FUTURE_TRADABLE_SPOT_REFERENCE,LONG_SPOT_SHORT_FUTURE_OR_REVERSE_NEED_CASH_MARKET,Y,期货与对应商品现货之间的映射，可用于期现基差、仓单和现货价格联动分析。
SPOT_MAP_FUT_SHFE_BU_SPOT_CN_BITUMEN,FUT_SHFE_BU,SPOT_CN_BITUMEN,BU,BITUMEN,沥青,沥青现货,SHFE,上海期货交易所,BITUMEN,FUTURE_SPOT,FUTURE_SPOT_BASIS,COMMODITY_SPOT,FUTURE_TRADABLE_SPOT_REFERENCE,LONG_SPOT_SHORT_FUTURE_OR_REVERSE_NEED_CASH_MARKET,Y,期货与对应商品现货之间的映射，可用于期现基差、仓单和现货价格联动分析。
SPOT_MAP_FUT_SHFE_CU_SPOT_CN_COPPER,FUT_SHFE_CU,SPOT_CN_COPPER,CU,COPPER,沪铜,铜现货,SHFE,上海期货交易所,COPPER,FUTURE_SPOT,FUTURE_SPOT_BASIS,COMMODITY_SPOT,FUTURE_TRADABLE_SPOT_REFERENCE,LONG_SPOT_SHORT_FUTURE_OR_REVERSE_NEED_CASH_MARKET,Y,期货与对应商品现货之间的映射，可用于期现基差、仓单和现货价格联动分析。
SPOT_MAP_FUT_SHFE_FU_SPOT_CN_FUEL_OIL,FUT_SHFE_FU,SPOT_CN_FUEL_OIL,FU,FUEL_OIL,燃油,燃料油现货,SHFE,上海期货交易所,FUEL_OIL,FUTURE_SPOT,FUTURE_SPOT_BASIS,COMMODITY_SPOT,FUTURE_TRADABLE_SPOT_REFERENCE,LONG_SPOT_SHORT_FUTURE_OR_REVERSE_NEED_CASH_MARKET,Y,期货与对应商品现货之间的映射，可用于期现基差、仓单和现货价格联动分析。
SPOT_MAP_FUT_SHFE_HC_SPOT_CN_HOT_ROLLED_COIL,FUT_SHFE_HC,SPOT_CN_HOT_ROLLED_COIL,HC,HOT_ROLLED_COIL,热轧卷板,热轧卷板现货,SHFE,上海期货交易所,HOT_ROLLED_COIL,FUTURE_SPOT,FUTURE_SPOT_BASIS,COMMODITY_SPOT,FUTURE_TRADABLE_SPOT_REFERENCE,LONG_SPOT_SHORT_FUTURE_OR_REVERSE_NEED_CASH_MARKET,Y,期货与对应商品现货之间的映射，可用于期现基差、仓单和现货价格联动分析。
SPOT_MAP_FUT_SHFE_NI_SPOT_CN_NICKEL,FUT_SHFE_NI,SPOT_CN_NICKEL,NI,NICKEL,沪镍,镍现货,SHFE,上海期货交易所,NICKEL,FUTURE_SPOT,FUTURE_SPOT_BASIS,COMMODITY_SPOT,FUTURE_TRADABLE_SPOT_REFERENCE,LONG_SPOT_SHORT_FUTURE_OR_REVERSE_NEED_CASH_MARKET,Y,期货与对应商品现货之间的映射，可用于期现基差、仓单和现货价格联动分析。
SPOT_MAP_FUT_SHFE_OP_SPOT_CN_OFFSET_PAPER,FUT_SHFE_OP,SPOT_CN_OFFSET_PAPER,OP,OFFSET_PAPER,双胶纸,胶版印刷纸现货,SHFE,上海期货交易所,OFFSET_PAPER,FUTURE_SPOT,FUTURE_SPOT_BASIS,COMMODITY_SPOT,FUTURE_TRADABLE_SPOT_REFERENCE,LONG_SPOT_SHORT_FUTURE_OR_REVERSE_NEED_CASH_MARKET,Y,期货与对应商品现货之间的映射，可用于期现基差、仓单和现货价格联动分析。
SPOT_MAP_FUT_SHFE_PB_SPOT_CN_LEAD,FUT_SHFE_PB,SPOT_CN_LEAD,PB,LEAD,沪铅,铅现货,SHFE,上海期货交易所,LEAD,FUTURE_SPOT,FUTURE_SPOT_BASIS,COMMODITY_SPOT,FUTURE_TRADABLE_SPOT_REFERENCE,LONG_SPOT_SHORT_FUTURE_OR_REVERSE_NEED_CASH_MARKET,Y,期货与对应商品现货之间的映射，可用于期现基差、仓单和现货价格联动分析。
SPOT_MAP_FUT_SHFE_RB_SPOT_CN_REBAR,FUT_SHFE_RB,SPOT_CN_REBAR,RB,REBAR,螺纹钢,螺纹钢现货,SHFE,上海期货交易所,REBAR,FUTURE_SPOT,FUTURE_SPOT_BASIS,COMMODITY_SPOT,FUTURE_TRADABLE_SPOT_REFERENCE,LONG_SPOT_SHORT_FUTURE_OR_REVERSE_NEED_CASH_MARKET,Y,期货与对应商品现货之间的映射，可用于期现基差、仓单和现货价格联动分析。
SPOT_MAP_FUT_SHFE_RU_SPOT_CN_NATURAL_RUBBER,FUT_SHFE_RU,SPOT_CN_NATURAL_RUBBER,RU,NATURAL_RUBBER,橡胶,NATURAL_RUBBER现货,SHFE,上海期货交易所,NATURAL_RUBBER,FUTURE_SPOT,FUTURE_SPOT_BASIS,COMMODITY_SPOT,FUTURE_TRADABLE_SPOT_REFERENCE,LONG_SPOT_SHORT_FUTURE_OR_REVERSE_NEED_CASH_MARKET,Y,期货与对应商品现货之间的映射，可用于期现基差、仓单和现货价格联动分析。
SPOT_MAP_FUT_SHFE_SN_SPOT_CN_TIN,FUT_SHFE_SN,SPOT_CN_TIN,SN,TIN,沪锡,锡现货,SHFE,上海期货交易所,TIN,FUTURE_SPOT,FUTURE_SPOT_BASIS,COMMODITY_SPOT,FUTURE_TRADABLE_SPOT_REFERENCE,LONG_SPOT_SHORT_FUTURE_OR_REVERSE_NEED_CASH_MARKET,Y,期货与对应商品现货之间的映射，可用于期现基差、仓单和现货价格联动分析。
SPOT_MAP_FUT_SHFE_SP_SPOT_CN_PULP,FUT_SHFE_SP,SPOT_CN_PULP,SP,PULP,纸浆,纸浆现货,SHFE,上海期货交易所,PULP,FUTURE_SPOT,FUTURE_SPOT_BASIS,COMMODITY_SPOT,FUTURE_TRADABLE_SPOT_REFERENCE,LONG_SPOT_SHORT_FUTURE_OR_REVERSE_NEED_CASH_MARKET,Y,期货与对应商品现货之间的映射，可用于期现基差、仓单和现货价格联动分析。
SPOT_MAP_FUT_SHFE_SS_SPOT_CN_STAINLESS_STEEL,FUT_SHFE_SS,SPOT_CN_STAINLESS_STEEL,SS,STAINLESS_STEEL,不锈钢,STAINLESS_STEEL现货,SHFE,上海期货交易所,STAINLESS_STEEL,FUTURE_SPOT,FUTURE_SPOT_BASIS,COMMODITY_SPOT,FUTURE_TRADABLE_SPOT_REFERENCE,LONG_SPOT_SHORT_FUTURE_OR_REVERSE_NEED_CASH_MARKET,Y,期货与对应商品现货之间的映射，可用于期现基差、仓单和现货价格联动分析。
SPOT_MAP_FUT_SHFE_WR_SPOT_CN_WIRE_ROD,FUT_SHFE_WR,SPOT_CN_WIRE_ROD,WR,WIRE_ROD,线材,WIRE_ROD现货,SHFE,上海期货交易所,WIRE_ROD,FUTURE_SPOT,FUTURE_SPOT_BASIS,COMMODITY_SPOT,FUTURE_TRADABLE_SPOT_REFERENCE,LONG_SPOT_SHORT_FUTURE_OR_REVERSE_NEED_CASH_MARKET,Y,期货与对应商品现货之间的映射，可用于期现基差、仓单和现货价格联动分析。
SPOT_MAP_FUT_SHFE_ZN_SPOT_CN_ZINC,FUT_SHFE_ZN,SPOT_CN_ZINC,ZN,ZINC,沪锌,锌现货,SHFE,上海期货交易所,ZINC,FUTURE_SPOT,FUTURE_SPOT_BASIS,COMMODITY_SPOT,FUTURE_TRADABLE_SPOT_REFERENCE,LONG_SPOT_SHORT_FUTURE_OR_REVERSE_NEED_CASH_MARKET,Y,期货与对应商品现货之间的映射，可用于期现基差、仓单和现货价格联动分析。
